{
    "name": "heavy",
    "uuid": "1c0c3312-f32e-4f29-be97-6bfc9cd5ea22",
    "model": "open_lm_1b",
    "creation_date": "2024_01_30-00_20_14",
    "eval_metrics": {
        "icl": {
            "mmlu_zeroshot": 0.22906113925733065,
            "hellaswag_zeroshot": 0.47719576954841614,
            "jeopardy": 0.07524560950696468,
            "triviaqa_sm_sub": 0.00033333332976326346,
            "gsm8k": 0.0,
            "agi_eval_sat_math": 0.004545454401522875,
            "aqua": 0.008163264952600002,
            "bigbench_qa_wikidata": 0.5620294213294983,
            "arc_easy": 0.5197811722755432,
            "arc_challenge": 0.2645051181316376,
            "bigbench_misconceptions": 0.4794520437717438,
            "copa": 0.6000000238418579,
            "siqa": 0.517911970615387,
            "commonsense_qa": 0.3054873049259186,
            "piqa": 0.7078346014022827,
            "openbook_qa": 0.33000001311302185,
            "bigbench_novel_concepts": 0.3125,
            "bigbench_strange_stories": 0.4655172526836395,
            "bigbench_strategy_qa": 0.5111402273178101,
            "lambada_openai": 0.48845332860946655,
            "hellaswag": 0.48556065559387207,
            "winograd": 0.6666666865348816,
            "winogrande": 0.5319652557373047,
            "bigbench_conlang_translation": 0.018292682245373726,
            "bigbench_language_identification": 0.2475000023841858,
            "bigbench_conceptual_combinations": 0.3106796145439148,
            "bigbench_elementary_math_qa": 0.24308176338672638,
            "bigbench_dyck_languages": 0.15800000727176666,
            "agi_eval_lsat_ar": 0.20000000298023224,
            "bigbench_cs_algorithms": 0.44090908765792847,
            "bigbench_logical_deduction": 0.24133333563804626,
            "bigbench_operators": 0.11428571492433548,
            "bigbench_repeat_copy_logic": 0.03125,
            "simple_arithmetic_nospaces": 0.003000000026077032,
            "simple_arithmetic_withspaces": 0.0020000000949949026,
            "math_qa": 0.24740193784236908,
            "logi_qa": 0.20122887194156647,
            "pubmed_qa_labeled": 0.550000011920929,
            "squad": 0.2518448531627655,
            "agi_eval_lsat_rc": 0.23880596458911896,
            "agi_eval_lsat_lr": 0.2568627595901489,
            "coqa": 0.20606288313865662,
            "bigbench_understanding_fables": 0.28042328357696533,
            "boolq": 0.542201817035675,
            "agi_eval_sat_en": 0.22815534472465515,
            "winogender_mc_female": 0.6000000238418579,
            "winogender_mc_male": 0.4333333373069763,
            "enterprise_pii_classification": 0.4954344630241394,
            "bbq": 0.47188473560593347,
            "mmlu_fewshot": 0.2418214218658313,
            "gsm8k_cot": 0.012888551689684391,
            "agi_eval_sat_math_cot": 0.013636363670229912,
            "aqua_cot": 0.01224489789456129,
            "svamp_cot": 0.06333333253860474,
            "gpqa_main": 0.2299107164144516,
            "gpqa_diamond": 0.20202019810676575
        }
    },
    "model_name": "alexf_model_rw_v2_wo_dedup_open_lm_1b_ccx1_gbs256_n4",
    "model_uuid": "d1796a39-e038-46c9-875d-4ffed9ceb018",
    "aggregated_task_categories_centered": {
        "commonsense reasoning": 0.15317054588146609,
        "language understanding": 0.22176147929066947,
        "reading comprehension": 0.12427056130642693,
        "safety": 0.00032627988945355124,
        "symbolic problem solving": 0.06147414872265467,
        "world knowledge": 0.08459788064451272
    },
    "aggregated_centered_results": 0.10873616695606152,
    "aggregated_results": 0.30793337562569445,
    "rw_small": 0.48927485942840576,
    "95%_CI_above": 0.3861481161098685,
    "99%_CI_above": 0.39150929572465626,
    "low_variance_datasets": 0.37303542405028234,
    "_filename": "exp_data/evals/alexf_eval_alexf_model_rw_v2_wo_dedup_open_lm_1b_ccx1_gbs256_n4.json",
    "missing tasks": "[]",
    "rw_small_centered": 0.12352909644444783,
    "95%_CI_above_centered": 0.17875384803947428,
    "99%_CI_above_centered": 0.2135536387508762,
    "low_variance_datasets_centered": 0.20650145330206746,
    "Core": 0.20650145330206746,
    "Extended": 0.10873616695606152
}