{
    "name": "/mnt/task_runtime/dcnlp/eval/heavy",
    "uuid": "79912d76-9589-4450-874b-9f46e6ae7f11",
    "model": "open_lm_1b",
    "creation_date": "2024_02_06-09_31_07",
    "eval_metrics": {
        "perplexity": 2.6396908084551494,
        "downstream_perpexity": {
            "mmlu": 1.643608083906311,
            "hellaswag": 2.334538196240068,
            "jeopardy_all": 1.4116087883330766,
            "triviaqa_sm_sub": 2.1435308495163916,
            "gsm8k": 1.9403926612211955,
            "agi_eval_sat_math": 1.6347421673211184,
            "aqua": 2.3763059815581964,
            "svamp": 2.8058760396639504,
            "bigbench_qa_wikidata": 3.095345297336555,
            "arc_easy": 2.3238984869686443,
            "arc_challenge": 2.466469766540332,
            "bigbench_misconceptions": 4.4225555162995915,
            "copa": 2.466005265712738,
            "siqa": 1.5900110152141098,
            "commonsense_qa": 1.7561088888299552,
            "piqa": 2.664553626188127,
            "openbook_qa": 4.099153552055359,
            "bigbench_novel_concepts": 2.5252130329608917,
            "bigbench_strange_stories": 3.2425817634867524,
            "bigbench_strategy_qa": 1.8878986606331254,
            "lambada_openai": 1.3510208166058542,
            "winograd_wsc": 2.465141239183726,
            "winogrande": 3.081272357829274,
            "bigbench_conlang_translation": 1.9841512165418485,
            "bigbench_language_identification": 4.606117485689864,
            "bigbench_conceptual_combinations": 0.9734055104764919,
            "bigbench_elementary_math_qa": 3.853342236984576,
            "bigbench_dyck_languages": 4.754801403999329,
            "agi_eval_lsat_ar": 1.8542316198348998,
            "bigbench_cs_algorithms": 4.369585211891117,
            "bigbench_logical_deduction": 1.0681877895593643,
            "bigbench_operators": 5.128910979770478,
            "bigbench_repeat_copy_logic": 1.4791607670485973,
            "simple_arithmetic_nospaces": 6.899262357234955,
            "simple_arithmetic_withspaces": 6.734444942951202,
            "math_qa": 4.243809059327216,
            "logi_qa": 1.8863997018099197,
            "pubmed_qa_labeled": 4.162742107391358,
            "squad": 1.8589944898687452,
            "agi_eval_lsat_rc": 1.7631457025435433,
            "agi_eval_lsat_lr": 1.7837212373228635,
            "coqa": 2.6166043175456966,
            "bigbench_understanding_fables": 3.112666794862697,
            "boolq": 3.0441477169684314,
            "agi_eval_sat_en": 1.6608526064354239,
            "winogender_mc_female": 0.907703165213267,
            "winogender_mc_male": 0.8495212256908417,
            "enterprise_pii_classification": 5.297108568042648,
            "bbq": 0.33724209630739216,
            "human_eval_return_complex": 2.84492750055208,
            "human_eval_return_simple": 6.056145642254804,
            "human_eval-0.5": 2.784670603711431,
            "human_eval-0.25": 2.85944662879153,
            "human_eval-0.75": 2.883569103188631,
            "human_eval": 3.0003158566428394,
            "processed_human_eval_cpp": 2.811633734969619,
            "processed_human_eval_js": 2.6212855911836392
        },
        "icl": {
            "mmlu_zeroshot": 0.2515398088777274,
            "hellaswag_zeroshot": 0.5713005661964417,
            "jeopardy": 0.3215670228004456,
            "triviaqa_sm_sub": 0.00033333332976326346,
            "gsm8k": 0.0,
            "agi_eval_sat_math": 0.004545454401522875,
            "aqua": 0.0,
            "bigbench_qa_wikidata": 0.6218690276145935,
            "arc_easy": 0.6430976390838623,
            "arc_challenge": 0.3464163839817047,
            "bigbench_misconceptions": 0.5114155411720276,
            "copa": 0.7200000286102295,
            "siqa": 0.48004093766212463,
            "commonsense_qa": 0.1973792016506195,
            "piqa": 0.7410228252410889,
            "openbook_qa": 0.3880000114440918,
            "bigbench_novel_concepts": 0.40625,
            "bigbench_strange_stories": 0.5804597735404968,
            "bigbench_strategy_qa": 0.5412843823432922,
            "lambada_openai": 0.5821851491928101,
            "hellaswag": 0.5752838253974915,
            "winograd": 0.7802197933197021,
            "winogrande": 0.5816890001296997,
            "bigbench_conlang_translation": 0.024390242993831635,
            "bigbench_language_identification": 0.25290000438690186,
            "bigbench_conceptual_combinations": 0.2330097109079361,
            "bigbench_elementary_math_qa": 0.2315775752067566,
            "bigbench_dyck_languages": 0.2029999941587448,
            "agi_eval_lsat_ar": 0.260869562625885,
            "bigbench_cs_algorithms": 0.43030303716659546,
            "bigbench_logical_deduction": 0.2680000066757202,
            "bigbench_operators": 0.19523809850215912,
            "bigbench_repeat_copy_logic": 0.0,
            "simple_arithmetic_nospaces": 0.0,
            "simple_arithmetic_withspaces": 0.004999999888241291,
            "math_qa": 0.25142472982406616,
            "logi_qa": 0.28110599517822266,
            "pubmed_qa_labeled": 0.49000000953674316,
            "squad": 0.3790917694568634,
            "agi_eval_lsat_rc": 0.2537313401699066,
            "agi_eval_lsat_lr": 0.25882354378700256,
            "coqa": 0.3109106719493866,
            "bigbench_understanding_fables": 0.24338623881340027,
            "boolq": 0.6272171139717102,
            "agi_eval_sat_en": 0.25242719054222107,
            "winogender_mc_female": 0.5166666507720947,
            "winogender_mc_male": 0.5,
            "enterprise_pii_classification": 0.49867451190948486,
            "bbq": 0.44678180326115,
            "mmlu_fewshot": 0.23580965242887802,
            "gsm8k_cot": 0.015921153128147125,
            "agi_eval_sat_math_cot": 0.013636363670229912,
            "aqua_cot": 0.01224489789456129,
            "svamp_cot": 0.05666666850447655,
            "gpqa_main": 0.2254464328289032,
            "gpqa_diamond": 0.23232322931289673
        }
    },
    "aggregated_task_categories_centered": {
        "commonsense reasoning": 0.22806521471187674,
        "language understanding": 0.29349494975355295,
        "reading comprehension": 0.17464468920636073,
        "safety": -0.018938517028635193,
        "symbolic problem solving": 0.0808042498569102,
        "world knowledge": 0.15461113281074873
    },
    "aggregated_centered_results": 0.15569924221171555,
    "aggregated_results": 0.3405270273781383,
    "rw_small": 0.581620121995608,
    "95%_CI_above": 0.44192025484396263,
    "99%_CI_above": 0.45501457582349364,
    "model_uuid": "374a3ab3-2fd7-46fa-b895-9642b9bab5d0",
    "low_variance_datasets": 0.442252760312774,
    "_filename": "exp_data/evals/evaluation_rw_v2_fasttext_open_orca_vs_rw_0.1-open_lm_1b-warm=5000-lr=0p003-wd=0p033-cd=3e-05-bs=256-mult=1-seed=124_heavy.json",
    "missing tasks": "[]",
    "rw_small_centered": 0.28390943028076354,
    "95%_CI_above_centered": 0.2569458287588921,
    "99%_CI_above_centered": 0.3029555809045456,
    "low_variance_datasets_centered": 0.3026698701389086,
    "Core": 0.3026698701389086,
    "Extended": 0.15569924221171555
}