{
    "name": "/mnt/task_runtime/dcnlp/eval/heavy",
    "uuid": "62567aa8-5630-4e50-8bc0-97273519b443",
    "model": "open_lm_1b",
    "creation_date": "2024_01_16-03_00_48",
    "eval_metrics": {
        "icl": {
            "mmlu_zeroshot": 0.23810480587315141,
            "hellaswag_zeroshot": 0.6150169372558594,
            "jeopardy": 0.0193699155934155,
            "triviaqa_sm_sub": 0.00033333332976326346,
            "gsm8k": 0.0,
            "agi_eval_sat_math": 0.004545454401522875,
            "aqua": 0.0,
            "bigbench_qa_wikidata": 0.6056788563728333,
            "arc_easy": 0.5909090638160706,
            "arc_challenge": 0.2918088734149933,
            "bigbench_misconceptions": 0.5068492889404297,
            "copa": 0.7099999785423279,
            "siqa": 0.4938587546348572,
            "commonsense_qa": 0.20311219990253448,
            "piqa": 0.7573449611663818,
            "openbook_qa": 0.3540000021457672,
            "bigbench_novel_concepts": 0.5,
            "bigbench_strange_stories": 0.540229856967926,
            "bigbench_strategy_qa": 0.5233726501464844,
            "lambada_openai": 0.5381331443786621,
            "hellaswag": 0.6240788698196411,
            "winograd": 0.7692307829856873,
            "winogrande": 0.5722178220748901,
            "bigbench_conlang_translation": 0.012195121496915817,
            "bigbench_language_identification": 0.25380000472068787,
            "bigbench_conceptual_combinations": 0.223300963640213,
            "bigbench_elementary_math_qa": 0.24845388531684875,
            "bigbench_dyck_languages": 0.14499999582767487,
            "agi_eval_lsat_ar": 0.2130434811115265,
            "bigbench_cs_algorithms": 0.41439393162727356,
            "bigbench_logical_deduction": 0.273333340883255,
            "bigbench_operators": 0.1666666716337204,
            "bigbench_repeat_copy_logic": 0.03125,
            "simple_arithmetic_nospaces": 0.0,
            "simple_arithmetic_withspaces": 0.004999999888241291,
            "math_qa": 0.243043914437294,
            "logi_qa": 0.27496159076690674,
            "pubmed_qa_labeled": 0.45500001311302185,
            "squad": 0.191390722990036,
            "agi_eval_lsat_rc": 0.28358209133148193,
            "agi_eval_lsat_lr": 0.2980392277240753,
            "coqa": 0.2605536878108978,
            "bigbench_understanding_fables": 0.29629629850387573,
            "boolq": 0.5373088717460632,
            "agi_eval_sat_en": 0.24757280945777893,
            "winogender_mc_female": 0.44999998807907104,
            "winogender_mc_male": 0.5166666507720947,
            "enterprise_pii_classification": 0.4671575725078583,
            "bbq": 0.4717951146039096,
            "mmlu_fewshot": 0.24434909172225416,
            "gsm8k_cot": 0.009097801521420479,
            "agi_eval_sat_math_cot": 0.00909090880304575,
            "aqua_cot": 0.004081632476300001,
            "svamp_cot": 0.06666667014360428,
            "gpqa_main": 0.2276785671710968,
            "gpqa_diamond": 0.20202019810676575
        }
    },
    "model_uuid": "03eb8828-2323-4785-bb3e-c7af064f6f54",
    "aggregated_task_categories_centered": {
        "commonsense reasoning": 0.22757742015378685,
        "language understanding": 0.29527321899190906,
        "reading comprehension": 0.12918711994496876,
        "safety": -0.047190337018533174,
        "symbolic problem solving": 0.072025839252542,
        "world knowledge": 0.10322414833159807
    },
    "aggregated_centered_results": 0.13472018484443954,
    "aggregated_results": 0.3244611493829601,
    "rw_small": 0.5528769244750341,
    "95%_CI_above": 0.41164630982123745,
    "99%_CI_above": 0.4144637546016146,
    "low_variance_datasets": 0.40292312613349746,
    "_filename": "exp_data/evals/evaluation_c4_original-open_lm_1b-5.0_heavy.json",
    "missing tasks": "[]",
    "rw_small_centered": 0.22396786693941084,
    "95%_CI_above_centered": 0.21974562091287173,
    "99%_CI_above_centered": 0.25288451615327434,
    "low_variance_datasets_centered": 0.2548239376536739,
    "Core": 0.2548239376536739,
    "Extended": 0.13472018484443954
}