{
    "name": "/mnt/task_runtime/dcnlp/eval/heavy",
    "uuid": "6f4c1c91-de68-454c-aac3-ab197d29a23d",
    "model": "open_lm_7b_swiglutorch",
    "creation_date": "2024_06_01-17_24_57",
    "eval_metrics": {
        "icl": {
            "mmlu_zeroshot": 0.24696108071427597,
            "hellaswag_zeroshot": 0.7129058241844177,
            "jeopardy": 0.20769487768411637,
            "triviaqa_sm_sub": 0.3190000057220459,
            "gsm8k_cot": 0.0015163002535700798,
            "agi_eval_sat_math_cot": 0.00909090880304575,
            "aqua_cot": 0.016326529905200005,
            "bigbench_qa_wikidata": 0.6798877716064453,
            "arc_easy": 0.6683501601219177,
            "arc_challenge": 0.3788395822048187,
            "mmlu_fewshot": 0.25604057756432314,
            "bigbench_misconceptions": 0.5251141786575317,
            "copa": 0.7799999713897705,
            "siqa": 0.515864908695221,
            "commonsense_qa": 0.2538902461528778,
            "piqa": 0.7867246866226196,
            "openbook_qa": 0.4099999964237213,
            "bigbench_novel_concepts": 0.53125,
            "bigbench_strange_stories": 0.540229856967926,
            "bigbench_strategy_qa": 0.5072084069252014,
            "lambada_openai": 0.6128469109535217,
            "hellaswag": 0.723760187625885,
            "winograd": 0.831501841545105,
            "winogrande": 0.6369376182556152,
            "bigbench_conlang_translation": 0.030487805604934692,
            "bigbench_language_identification": 0.25440001487731934,
            "bigbench_conceptual_combinations": 0.24271844327449799,
            "bigbench_elementary_math_qa": 0.23936058580875397,
            "bigbench_dyck_languages": 0.08500000089406967,
            "agi_eval_lsat_ar": 0.2347826063632965,
            "bigbench_cs_algorithms": 0.38712120056152344,
            "bigbench_logical_deduction": 0.2460000067949295,
            "bigbench_operators": 0.20952381193637848,
            "bigbench_repeat_copy_logic": 0.125,
            "simple_arithmetic_nospaces": 0.00800000037997961,
            "simple_arithmetic_withspaces": 0.00800000037997961,
            "math_qa": 0.25544753670692444,
            "logi_qa": 0.2718893885612488,
            "pubmed_qa_labeled": 0.49799999594688416,
            "squad": 0.3176915943622589,
            "agi_eval_lsat_rc": 0.22014924883842468,
            "agi_eval_lsat_lr": 0.22156862914562225,
            "coqa": 0.2774645984172821,
            "bigbench_understanding_fables": 0.25925925374031067,
            "boolq": 0.6480122208595276,
            "agi_eval_sat_en": 0.26213592290878296,
            "winogender_mc_female": 0.5333333611488342,
            "winogender_mc_male": 0.5,
            "enterprise_pii_classification": 0.5010309219360352,
            "bbq": 0.4684032201766968,
            "gpqa_main": 0.2299107164144516,
            "gpqa_diamond": 0.2222222238779068,
            "svamp_cot": 0.05000000074505806
        }
    },
    "aggregated_task_categories_centered": {
        "commonsense reasoning": 0.2746555953710593,
        "language understanding": 0.3748938627213207,
        "reading comprehension": 0.16365940057623543,
        "safety": 0.001383751630783081,
        "symbolic problem solving": 0.07477702513064968,
        "world knowledge": 0.19265768001912628
    },
    "aggregated_centered_results": 0.1803667557174163,
    "aggregated_results": 0.357714259238511,
    "rw_small": 0.6375075628360113,
    "rw_small_centered": 0.3757309397758796,
    "95%_CI_above": 0.463872717320919,
    "95%_CI_above_centered": 0.29311254146482113,
    "99%_CI_above": 0.47682463591513424,
    "99%_CI_above_centered": 0.3412602585044914,
    "low_variance_datasets": 0.4646516237746585,
    "low_variance_datasets_centered": 0.342212822634028,
    "model_uuid": "4950f179-c534-436a-a6e0-7d27dab92f48",
    "_filename": "exp_data/evals/evaluation_c4_original-open_lm_7b_swiglutorch-warm=5000-lr=0p0003-wd=0p33-cd=3e-05-bs=2048-mult=1-seed=124-tokens=137788211200_heavy.json",
    "missing tasks": "[]"
}