{
    "name": "/mnt/task_runtime/dcnlp/eval/heavy",
    "uuid": "0895f637-3872-42a1-a3fb-53c5b91846a8",
    "model": "open_lm_1b",
    "creation_date": "2024_03_09-09_53_36",
    "eval_metrics": {
        "perplexity": 2.4013306379318236,
        "downstream_perpexity": {
            "mmlu": 1.6411176532647018,
            "hellaswag": 2.331535027692385,
            "jeopardy_all": 1.546700387165464,
            "triviaqa_sm_sub": 2.3403890675505004,
            "gsm8k": 1.8258624554041933,
            "agi_eval_sat_math": 1.532749967141585,
            "aqua": 2.2758452731735854,
            "svamp": 2.840406241416931,
            "bigbench_qa_wikidata": 3.439544311969934,
            "arc_easy": 2.217560859541299,
            "arc_challenge": 2.3846740342752923,
            "bigbench_misconceptions": 5.090709509914869,
            "copa": 2.429247192144394,
            "siqa": 1.3815433633120058,
            "commonsense_qa": 1.7032144451414728,
            "piqa": 2.5169733502011304,
            "openbook_qa": 4.06057126712799,
            "bigbench_novel_concepts": 2.5109645649790764,
            "bigbench_strange_stories": 2.7792363982091004,
            "bigbench_strategy_qa": 1.7345860685100196,
            "lambada_openai": 1.284218056316748,
            "winograd_wsc": 2.471175857734331,
            "winogrande": 3.0355945775710227,
            "bigbench_conlang_translation": 1.9456962143502585,
            "bigbench_language_identification": 1.5619277295815417,
            "bigbench_conceptual_combinations": 1.2010154400057005,
            "bigbench_elementary_math_qa": 3.6401953094472925,
            "bigbench_dyck_languages": 3.79024164891243,
            "agi_eval_lsat_ar": 1.6483839460041212,
            "bigbench_cs_algorithms": 4.576167286164833,
            "bigbench_logical_deduction": 1.1280351485411326,
            "bigbench_operators": 4.867075421696618,
            "bigbench_repeat_copy_logic": 1.295959621667862,
            "simple_arithmetic_nospaces": 6.731540612697601,
            "simple_arithmetic_withspaces": 5.690618482589722,
            "math_qa": 1.7294886128997546,
            "logi_qa": 1.7208209718976701,
            "pubmed_qa_labeled": 2.7785570282936094,
            "squad": 1.7677013128460186,
            "agi_eval_lsat_rc": 1.6257634612161722,
            "agi_eval_lsat_lr": 1.6203985352142185,
            "coqa": 1.4773346862293613,
            "bigbench_understanding_fables": 1.5021074184034235,
            "boolq": 3.3644558613453435,
            "agi_eval_sat_en": 1.6375571622431857,
            "winogender_mc_female": 1.0493632872899374,
            "winogender_mc_male": 0.7858155538638433,
            "enterprise_pii_classification": 5.16751799450005,
            "bbq": 0.29154823875550345,
            "human_eval_return_complex": 1.2513164535282164,
            "human_eval_return_simple": 2.7848015604792415,
            "human_eval-0.5": 1.1602752935595628,
            "human_eval-0.25": 1.1901313538958387,
            "human_eval-0.75": 1.1992172609742096,
            "human_eval": 1.2700947359567736,
            "processed_human_eval_cpp": 1.3345877035804417,
            "processed_human_eval_js": 1.2720724969375423
        },
        "icl": {
            "mmlu_zeroshot": 0.25436095893383026,
            "hellaswag_zeroshot": 0.5782712697982788,
            "jeopardy": 0.2770636409521103,
            "triviaqa_sm_sub": 0.00033333332976326346,
            "gsm8k": 0.0022744503803551197,
            "agi_eval_sat_math": 0.004545454401522875,
            "aqua": 0.0,
            "bigbench_qa_wikidata": 0.5793514251708984,
            "arc_easy": 0.6401515007019043,
            "arc_challenge": 0.3464163839817047,
            "bigbench_misconceptions": 0.4931506812572479,
            "copa": 0.75,
            "siqa": 0.5092118978500366,
            "commonsense_qa": 0.2276822328567505,
            "piqa": 0.7464635372161865,
            "openbook_qa": 0.38199999928474426,
            "bigbench_novel_concepts": 0.5,
            "bigbench_strange_stories": 0.6149425506591797,
            "bigbench_strategy_qa": 0.5412843823432922,
            "lambada_openai": 0.6006209850311279,
            "hellaswag": 0.5814578533172607,
            "winograd": 0.7655677795410156,
            "winogrande": 0.602999210357666,
            "bigbench_conlang_translation": 0.024390242993831635,
            "bigbench_language_identification": 0.2549000084400177,
            "bigbench_conceptual_combinations": 0.21359223127365112,
            "bigbench_elementary_math_qa": 0.24460168182849884,
            "bigbench_dyck_languages": 0.16200000047683716,
            "agi_eval_lsat_ar": 0.25652173161506653,
            "bigbench_cs_algorithms": 0.4227272868156433,
            "bigbench_logical_deduction": 0.2253333330154419,
            "bigbench_operators": 0.22380952537059784,
            "bigbench_repeat_copy_logic": 0.03125,
            "simple_arithmetic_nospaces": 0.004000000189989805,
            "simple_arithmetic_withspaces": 0.004000000189989805,
            "math_qa": 0.25142472982406616,
            "logi_qa": 0.2764976918697357,
            "pubmed_qa_labeled": 0.5379999876022339,
            "squad": 0.37625354528427124,
            "agi_eval_lsat_rc": 0.2276119440793991,
            "agi_eval_lsat_lr": 0.23529411852359772,
            "coqa": 0.29913565516471863,
            "bigbench_understanding_fables": 0.18518517911434174,
            "boolq": 0.6021406650543213,
            "agi_eval_sat_en": 0.276699036359787,
            "winogender_mc_female": 0.4000000059604645,
            "winogender_mc_male": 0.5333333611488342,
            "enterprise_pii_classification": 0.49985271692276,
            "bbq": 0.4778595431284471,
            "mmlu_fewshot": 0.23809540193331868,
            "gsm8k_cot": 0.012130402028560638,
            "agi_eval_sat_math_cot": 0.013636363670229912,
            "aqua_cot": 0.004081632476300001,
            "svamp_cot": 0.05666666850447655,
            "gpqa_main": 0.2120535671710968,
            "gpqa_diamond": 0.23232322931289673
        }
    },
    "aggregated_task_categories_centered": {
        "commonsense reasoning": 0.26939618555658584,
        "language understanding": 0.29669354838699236,
        "reading comprehension": 0.1577629631859038,
        "safety": -0.0444771864197471,
        "symbolic problem solving": 0.0777036448562152,
        "world knowledge": 0.140758448468027
    },
    "aggregated_centered_results": 0.15445381111095027,
    "aggregated_results": 0.33974964358351734,
    "rw_small": 0.5866631716489792,
    "rw_small_centered": 0.2909087294723556,
    "95%_CI_above": 0.4463918136118295,
    "95%_CI_above_centered": 0.26343844150702556,
    "99%_CI_above": 0.45607551880504776,
    "99%_CI_above_centered": 0.30446222848354815,
    "low_variance_datasets": 0.44121746529232375,
    "low_variance_datasets_centered": 0.30205608517099464,
    "model_uuid": "858185bd-34f2-480f-90d4-81d13a0a9fdc",
    "_filename": "exp_data/evals/evaluation_rw_v2_cc_v3_f0.15_resiliparse_fasttext_openhermes_reddit_eli5_vs_rw_v2_bigram_200k_train_0.1-open_lm_1b-warm=5000-lr=0p003-wd=0p033-cd=3e-05-bs=256-mult=1-seed=124-tokens=28795904000_heavy.json",
    "missing tasks": "[]",
    "Core": 0.30205608517099464,
    "Extended": 0.15445381111095027
}