{
    "name": "/opt/ml/code/eval/heavy",
    "uuid": "5cc1dc91-1e5d-4b9a-a7eb-06a4a753a288",
    "model": "open_lm_1b",
    "creation_date": "2024_01_13-12_14_59",
    "eval_metrics": {
        "icl": {
            "mmlu_zeroshot": 0.23701833789808707,
            "hellaswag_zeroshot": 0.555267870426178,
            "jeopardy": 0.10023091435432434,
            "triviaqa_sm_sub": 0.00033333332976326346,
            "gsm8k": 0.006823351141065359,
            "agi_eval_sat_math": 0.004545454401522875,
            "aqua": 0.004081632476300001,
            "bigbench_qa_wikidata": 0.5942621231079102,
            "arc_easy": 0.569865345954895,
            "arc_challenge": 0.2986348271369934,
            "bigbench_misconceptions": 0.4611872136592865,
            "copa": 0.6700000166893005,
            "siqa": 0.48771750926971436,
            "commonsense_qa": 0.33742833137512207,
            "piqa": 0.7399346828460693,
            "openbook_qa": 0.35600000619888306,
            "bigbench_novel_concepts": 0.375,
            "bigbench_strange_stories": 0.517241358757019,
            "bigbench_strategy_qa": 0.527304470539093,
            "lambada_openai": 0.5398796796798706,
            "hellaswag": 0.5622385740280151,
            "winograd": 0.7032967209815979,
            "winogrande": 0.565114438533783,
            "bigbench_conlang_translation": 0.018292682245373726,
            "bigbench_language_identification": 0.25270000100135803,
            "bigbench_conceptual_combinations": 0.26213592290878296,
            "bigbench_elementary_math_qa": 0.24040880799293518,
            "bigbench_dyck_languages": 0.25699999928474426,
            "agi_eval_lsat_ar": 0.20434781908988953,
            "bigbench_cs_algorithms": 0.5143939256668091,
            "bigbench_logical_deduction": 0.24199999868869781,
            "bigbench_operators": 0.17619048058986664,
            "bigbench_repeat_copy_logic": 0.03125,
            "simple_arithmetic_nospaces": 0.0,
            "simple_arithmetic_withspaces": 0.0020000000949949026,
            "math_qa": 0.24472008645534515,
            "logi_qa": 0.2519201338291168,
            "pubmed_qa_labeled": 0.39800000190734863,
            "squad": 0.2745506167411804,
            "agi_eval_lsat_rc": 0.26865673065185547,
            "agi_eval_lsat_lr": 0.2705882489681244,
            "coqa": 0.24815233051776886,
            "bigbench_understanding_fables": 0.28042328357696533,
            "boolq": 0.5440366864204407,
            "agi_eval_sat_en": 0.29611650109291077,
            "winogender_mc_female": 0.46666666865348816,
            "winogender_mc_male": 0.5166666507720947,
            "enterprise_pii_classification": 0.5331369638442993,
            "bbq": 0.4826584133234891,
            "mmlu_fewshot": 0.2565282225085978,
            "gsm8k_cot": 0.004548900760710239,
            "agi_eval_sat_math_cot": 0.013636363670229912,
            "aqua_cot": 0.01224489789456129,
            "svamp_cot": 0.05666666850447655,
            "gpqa_main": 0.2165178507566452,
            "gpqa_diamond": 0.2070707082748413
        }
    },
    "model_uuid": "8f3d89c3-1ce2-4bf0-976c-51613e91ba62",
    "aggregated_task_categories_centered": {
        "commonsense reasoning": 0.20909876215538342,
        "language understanding": 0.264050703415057,
        "reading comprehension": 0.13210918618725578,
        "safety": -0.0004356517033143603,
        "symbolic problem solving": 0.08050067911932422,
        "world knowledge": 0.09980478548173173
    },
    "aggregated_centered_results": 0.1329412197897263,
    "aggregated_results": 0.3253241947444122,
    "rw_small": 0.5338198641935984,
    "95%_CI_above": 0.4168654034277061,
    "99%_CI_above": 0.42492227632066476,
    "low_variance_datasets": 0.41339888139204545,
    "_filename": "exp_data/evals/evaluation_rpj_c4_as_CC-open_lm_1b-warm=5000-lr=0p003-wd=0p033-cd=3e-05-bs=256-mult=1_heavy.json",
    "missing tasks": "[]",
    "rw_small_centered": 0.1947804741692125,
    "95%_CI_above_centered": 0.22215326210367572,
    "99%_CI_above_centered": 0.2604435339388186,
    "low_variance_datasets_centered": 0.2592643245853346,
    "Core": 0.2592643245853346,
    "Extended": 0.1329412197897263
}