{
    "name": "/mnt/task_runtime/dcnlp/eval/heavy",
    "uuid": "2598f4e5-c049-4f23-9c7a-dfaeca973c2e",
    "model": "open_lm_1b_swiglutorch",
    "creation_date": "2024_06_02-09_46_06",
    "eval_metrics": {
        "icl": {
            "mmlu_zeroshot": 0.24719226987738357,
            "hellaswag_zeroshot": 0.47042420506477356,
            "jeopardy": 0.14735781028866768,
            "triviaqa_sm_sub": 0.1720000058412552,
            "gsm8k_cot": 0.005307050887495279,
            "agi_eval_sat_math_cot": 0.00909090880304575,
            "aqua_cot": 0.008163264952600002,
            "bigbench_qa_wikidata": 0.5847153067588806,
            "arc_easy": 0.5618686676025391,
            "arc_challenge": 0.28924915194511414,
            "mmlu_fewshot": 0.24982327667244694,
            "bigbench_misconceptions": 0.5068492889404297,
            "copa": 0.699999988079071,
            "siqa": 0.4943705201148987,
            "commonsense_qa": 0.2186732143163681,
            "piqa": 0.6719260215759277,
            "openbook_qa": 0.33799999952316284,
            "bigbench_novel_concepts": 0.34375,
            "bigbench_strange_stories": 0.49425286054611206,
            "bigbench_strategy_qa": 0.5098296403884888,
            "lambada_openai": 0.5629730224609375,
            "hellaswag": 0.4761999547481537,
            "winograd": 0.7362637519836426,
            "winogrande": 0.5722178220748901,
            "bigbench_conlang_translation": 0.018292682245373726,
            "bigbench_language_identification": 0.2493000030517578,
            "bigbench_conceptual_combinations": 0.3203883469104767,
            "bigbench_elementary_math_qa": 0.24200734496116638,
            "bigbench_dyck_languages": 0.19300000369548798,
            "agi_eval_lsat_ar": 0.25217390060424805,
            "bigbench_cs_algorithms": 0.4545454680919647,
            "bigbench_logical_deduction": 0.24266666173934937,
            "bigbench_operators": 0.14761905372142792,
            "bigbench_repeat_copy_logic": 0.03125,
            "simple_arithmetic_nospaces": 0.0010000000474974513,
            "simple_arithmetic_withspaces": 0.0010000000474974513,
            "math_qa": 0.25779417157173157,
            "logi_qa": 0.25806450843811035,
            "pubmed_qa_labeled": 0.550000011920929,
            "squad": 0.3220435082912445,
            "agi_eval_lsat_rc": 0.26119402050971985,
            "agi_eval_lsat_lr": 0.2803921699523926,
            "coqa": 0.25792309641838074,
            "bigbench_understanding_fables": 0.24867725372314453,
            "boolq": 0.5024464726448059,
            "agi_eval_sat_en": 0.23786407709121704,
            "winogender_mc_female": 0.4333333373069763,
            "winogender_mc_male": 0.5,
            "enterprise_pii_classification": 0.49189984798431396,
            "bbq": 0.46186702901666815,
            "gpqa_main": 0.2254464328289032,
            "gpqa_diamond": 0.21212121844291687,
            "svamp_cot": 0.07333333045244217
        }
    },
    "aggregated_task_categories_centered": {
        "commonsense reasoning": 0.16428927306727187,
        "language understanding": 0.2577157849858323,
        "reading comprehension": 0.13028291294253186,
        "safety": -0.05644989284602078,
        "symbolic problem solving": 0.07675077939027554,
        "world knowledge": 0.12987063905954013
    },
    "aggregated_centered_results": 0.1253296656232177,
    "aggregated_results": 0.3226064519840836,
    "rw_small": 0.5160343845685323,
    "rw_small_centered": 0.16619004422461078,
    "95%_CI_above": 0.4080953501624527,
    "95%_CI_above_centered": 0.2056007477028292,
    "99%_CI_above": 0.41446827303456224,
    "99%_CI_above_centered": 0.24157560678677736,
    "low_variance_datasets": 0.39728047377006576,
    "low_variance_datasets_centered": 0.2362084848320485,
    "model_uuid": "75f17f05-7fbf-455f-9d22-1b710d7457a5",
    "_filename": "exp_data/evals/evaluation_rw_v2_cc_v3_f0.15_resiliparase_fasttext_openwebtext2_vs_rw_v2_bigram_200k_train_0.1-open_lm_1b_swiglutorch-warm=5000-lr=0p003-wd=0p033-cd=3e-05-bs=256-mult=1-seed=124-tokens=28795904000_heavy.json",
    "missing tasks": "[]",
    "Core": 0.2362084848320485,
    "Extended": 0.1253296656232177
}