{
    "name": "llama-1-7b-heavy",
    "uuid": "e6beaf46-2057-4617-ae85-2c8c8dae75f4",
    "model": "huggyllama/llama-7b",
    "creation_date": "2024_01_25-1_30_23",
    "eval_metrics": {
        "icl": {
            "mmlu_zeroshot": 0.29730640221060367,
            "hellaswag_zeroshot": 0.7513443827629089,
            "jeopardy": 0.5018489062786102,
            "triviaqa_sm_sub": 0.5743333101272583,
            "gsm8k": 0.03790750727057457,
            "agi_eval_sat_math": 0.0181818176060915,
            "aqua": 0.01224489789456129,
            "bigbench_qa_wikidata": 0.7048865556716919,
            "arc_easy": 0.744107723236084,
            "arc_challenge": 0.46587032079696655,
            "bigbench_misconceptions": 0.5479452013969421,
            "copa": 0.7799999713897705,
            "siqa": 0.5977482199668884,
            "commonsense_qa": 0.45208844542503357,
            "piqa": 0.799782395362854,
            "openbook_qa": 0.4180000126361847,
            "bigbench_novel_concepts": 0.53125,
            "bigbench_strange_stories": 0.7241379022598267,
            "bigbench_strategy_qa": 0.5915246605873108,
            "lambada_openai": 0.7370463609695435,
            "hellaswag": 0.7653853893280029,
            "winograd": 0.8827838897705078,
            "winogrande": 0.7016574740409851,
            "bigbench_conlang_translation": 0.04878048598766327,
            "bigbench_language_identification": 0.26429998874664307,
            "bigbench_conceptual_combinations": 0.48543688654899597,
            "bigbench_elementary_math_qa": 0.2618710696697235,
            "bigbench_dyck_languages": 0.20999999344348907,
            "agi_eval_lsat_ar": 0.2652173936367035,
            "bigbench_cs_algorithms": 0.4628787934780121,
            "bigbench_logical_deduction": 0.24666666984558105,
            "bigbench_operators": 0.4476190507411957,
            "bigbench_repeat_copy_logic": 0.25,
            "simple_arithmetic_nospaces": 0.21199999749660492,
            "simple_arithmetic_withspaces": 0.23100000619888306,
            "math_qa": 0.25913509726524353,
            "logi_qa": 0.23655913770198822,
            "pubmed_qa_labeled": 0.5699999928474426,
            "squad": 0.5997161865234375,
            "agi_eval_lsat_rc": 0.305970162153244,
            "agi_eval_lsat_lr": 0.25294119119644165,
            "coqa": 0.4612300992012024,
            "bigbench_understanding_fables": 0.27513226866722107,
            "boolq": 0.7568807601928711,
            "agi_eval_sat_en": 0.291262149810791,
            "winogender_mc_female": 0.5666666626930237,
            "winogender_mc_male": 0.5833333134651184,
            "enterprise_pii_classification": 0.5416789650917053,
            "bbq": 0.5800687183033336,
            "mmlu_fewshot": 0.3408346563054804,
            "gsm8k_cot": 0.05837756022810936,
            "agi_eval_sat_math_cot": 0.022727273404598236,
            "aqua_cot": 0.020408162847161293,
            "svamp_cot": 0.2966666519641876,
            "gpqa_main": 0.2232142835855484,
            "gpqa_diamond": 0.19696970283985138
        }
    },
    "aggregated_task_categories_centered": {
        "commonsense reasoning": 0.39262335010567334,
        "language understanding": 0.4768642714949954,
        "reading comprehension": 0.2923411915830353,
        "safety": 0.13587382977659052,
        "symbolic problem solving": 0.16379872516103805,
        "world knowledge": 0.2901363293504157
    },
    "aggregated_centered_results": 0.2867258489716174,
    "aggregated_results": 0.4414073746471598,
    "rw_small": 0.699976772069931,
    "95%_CI_above": 0.5605308023559583,
    "99%_CI_above": 0.576957524470661,
    "low_variance_datasets": 0.5646656406196681,
    "_filename": "exp_data/evals/evaluation_llama_1_7b_heavy.json",
    "missing tasks": "[]",
    "rw_small_centered": 0.4897706644576893,
    "95%_CI_above_centered": 0.4166253202584058,
    "99%_CI_above_centered": 0.4626153591795789,
    "low_variance_datasets_centered": 0.46261110866481925,
    "Core": 0.46261110866481925,
    "Extended": 0.2867258489716174
}