{
    "name": "/work/08002/gsmyrnis/ls6/dcnlp/eval/heavy",
    "uuid": "fe4f873c-67de-4fb9-861e-d6d8dd156ac9",
    "model": "open_lm_1b",
    "creation_date": "2024_05_02-07_05_16",
    "eval_metrics": {
        "icl": {
            "mmlu_zeroshot": 0.2610761970281601,
            "hellaswag_zeroshot": 0.5689105987548828,
            "jeopardy": 0.30796611607074736,
            "triviaqa_sm_sub": 0.23333333432674408,
            "gsm8k": 0.015921153128147125,
            "agi_eval_sat_math": 0.013636363670229912,
            "aqua": 0.008163264952600002,
            "bigbench_qa_wikidata": 0.6268884539604187,
            "arc_easy": 0.6675084233283997,
            "arc_challenge": 0.35836178064346313,
            "mmlu_fewshot": 0.2603585516151629,
            "bigbench_misconceptions": 0.4429223835468292,
            "copa": 0.7099999785423279,
            "siqa": 0.5117707252502441,
            "commonsense_qa": 0.2153972089290619,
            "piqa": 0.7426550388336182,
            "openbook_qa": 0.3499999940395355,
            "bigbench_novel_concepts": 0.46875,
            "bigbench_strange_stories": 0.5344827771186829,
            "bigbench_strategy_qa": 0.5203145742416382,
            "lambada_openai": 0.6002328991889954,
            "hellaswag": 0.5735909342765808,
            "winograd": 0.7509157657623291,
            "winogrande": 0.576164186000824,
            "bigbench_conlang_translation": 0.018292682245373726,
            "bigbench_language_identification": 0.25360000133514404,
            "bigbench_conceptual_combinations": 0.223300963640213,
            "bigbench_elementary_math_qa": 0.24402515590190887,
            "bigbench_dyck_languages": 0.2529999911785126,
            "agi_eval_lsat_ar": 0.22173912823200226,
            "bigbench_cs_algorithms": 0.4424242377281189,
            "bigbench_logical_deduction": 0.26600000262260437,
            "bigbench_operators": 0.20952381193637848,
            "bigbench_repeat_copy_logic": 0.0,
            "simple_arithmetic_nospaces": 0.0020000000949949026,
            "simple_arithmetic_withspaces": 0.004999999888241291,
            "math_qa": 0.25243043899536133,
            "logi_qa": 0.29800307750701904,
            "pubmed_qa_labeled": 0.4129999876022339,
            "squad": 0.40898770093917847,
            "agi_eval_lsat_rc": 0.24253731966018677,
            "agi_eval_lsat_lr": 0.24313725531101227,
            "coqa": 0.3302016854286194,
            "bigbench_understanding_fables": 0.2222222238779068,
            "boolq": 0.6440367102622986,
            "agi_eval_sat_en": 0.24271844327449799,
            "winogender_mc_female": 0.5166666507720947,
            "winogender_mc_male": 0.5,
            "enterprise_pii_classification": 0.4907216429710388,
            "bbq": 0.45438663255084644,
            "gpqa_main": 0.2209821492433548,
            "gpqa_diamond": 0.21717171370983124,
            "gsm8k_cot": 0.018195603042840958,
            "agi_eval_sat_math_cot": 0.00909090880304575,
            "aqua_cot": 0.0,
            "svamp_cot": 0.06333333253860474
        }
    },
    "aggregated_task_categories_centered": {
        "commonsense reasoning": 0.22143051885710707,
        "language understanding": 0.2840791712225619,
        "reading comprehension": 0.1675757663651255,
        "safety": -0.01911253685301001,
        "symbolic problem solving": 0.08474477816981234,
        "world knowledge": 0.17013110922093977
    },
    "aggregated_centered_results": 0.15623992960194147,
    "aggregated_results": 0.34355338439154925,
    "rw_small": 0.587496946255366,
    "rw_small_centered": 0.29365953890203733,
    "95%_CI_above": 0.4438207686624744,
    "95%_CI_above_centered": 0.2579313184656217,
    "99%_CI_above": 0.4548794032438942,
    "99%_CI_above_centered": 0.30147718862835726,
    "low_variance_datasets": 0.44600475660779265,
    "low_variance_datasets_centered": 0.30538227064388596,
    "model_uuid": "bb6f1e4f-f260-4ef6-b954-f502911e23ee",
    "_filename": "exp_data/evals/evaluation_rw_v2_fasttext_openhermes_vs_rw_v2_bigram_0.1-open_lm_1b-warm=5000-lr=0p003-wd=0p033-cd=3e-05-bs=256-mult=1-seed=124-tokens=28795904000_rho1_etash_0.6_0.8_heavy.json",
    "missing tasks": "[]",
    "Core": 0.30538227064388596,
    "Extended": 0.15623992960194147
}