{
    "name": "/mnt/task_runtime/dcnlp/eval/heavy",
    "uuid": "c1057f87-c49c-4707-9f29-8e1ace2ab753",
    "model": "open_lm_7b_swiglutorch",
    "creation_date": "2024_06_06-18_05_20",
    "eval_metrics": {
        "icl": {
            "mmlu_zeroshot": 0.5757007049886804,
            "hellaswag_zeroshot": 0.8008365035057068,
            "jeopardy": 0.4710359513759613,
            "triviaqa_sm_sub": 0.5296666622161865,
            "gsm8k_cot": 0.021228203549981117,
            "agi_eval_sat_math_cot": 0.027272727340459824,
            "aqua_cot": 0.06530611962080002,
            "svamp_cot": 0.503333330154419,
            "bigbench_qa_wikidata": 0.7068549990653992,
            "arc_easy": 0.8181818127632141,
            "arc_challenge": 0.6015358567237854,
            "mmlu_fewshot": 0.638575949951222,
            "bigbench_misconceptions": 0.7214611768722534,
            "copa": 0.8399999737739563,
            "siqa": 0.8224155306816101,
            "commonsense_qa": 0.8001638054847717,
            "piqa": 0.8106637597084045,
            "openbook_qa": 0.46399998664855957,
            "bigbench_novel_concepts": 0.71875,
            "bigbench_strange_stories": 0.7528735399246216,
            "bigbench_strategy_qa": 0.6041939854621887,
            "lambada_openai": 0.8210750818252563,
            "hellaswag": 0.8076080679893494,
            "winograd": 0.8827838897705078,
            "winogrande": 0.725335419178009,
            "bigbench_conlang_translation": 0.024390242993831635,
            "bigbench_language_identification": 0.5202000141143799,
            "bigbench_conceptual_combinations": 0.6796116232872009,
            "bigbench_elementary_math_qa": 0.3484538793563843,
            "bigbench_dyck_languages": 0.5109999775886536,
            "agi_eval_lsat_ar": 0.22608695924282074,
            "bigbench_cs_algorithms": 0.6212121248245239,
            "bigbench_logical_deduction": 0.37533333897590637,
            "bigbench_operators": 0.4809523820877075,
            "bigbench_repeat_copy_logic": 0.40625,
            "simple_arithmetic_nospaces": 0.2879999876022339,
            "simple_arithmetic_withspaces": 0.30799999833106995,
            "math_qa": 0.3107609748840332,
            "logi_qa": 0.4116743505001068,
            "pubmed_qa_labeled": 0.7160000205039978,
            "squad": 0.5754020810127258,
            "agi_eval_lsat_rc": 0.6791045069694519,
            "agi_eval_lsat_lr": 0.5333333611488342,
            "coqa": 0.4008518159389496,
            "bigbench_understanding_fables": 0.6878306865692139,
            "boolq": 0.8305810689926147,
            "agi_eval_sat_en": 0.791262149810791,
            "winogender_mc_female": 0.6000000238418579,
            "winogender_mc_male": 0.5666666626930237,
            "enterprise_pii_classification": 0.7528718709945679,
            "bbq": 0.6952685009349476,
            "gpqa_main": 0.2566964328289032,
            "gpqa_diamond": 0.2525252401828766
        }
    },
    "missing tasks": "[]",
    "aggregated_task_categories_centered": {
        "commonsense reasoning": 0.5541493134924035,
        "language understanding": 0.5730765960010218,
        "reading comprehension": 0.5741791481380922,
        "safety": 0.30740352923219855,
        "symbolic problem solving": 0.2668282162942434,
        "world knowledge": 0.43414346296536294
    },
    "aggregated_centered_results": 0.4374474047556267,
    "aggregated_results": 0.5543617606563568,
    "rw_small": 0.7694117724895477,
    "rw_small_centered": 0.6075950651838068,
    "95%_CI_above": 0.6493136381851388,
    "95%_CI_above_centered": 0.5383828744625033,
    "99%_CI_above": 0.6552731916956279,
    "99%_CI_above_centered": 0.5678464374652035,
    "low_variance_datasets": 0.6419368878006936,
    "low_variance_datasets_centered": 0.5595859787025268,
    "model_uuid": "e5607c82-8aa4-4f6e-92bd-f2861c5e9926",
    "_filename": "exp_data/evals/evaluation_wiseft_a80_mix3_long_47_mix3_34_heavy.json",
    "Core": 0.5595859787025268,
    "Extended": 0.4374474047556267
}