{
    "name": "/mnt/task_runtime/bolt_exp_launcher/dcnlp/eval/heavy",
    "uuid": "28dbb5f4-b048-44bb-8d03-d405acbc6ca8",
    "model": "open_lm_7b",
    "creation_date": "2024_03_24-07_17_49",
    "eval_metrics": {
        "icl": {
            "mmlu_zeroshot": 0.3777662677723065,
            "hellaswag_zeroshot": 0.7417845129966736,
            "jeopardy": 0.4774825215339661,
            "triviaqa_sm_sub": 0.4723333418369293,
            "gsm8k": 0.03563305363059044,
            "agi_eval_sat_math": 0.0181818176060915,
            "aqua": 0.01224489789456129,
            "bigbench_qa_wikidata": 0.706116795539856,
            "arc_easy": 0.7765151262283325,
            "arc_challenge": 0.5017064809799194,
            "bigbench_misconceptions": 0.5799086689949036,
            "copa": 0.8299999833106995,
            "siqa": 0.6888433694839478,
            "commonsense_qa": 0.6027845740318298,
            "piqa": 0.8019586801528931,
            "openbook_qa": 0.4480000138282776,
            "bigbench_novel_concepts": 0.59375,
            "bigbench_strange_stories": 0.7643678188323975,
            "bigbench_strategy_qa": 0.5465268492698669,
            "lambada_openai": 0.7155055403709412,
            "hellaswag": 0.7597092390060425,
            "winograd": 0.8791208863258362,
            "winogrande": 0.6953433156013489,
            "bigbench_conlang_translation": 0.03658536449074745,
            "bigbench_language_identification": 0.3003999888896942,
            "bigbench_conceptual_combinations": 0.3980582654476166,
            "bigbench_elementary_math_qa": 0.26166144013404846,
            "bigbench_dyck_languages": 0.17599999904632568,
            "agi_eval_lsat_ar": 0.25217390060424805,
            "bigbench_cs_algorithms": 0.45681819319725037,
            "bigbench_logical_deduction": 0.24133333563804626,
            "bigbench_operators": 0.2571428716182709,
            "bigbench_repeat_copy_logic": 0.15625,
            "simple_arithmetic_nospaces": 0.03200000151991844,
            "simple_arithmetic_withspaces": 0.03799999877810478,
            "math_qa": 0.25511229038238525,
            "logi_qa": 0.32104453444480896,
            "pubmed_qa_labeled": 0.4699999988079071,
            "squad": 0.5264900922775269,
            "agi_eval_lsat_rc": 0.33582088351249695,
            "agi_eval_lsat_lr": 0.29411765933036804,
            "coqa": 0.4353000223636627,
            "bigbench_understanding_fables": 0.4021163880825043,
            "boolq": 0.714067280292511,
            "agi_eval_sat_en": 0.37378641963005066,
            "winogender_mc_female": 0.5,
            "winogender_mc_male": 0.5166666507720947,
            "enterprise_pii_classification": 0.5334315299987793,
            "bbq": 0.42973812330852856,
            "mmlu_fewshot": 0.44223790472013913,
            "gsm8k_cot": 0.05458680912852287,
            "agi_eval_sat_math_cot": 0.022727273404598236,
            "aqua_cot": 0.01224489789456129,
            "svamp_cot": 0.18000000715255737,
            "gpqa_main": 0.2165178507566452,
            "gpqa_diamond": 0.21212121844291687
        }
    },
    "aggregated_task_categories_centered": {
        "commonsense reasoning": 0.45985915052282367,
        "language understanding": 0.45801479450803007,
        "reading comprehension": 0.29805660138331486,
        "safety": -0.010081847960298707,
        "symbolic problem solving": 0.11456968533172864,
        "world knowledge": 0.31849031287675716
    },
    "aggregated_centered_results": 0.2752936865701067,
    "aggregated_results": 0.43045424868235477,
    "rw_small": 0.7099027832349142,
    "rw_small_centered": 0.4985955943141067,
    "95%_CI_above": 0.54295783323514,
    "95%_CI_above_centered": 0.3936451681979968,
    "99%_CI_above": 0.5614652851353521,
    "99%_CI_above_centered": 0.4482614010436038,
    "low_variance_datasets": 0.5550304553725502,
    "low_variance_datasets_centered": 0.4547050995126588,
    "model_uuid": "b9a0c6fe-f8a2-444a-b086-38a13742af19",
    "_filename": "exp_data/evals/evaluation_rw_v2_cc_v3_f0.15_resiliparse_fasttext_openhermes_reddit_eli5_vs_rw_v2_bigram_200k_train_0.1-open_lm_7b-warm=5000-lr=0p0003-wd=0p33-cd=3e-05-bs=2048-mult=2-seed=42-tokens=275576422400_heavy.json",
    "missing tasks": "[]",
    "Core": 0.4547050995126588,
    "Extended": 0.2752936865701067
}