{
    "95%_CI_above": 0.5330547314475883,
    "99%_CI_above": 0.5579346638658772,
    "aggregated_centered_results": 0.2513042067358819,
    "aggregated_results": 0.41392954658195186,
    "aggregated_task_categories_centered": {
        "commonsense reasoning": 0.3679488885003714,
        "language understanding": 0.43196776610613685,
        "reading comprehension": 0.23838475810592635,
        "safety": 0.033287796107205475,
        "symbolic problem solving": 0.14249161003948482,
        "world knowledge": 0.2742186320281168
    },
    "creation_date": "2024_02_05-18_08_21",
    "eval_metrics": {
        "icl": {
            "agi_eval_lsat_ar": 0.291304349899292,
            "agi_eval_lsat_lr": 0.24901960790157318,
            "agi_eval_lsat_rc": 0.23134328424930573,
            "agi_eval_sat_en": 0.276699036359787,
            "agi_eval_sat_math": 0.00909090880304575,
            "aqua": 0.01224489789456129,
            "arc_challenge": 0.47013652324676514,
            "arc_easy": 0.7571548819541931,
            "bbq": 0.4542044455354864,
            "bigbench_conceptual_combinations": 0.27184465527534485,
            "bigbench_conlang_translation": 0.06707317382097244,
            "bigbench_cs_algorithms": 0.4689393937587738,
            "bigbench_dyck_languages": 0.25099998712539673,
            "bigbench_elementary_math_qa": 0.27303460240364075,
            "bigbench_language_identification": 0.25699999928474426,
            "bigbench_logical_deduction": 0.257999986410141,
            "bigbench_misconceptions": 0.5296803712844849,
            "bigbench_novel_concepts": 0.53125,
            "bigbench_operators": 0.2904762029647827,
            "bigbench_qa_wikidata": 0.7006052732467651,
            "bigbench_repeat_copy_logic": 0.21875,
            "bigbench_strange_stories": 0.7183908224105835,
            "bigbench_strategy_qa": 0.597640872001648,
            "bigbench_understanding_fables": 0.21693122386932373,
            "boolq": 0.7425076365470886,
            "commonsense_qa": 0.25798526406288147,
            "copa": 0.8399999737739563,
            "coqa": 0.41187524795532227,
            "enterprise_pii_classification": 0.6123711466789246,
            "gsm8k": 0.024260804057121277,
            "hellaswag": 0.775841474533081,
            "hellaswag_zeroshot": 0.7718582153320312,
            "jeopardy": 0.45813873410224915,
            "lambada_openai": 0.7469435334205627,
            "logi_qa": 0.2380952388048172,
            "math_qa": 0.25243043899536133,
            "mmlu_zeroshot": 0.26241755041114073,
            "openbook_qa": 0.4259999990463257,
            "piqa": 0.8084874749183655,
            "pubmed_qa_labeled": 0.4909999966621399,
            "simple_arithmetic_nospaces": 0.15000000596046448,
            "simple_arithmetic_withspaces": 0.17800000309944153,
            "siqa": 0.5286591649055481,
            "squad": 0.5245979428291321,
            "triviaqa_sm_sub": 0.5210000276565552,
            "winogender_mc_female": 0.44999998807907104,
            "winogender_mc_male": 0.550000011920929,
            "winograd": 0.8424908518791199,
            "winogrande": 0.6740331649780273,
            "mmlu_fewshot": 0.27405602367300735,
            "gsm8k_cot": 0.033358603715896606,
            "agi_eval_sat_math_cot": 0.0181818176060915,
            "aqua_cot": 0.01224489789456129,
            "svamp_cot": 0.21666666865348816,
            "gpqa_main": 0.2410714328289032,
            "gpqa_diamond": 0.24747474491596222
        }
    },
    "model": "tiiuae/falcon-7b",
    "name": "eval/heavy",
    "rw_small": 0.709281732638677,
    "uuid": "41a7c516-72ef-4fc7-84d4-6cfd48af10d2",
    "low_variance_datasets": 0.5448239147663116,
    "_filename": "exp_data/evals/evaluation_falcon_7b_heavy.json",
    "missing tasks": "[]",
    "rw_small_centered": 0.5026646036850778,
    "95%_CI_above_centered": 0.3832352757073654,
    "99%_CI_above_centered": 0.4446701534791451,
    "low_variance_datasets_centered": 0.4406495227745305,
    "Core": 0.4406495227745305,
    "Extended": 0.2513042067358819
}