{
    "name": "/home/ubuntu/research/openlm/dcnlp/eval/heavy",
    "uuid": "1c823d81-895a-4a6c-ad27-bdddfe663143",
    "model": "open_lm_1b",
    "creation_date": "2024_04_25-02_00_42",
    "eval_metrics": {
        "perplexity": 3.265458474556605,
        "downstream_perpexity": {
            "mmlu": 2.5072158311804134,
            "hellaswag": 2.3624920974175136,
            "jeopardy_all": 2.6063998568803073,
            "triviaqa_sm_sub": 2.6715103140100838,
            "gsm8k": 2.194687063495318,
            "agi_eval_sat_math": 2.5708026951009577,
            "aqua": 2.902390525292377,
            "svamp": 3.093086382548014,
            "bigbench_qa_wikidata": 3.5566852923172214,
            "arc_easy": 2.8450694059332213,
            "arc_challenge": 2.851937602460384,
            "bigbench_misconceptions": 5.0330613497729715,
            "copa": 2.579627504348755,
            "siqa": 2.437123790383339,
            "commonsense_qa": 2.8587112332383793,
            "piqa": 2.539080175757408,
            "openbook_qa": 4.336264660358429,
            "bigbench_novel_concepts": 2.6722389459609985,
            "bigbench_strange_stories": 3.4214126454002556,
            "bigbench_strategy_qa": 1.982414461672306,
            "lambada_openai": 1.634866330656223,
            "winograd_wsc": 2.5754479733142226,
            "winogrande": 3.0766235078374544,
            "bigbench_conlang_translation": 2.1361816787138217,
            "bigbench_language_identification": 2.6386034886042276,
            "bigbench_conceptual_combinations": 0.6889993108591987,
            "bigbench_elementary_math_qa": 3.3133412381013234,
            "bigbench_dyck_languages": 5.506727735201518,
            "agi_eval_lsat_ar": 2.1826078217962515,
            "bigbench_cs_algorithms": 5.373429776231448,
            "bigbench_logical_deduction": 0.5811783735950787,
            "bigbench_operators": 5.359335411162603,
            "bigbench_repeat_copy_logic": 1.6178274378180504,
            "simple_arithmetic_nospaces": 6.933405395348867,
            "simple_arithmetic_withspaces": 6.203546885649363,
            "math_qa": 2.6575559258460997,
            "logi_qa": 2.059095148300429,
            "pubmed_qa_labeled": 4.990083651741346,
            "squad": 2.06485296835502,
            "agi_eval_lsat_rc": 1.8236593595191615,
            "agi_eval_lsat_lr": 1.710856055278404,
            "coqa": 1.9534804344177246,
            "bigbench_understanding_fables": 1.868180032760378,
            "boolq": 3.278724091251691,
            "agi_eval_sat_en": 1.8540499389750287,
            "winogender_mc_female": 1.3393801391124724,
            "winogender_mc_male": 1.2174613813559214,
            "enterprise_pii_classification": 4.597548770904541,
            "bbq": 0.3591706554327781,
            "human_eval_return_complex": 4.078197484879982,
            "human_eval_return_simple": 6.8375977567724275,
            "human_eval-0.5": 3.965687194975411,
            "human_eval-0.25": 3.9797498511105047,
            "human_eval-0.75": 4.304774950190288,
            "human_eval": 4.013814988659649,
            "processed_human_eval_cpp": 4.256164500431985,
            "processed_human_eval_js": 4.14658336086971
        },
        "icl": {
            "mmlu_zeroshot": 0.24500269638864616,
            "hellaswag_zeroshot": 0.5707030296325684,
            "jeopardy": 0.02131903003901243,
            "triviaqa_sm_sub": 0.1146666631102562,
            "gsm8k": 0.009855951182544231,
            "agi_eval_sat_math": 0.004545454401522875,
            "aqua": 0.0,
            "bigbench_qa_wikidata": 0.5939668416976929,
            "arc_easy": 0.5686026811599731,
            "arc_challenge": 0.2721843123435974,
            "mmlu_fewshot": 0.25440140486809243,
            "bigbench_misconceptions": 0.5159817337989807,
            "copa": 0.6899999976158142,
            "siqa": 0.49027636647224426,
            "commonsense_qa": 0.21621622145175934,
            "piqa": 0.7464635372161865,
            "openbook_qa": 0.3880000114440918,
            "bigbench_novel_concepts": 0.40625,
            "bigbench_strange_stories": 0.48275861144065857,
            "bigbench_strategy_qa": 0.5277413725852966,
            "lambada_openai": 0.4954395592212677,
            "hellaswag": 0.5759809017181396,
            "winograd": 0.7106227278709412,
            "winogrande": 0.5548539757728577,
            "bigbench_conlang_translation": 0.018292682245373726,
            "bigbench_language_identification": 0.25600001215934753,
            "bigbench_conceptual_combinations": 0.25242719054222107,
            "bigbench_elementary_math_qa": 0.2367662489414215,
            "bigbench_dyck_languages": 0.15700000524520874,
            "agi_eval_lsat_ar": 0.17391304671764374,
            "bigbench_cs_algorithms": 0.3651515245437622,
            "bigbench_logical_deduction": 0.27000001072883606,
            "bigbench_operators": 0.1666666716337204,
            "bigbench_repeat_copy_logic": 0.0625,
            "simple_arithmetic_nospaces": 0.0020000000949949026,
            "simple_arithmetic_withspaces": 0.003000000026077032,
            "math_qa": 0.25511229038238525,
            "logi_qa": 0.25806450843811035,
            "pubmed_qa_labeled": 0.47600001096725464,
            "squad": 0.2549668848514557,
            "agi_eval_lsat_rc": 0.24253731966018677,
            "agi_eval_lsat_lr": 0.2705882489681244,
            "coqa": 0.21370412409305573,
            "bigbench_understanding_fables": 0.24338623881340027,
            "boolq": 0.5513761639595032,
            "agi_eval_sat_en": 0.223300963640213,
            "winogender_mc_female": 0.5,
            "winogender_mc_male": 0.4833333194255829,
            "enterprise_pii_classification": 0.4910162091255188,
            "bbq": 0.4615178406238556,
            "gpqa_main": 0.2477678507566452,
            "gpqa_diamond": 0.23232322931289673,
            "gsm8k_cot": 0.006823351141065359,
            "agi_eval_sat_math_cot": 0.004545454401522875,
            "aqua_cot": 0.004081632476300001,
            "svamp_cot": 0.0533333346247673
        }
    },
    "aggregated_task_categories_centered": {
        "commonsense reasoning": 0.1989758101465094,
        "language understanding": 0.26146066372540994,
        "reading comprehension": 0.1155153777319611,
        "safety": -0.03206631541252136,
        "symbolic problem solving": 0.06523276544728882,
        "world knowledge": 0.11889589022180576
    },
    "aggregated_centered_results": 0.12541131953034618,
    "aggregated_results": 0.3184703404601609,
    "rw_small": 0.5346200267473856,
    "rw_small_centered": 0.19851760034672697,
    "95%_CI_above": 0.4008088707325182,
    "95%_CI_above_centered": 0.20441232848546914,
    "99%_CI_above": 0.40507162905743593,
    "99%_CI_above_centered": 0.2391446958938905,
    "low_variance_datasets": 0.39116505729034545,
    "low_variance_datasets_centered": 0.23744607916059046,
    "model_uuid": "3f4a80cc-66ae-470f-8f6a-ce324d0843cc",
    "_filename": "exp_data/evals/evaluation_c4_original-open_lm_1b-warm=5000-lr=0p003-wd=0p033-cd=3e-05-bs=256-mult=1_heavy.json",
    "missing tasks": "[]",
    "Core": 0.23744607916059046,
    "Extended": 0.12541131953034618
}