{
    "name": "eval/heavy",
    "uuid": "5716da21-f99f-491c-a190-a02a04d6db17",
    "model": "allenai/OLMo-7B",
    "creation_date": "2024_03_19-07_09_07",
    "eval_metrics": {
        "icl": {
            "mmlu_zeroshot": 0.27672393280163143,
            "hellaswag_zeroshot": 0.752539336681366,
            "jeopardy": 0.43424770832061765,
            "triviaqa_sm_sub": 0.4976666569709778,
            "gsm8k": 0.022744502872228622,
            "agi_eval_sat_math": 0.0181818176060915,
            "aqua": 0.016326529905200005,
            "bigbench_qa_wikidata": 0.7163033485412598,
            "arc_easy": 0.7323232293128967,
            "arc_challenge": 0.43430033326148987,
            "bigbench_misconceptions": 0.47031962871551514,
            "copa": 0.8100000023841858,
            "siqa": 0.5757420659065247,
            "commonsense_qa": 0.2841932773590088,
            "piqa": 0.8106637597084045,
            "openbook_qa": 0.4320000112056732,
            "bigbench_novel_concepts": 0.625,
            "bigbench_strange_stories": 0.6781609058380127,
            "bigbench_strategy_qa": 0.5334206819534302,
            "lambada_openai": 0.6941587328910828,
            "hellaswag": 0.7670782804489136,
            "winograd": 0.8754578828811646,
            "winogrande": 0.663772702217102,
            "bigbench_conlang_translation": 0.09146341681480408,
            "bigbench_language_identification": 0.25949999690055847,
            "bigbench_conceptual_combinations": 0.3009708821773529,
            "bigbench_elementary_math_qa": 0.2646750509738922,
            "bigbench_dyck_languages": 0.2290000021457672,
            "agi_eval_lsat_ar": 0.239130437374115,
            "bigbench_cs_algorithms": 0.4575757682323456,
            "bigbench_logical_deduction": 0.2433333396911621,
            "bigbench_operators": 0.2904762029647827,
            "bigbench_repeat_copy_logic": 0.125,
            "simple_arithmetic_nospaces": 0.10300000011920929,
            "simple_arithmetic_withspaces": 0.11299999803304672,
            "math_qa": 0.25846463441848755,
            "logi_qa": 0.2795698940753937,
            "pubmed_qa_labeled": 0.5370000004768372,
            "squad": 0.535950779914856,
            "agi_eval_lsat_rc": 0.21641790866851807,
            "agi_eval_lsat_lr": 0.24705882370471954,
            "coqa": 0.4153826832771301,
            "bigbench_understanding_fables": 0.2857142984867096,
            "boolq": 0.7516819834709167,
            "agi_eval_sat_en": 0.26213592290878296,
            "winogender_mc_female": 0.5833333134651184,
            "winogender_mc_male": 0.5166666507720947,
            "enterprise_pii_classification": 0.539322555065155,
            "bbq": 0.4749132909558036,
            "mmlu_fewshot": 0.2844827052271157,
            "gsm8k_cot": 0.03714935481548309,
            "agi_eval_sat_math_cot": 0.040909089148044586,
            "aqua_cot": 0.01224489789456129,
            "svamp_cot": 0.12666666507720947,
            "gpqa_main": 0.2477678507566452,
            "gpqa_diamond": 0.2626262605190277
        }
    },
    "aggregated_task_categories_centered": {
        "commonsense reasoning": 0.36344751392094155,
        "language understanding": 0.43461289821956944,
        "reading comprehension": 0.2546918772798228,
        "safety": 0.05711790512908588,
        "symbolic problem solving": 0.1203423833627611,
        "world knowledge": 0.2573156053768961
    },
    "aggregated_centered_results": 0.24582607056772432,
    "aggregated_results": 0.40937088935707366,
    "rw_small": 0.6907695978879929,
    "rw_small_centered": 0.4754934683877822,
    "95%_CI_above": 0.5264797774034661,
    "95%_CI_above_centered": 0.37336400109585144,
    "99%_CI_above": 0.5446764790493509,
    "99%_CI_above_centered": 0.4271827593343481,
    "low_variance_datasets": 0.5323062027042562,
    "low_variance_datasets_centered": 0.4270421312512191,
    "_filename": "exp_data/evals/evaluation_olmo_7b_heavy.json",
    "missing tasks": "[]",
    "Core": 0.4270421312512191,
    "Extended": 0.24582607056772432
}