{
    "name": "/mnt/task_runtime/dcnlp/eval/heavy",
    "uuid": "5b003442-525b-449a-bdfb-103bedaba35a",
    "model": "open_lm_1b",
    "creation_date": "2024_02_19-21_51_56",
    "eval_metrics": {
        "perplexity": 2.55169362227122,
        "downstream_perpexity": {
            "mmlu": 1.7264561473669582,
            "hellaswag": 2.3490904364018914,
            "jeopardy_all": 1.353070523753502,
            "triviaqa_sm_sub": 2.2241751077969867,
            "gsm8k": 1.7987843300014668,
            "agi_eval_sat_math": 1.5150226397947832,
            "aqua": 2.253394779380487,
            "svamp": 2.489724889596303,
            "bigbench_qa_wikidata": 3.3087075046535364,
            "arc_easy": 2.226893234985445,
            "arc_challenge": 2.407865736468253,
            "bigbench_misconceptions": 3.6363048575240184,
            "copa": 2.485337691307068,
            "siqa": 1.4470090289564923,
            "commonsense_qa": 1.872997236290884,
            "piqa": 2.679148438057261,
            "openbook_qa": 4.084248484134674,
            "bigbench_novel_concepts": 2.383906088769436,
            "bigbench_strange_stories": 3.0868690075545477,
            "bigbench_strategy_qa": 1.8643584082146407,
            "lambada_openai": 1.3451371678065702,
            "winograd_wsc": 2.4368161382255975,
            "winogrande": 3.0933500499168343,
            "bigbench_conlang_translation": 1.8519673747260397,
            "bigbench_language_identification": 4.329659978087651,
            "bigbench_conceptual_combinations": 0.8851476977172407,
            "bigbench_elementary_math_qa": 3.3040208565270377,
            "bigbench_dyck_languages": 3.993964333295822,
            "agi_eval_lsat_ar": 1.908895679142164,
            "bigbench_cs_algorithms": 5.239373441175981,
            "bigbench_logical_deduction": 1.0433051074743271,
            "bigbench_operators": 4.659349337078276,
            "bigbench_repeat_copy_logic": 1.362160624936223,
            "simple_arithmetic_nospaces": 6.515949728012085,
            "simple_arithmetic_withspaces": 6.380921883583069,
            "math_qa": 3.790141826102768,
            "logi_qa": 1.9452982100839806,
            "pubmed_qa_labeled": 4.661079186916352,
            "squad": 1.8375608511092874,
            "agi_eval_lsat_rc": 1.9059757532468482,
            "agi_eval_lsat_lr": 1.9989710377711876,
            "coqa": 1.9764206615752271,
            "bigbench_understanding_fables": 3.839632065838607,
            "boolq": 3.0594647382742037,
            "agi_eval_sat_en": 1.908976137638092,
            "winogender_mc_female": 1.284379564722379,
            "winogender_mc_male": 1.160027065873146,
            "enterprise_pii_classification": 5.77559289019308,
            "bbq": 0.31199426519226126,
            "human_eval_return_complex": 2.509385707810169,
            "human_eval_return_simple": 6.246320801812249,
            "human_eval-0.5": 2.410079920437278,
            "human_eval-0.25": 2.547718064814079,
            "human_eval-0.75": 2.4608376680350883,
            "human_eval": 2.7580391982706582,
            "processed_human_eval_cpp": 2.532818705398844,
            "processed_human_eval_js": 2.238327336747472
        },
        "icl": {
            "mmlu_zeroshot": 0.24185086969743697,
            "hellaswag_zeroshot": 0.5673172473907471,
            "jeopardy": 0.31486225724220274,
            "triviaqa_sm_sub": 0.00033333332976326346,
            "gsm8k": 0.0,
            "agi_eval_sat_math": 0.00909090880304575,
            "aqua": 0.0,
            "bigbench_qa_wikidata": 0.6342207789421082,
            "arc_easy": 0.6687710285186768,
            "arc_challenge": 0.37030717730522156,
            "bigbench_misconceptions": 0.45205479860305786,
            "copa": 0.7200000286102295,
            "siqa": 0.48874104022979736,
            "commonsense_qa": 0.2506142556667328,
            "piqa": 0.7421109676361084,
            "openbook_qa": 0.3700000047683716,
            "bigbench_novel_concepts": 0.46875,
            "bigbench_strange_stories": 0.545976996421814,
            "bigbench_strategy_qa": 0.5198776721954346,
            "lambada_openai": 0.5903357267379761,
            "hellaswag": 0.5743875503540039,
            "winograd": 0.791208803653717,
            "winogrande": 0.5832675695419312,
            "bigbench_conlang_translation": 0.024390242993831635,
            "bigbench_language_identification": 0.24480000138282776,
            "bigbench_conceptual_combinations": 0.19417475163936615,
            "bigbench_elementary_math_qa": 0.23204927146434784,
            "bigbench_dyck_languages": 0.1940000057220459,
            "agi_eval_lsat_ar": 0.24347825348377228,
            "bigbench_cs_algorithms": 0.4545454680919647,
            "bigbench_logical_deduction": 0.2433333396911621,
            "bigbench_operators": 0.20476190745830536,
            "bigbench_repeat_copy_logic": 0.0625,
            "simple_arithmetic_nospaces": 0.003000000026077032,
            "simple_arithmetic_withspaces": 0.007000000216066837,
            "math_qa": 0.2638283669948578,
            "logi_qa": 0.2688172161579132,
            "pubmed_qa_labeled": 0.49000000953674316,
            "squad": 0.38192999362945557,
            "agi_eval_lsat_rc": 0.26492536067962646,
            "agi_eval_lsat_lr": 0.24705882370471954,
            "coqa": 0.30527371168136597,
            "bigbench_understanding_fables": 0.29100528359413147,
            "boolq": 0.631192684173584,
            "agi_eval_sat_en": 0.26213592290878296,
            "winogender_mc_female": 0.44999998807907104,
            "winogender_mc_male": 0.4333333373069763,
            "enterprise_pii_classification": 0.4883652329444885,
            "bbq": 0.4727638932791623,
            "mmlu_fewshot": 0.24408760405423346,
            "gsm8k_cot": 0.013646702282130718,
            "agi_eval_sat_math_cot": 0.0181818176060915,
            "aqua_cot": 0.008163264952600002,
            "svamp_cot": 0.05000000074505806,
            "gpqa_main": 0.2053571492433548,
            "gpqa_diamond": 0.21212121844291687
        }
    },
    "aggregated_task_categories_centered": {
        "commonsense reasoning": 0.23107893357583056,
        "language understanding": 0.28925604623106155,
        "reading comprehension": 0.1845720265501816,
        "safety": -0.07776877419515091,
        "symbolic problem solving": 0.08283603032030266,
        "world knowledge": 0.14435193630693105
    },
    "aggregated_centered_results": 0.15121209003678937,
    "aggregated_results": 0.3397209232266483,
    "rw_small": 0.590142622590065,
    "95%_CI_above": 0.44849407844148675,
    "99%_CI_above": 0.4623239418734675,
    "model_uuid": "0892b725-38b4-4092-9ee5-fc68eb16f8df",
    "low_variance_datasets": 0.4499947919086976,
    "_filename": "exp_data/evals/evaluation_mix_cc95wiki05-open_lm_1b-warm=5000-lr=0p003-wd=0p033-cd=3e-05-bs=256-mult=1-seed=124-tokens=28795904000_heavy.json",
    "missing tasks": "[]",
    "rw_small_centered": 0.29630837210437705,
    "95%_CI_above_centered": 0.26460532826315103,
    "99%_CI_above_centered": 0.3114688033364503,
    "low_variance_datasets_centered": 0.3121022237511758,
    "Core": 0.3121022237511758,
    "Extended": 0.15121209003678937
}