{
    "name": "/mnt/task_runtime/dcnlp/eval/heavy",
    "uuid": "68141368-074c-4eba-a876-8308f0e18990",
    "model": "open_lm_1b",
    "creation_date": "2024_02_22-21_10_10",
    "eval_metrics": {
        "perplexity": 2.6241059362888337,
        "downstream_perpexity": {
            "mmlu": 1.7506901994252067,
            "hellaswag": 2.3488081162775023,
            "jeopardy_all": 2.053382642268008,
            "triviaqa_sm_sub": 2.433629664003849,
            "gsm8k": 2.0571213974204365,
            "agi_eval_sat_math": 1.8148979951034894,
            "aqua": 2.5146364362872378,
            "svamp": 2.5020737719535826,
            "bigbench_qa_wikidata": 3.6646963354346966,
            "arc_easy": 2.6128393478867182,
            "arc_challenge": 2.706339814786008,
            "bigbench_misconceptions": 5.550713841773604,
            "copa": 2.553938969373703,
            "siqa": 1.3844669131197973,
            "commonsense_qa": 1.7198911491326871,
            "piqa": 2.6428459773774504,
            "openbook_qa": 4.215491435050964,
            "bigbench_novel_concepts": 2.687625490128994,
            "bigbench_strange_stories": 3.3328158211434022,
            "bigbench_strategy_qa": 1.7907130010474868,
            "lambada_openai": 1.4890989635740464,
            "winograd_wsc": 2.536021840878022,
            "winogrande": 3.0993659413510075,
            "bigbench_conlang_translation": 2.09073464245331,
            "bigbench_language_identification": 2.616098150870256,
            "bigbench_conceptual_combinations": 1.059331914174904,
            "bigbench_elementary_math_qa": 4.683425500589097,
            "bigbench_dyck_languages": 3.9832217803001404,
            "agi_eval_lsat_ar": 1.7124975686487944,
            "bigbench_cs_algorithms": 5.229979251731526,
            "bigbench_logical_deduction": 0.9697365175882975,
            "bigbench_operators": 5.29257333278656,
            "bigbench_repeat_copy_logic": 1.5710503831505775,
            "simple_arithmetic_nospaces": 6.9752771158218385,
            "simple_arithmetic_withspaces": 6.329492192745208,
            "math_qa": 2.497477184635179,
            "logi_qa": 2.0402769062742476,
            "pubmed_qa_labeled": 5.568630131721497,
            "squad": 2.2194225268986503,
            "agi_eval_lsat_rc": 1.7191629641091646,
            "agi_eval_lsat_lr": 1.7136834995419372,
            "coqa": 2.4032475465329295,
            "bigbench_understanding_fables": 1.9981239415981151,
            "boolq": 3.467884285807245,
            "agi_eval_sat_en": 1.712442452467761,
            "winogender_mc_female": 1.0754052937030791,
            "winogender_mc_male": 1.057535822192828,
            "enterprise_pii_classification": 4.009274588698666,
            "bbq": 0.34564481938481617,
            "human_eval_return_complex": 2.9299176077204425,
            "human_eval_return_simple": 5.824677583333608,
            "human_eval-0.5": 2.837725757825665,
            "human_eval-0.25": 2.9529961434806267,
            "human_eval-0.75": 2.914389036050657,
            "human_eval": 3.0930824686841265,
            "processed_human_eval_cpp": 2.8826652920764424,
            "processed_human_eval_js": 2.962454064590175
        },
        "icl": {
            "mmlu_zeroshot": 0.2402386440519701,
            "hellaswag_zeroshot": 0.5699064135551453,
            "jeopardy": 0.16621101647615433,
            "triviaqa_sm_sub": 0.00033333332976326346,
            "gsm8k": 0.0,
            "agi_eval_sat_math": 0.004545454401522875,
            "aqua": 0.0,
            "bigbench_qa_wikidata": 0.6031199097633362,
            "arc_easy": 0.5858585834503174,
            "arc_challenge": 0.30119454860687256,
            "bigbench_misconceptions": 0.5068492889404297,
            "copa": 0.7099999785423279,
            "siqa": 0.5107471942901611,
            "commonsense_qa": 0.21212121844291687,
            "piqa": 0.737758457660675,
            "openbook_qa": 0.3720000088214874,
            "bigbench_novel_concepts": 0.40625,
            "bigbench_strange_stories": 0.540229856967926,
            "bigbench_strategy_qa": 0.4936653673648834,
            "lambada_openai": 0.5441490411758423,
            "hellaswag": 0.5767775177955627,
            "winograd": 0.732600748538971,
            "winogrande": 0.5714285969734192,
            "bigbench_conlang_translation": 0.018292682245373726,
            "bigbench_language_identification": 0.2547000050544739,
            "bigbench_conceptual_combinations": 0.2330097109079361,
            "bigbench_elementary_math_qa": 0.2466457039117813,
            "bigbench_dyck_languages": 0.1469999998807907,
            "agi_eval_lsat_ar": 0.19130434095859528,
            "bigbench_cs_algorithms": 0.4007575809955597,
            "bigbench_logical_deduction": 0.23733332753181458,
            "bigbench_operators": 0.16190476715564728,
            "bigbench_repeat_copy_logic": 0.0,
            "simple_arithmetic_nospaces": 0.0020000000949949026,
            "simple_arithmetic_withspaces": 0.004999999888241291,
            "math_qa": 0.2631579041481018,
            "logi_qa": 0.2150537669658661,
            "pubmed_qa_labeled": 0.45500001311302185,
            "squad": 0.31466415524482727,
            "agi_eval_lsat_rc": 0.28731343150138855,
            "agi_eval_lsat_lr": 0.250980406999588,
            "coqa": 0.26305899024009705,
            "bigbench_understanding_fables": 0.2222222238779068,
            "boolq": 0.621100902557373,
            "agi_eval_sat_en": 0.2572815418243408,
            "winogender_mc_female": 0.5333333611488342,
            "winogender_mc_male": 0.46666666865348816,
            "enterprise_pii_classification": 0.46539026498794556,
            "bbq": 0.4620301425457001,
            "mmlu_fewshot": 0.2564052876673247,
            "gsm8k_cot": 0.008339650928974152,
            "agi_eval_sat_math_cot": 0.013636363670229912,
            "aqua_cot": 0.016326529905200005,
            "svamp_cot": 0.06333333253860474,
            "gpqa_main": 0.2388392835855484,
            "gpqa_diamond": 0.22727273404598236
        }
    },
    "aggregated_task_categories_centered": {
        "commonsense reasoning": 0.20817819627691647,
        "language understanding": 0.27377249397735987,
        "reading comprehension": 0.15574675887463646,
        "safety": -0.03628978133201599,
        "symbolic problem solving": 0.061072067224705526,
        "world knowledge": 0.12497749459941336
    },
    "aggregated_centered_results": 0.13438257400128217,
    "aggregated_results": 0.324165939613655,
    "rw_small": 0.5599148372809092,
    "95%_CI_above": 0.41118985866861685,
    "99%_CI_above": 0.42188291543203854,
    "low_variance_datasets": 0.41080076281319966,
    "model_uuid": "59ae702e-1fd8-4d31-ae6b-ed8a7f1fed87",
    "_filename": "exp_data/evals/evaluation_rw_v2_w_substr_trafilatura-open_lm_1b-warm=5000-lr=0p003-wd=0p033-cd=3e-05-bs=256-mult=1-seed=124-tokens=28795904000_heavy.json",
    "missing tasks": "[]",
    "rw_small_centered": 0.2513944984179491,
    "95%_CI_above_centered": 0.21820229929734522,
    "99%_CI_above_centered": 0.26253840833345415,
    "low_variance_datasets_centered": 0.26512231195190405,
    "Core": 0.26512231195190405,
    "Extended": 0.13438257400128217
}