{
    "name": "/mnt/task_runtime/dcnlp/eval/heavy",
    "uuid": "fea6e28c-e7a8-4647-a549-8fe1961454bc",
    "model": "open_lm_1b_swiglutorch",
    "creation_date": "2024_06_03-23_03_37",
    "eval_metrics": {
        "icl": {
            "mmlu_zeroshot": 0.23325483527099877,
            "hellaswag_zeroshot": 0.5491933822631836,
            "jeopardy": 0.01540185147896409,
            "triviaqa_sm_sub": 0.0976666659116745,
            "gsm8k_cot": 0.006823351141065359,
            "agi_eval_sat_math_cot": 0.004545454401522875,
            "aqua_cot": 0.004081632476300001,
            "svamp_cot": 0.0533333346247673,
            "bigbench_qa_wikidata": 0.5640962719917297,
            "arc_easy": 0.5450336933135986,
            "arc_challenge": 0.2696245610713959,
            "mmlu_fewshot": 0.2569168489753154,
            "bigbench_misconceptions": 0.47031962871551514,
            "copa": 0.6800000071525574,
            "siqa": 0.5071647763252258,
            "commonsense_qa": 0.21294021606445312,
            "piqa": 0.7312296032905579,
            "openbook_qa": 0.35199999809265137,
            "bigbench_novel_concepts": 0.40625,
            "bigbench_strange_stories": 0.49425286054611206,
            "bigbench_strategy_qa": 0.5172564387321472,
            "lambada_openai": 0.4731224477291107,
            "hellaswag": 0.5602469444274902,
            "winograd": 0.6996337175369263,
            "winogrande": 0.5540646910667419,
            "bigbench_conlang_translation": 0.012195121496915817,
            "bigbench_language_identification": 0.2581000030040741,
            "bigbench_conceptual_combinations": 0.3203883469104767,
            "bigbench_elementary_math_qa": 0.24019916355609894,
            "bigbench_dyck_languages": 0.15700000524520874,
            "agi_eval_lsat_ar": 0.17391304671764374,
            "bigbench_cs_algorithms": 0.4068181812763214,
            "bigbench_logical_deduction": 0.26466667652130127,
            "bigbench_operators": 0.20952381193637848,
            "bigbench_repeat_copy_logic": 0.03125,
            "simple_arithmetic_nospaces": 0.0010000000474974513,
            "simple_arithmetic_withspaces": 0.004000000189989805,
            "math_qa": 0.25477707386016846,
            "logi_qa": 0.2549923062324524,
            "pubmed_qa_labeled": 0.40700000524520874,
            "squad": 0.17559128999710083,
            "agi_eval_lsat_rc": 0.25,
            "agi_eval_lsat_lr": 0.27450981736183167,
            "coqa": 0.17950645089149475,
            "bigbench_understanding_fables": 0.24338623881340027,
            "boolq": 0.5168195962905884,
            "agi_eval_sat_en": 0.30582523345947266,
            "winogender_mc_female": 0.4166666567325592,
            "winogender_mc_male": 0.5333333611488342,
            "enterprise_pii_classification": 0.5027982592582703,
            "bbq": 0.5171478065577421,
            "gpqa_main": 0.2254464328289032,
            "gpqa_diamond": 0.2525252401828766
        }
    },
    "aggregated_task_categories_centered": {
        "commonsense reasoning": 0.1895727741456163,
        "language understanding": 0.26037262550558243,
        "reading comprehension": 0.09685926034785153,
        "safety": -0.01502695815129712,
        "symbolic problem solving": 0.06831748250299921,
        "world knowledge": 0.09948728623375167
    },
    "aggregated_centered_results": 0.11950876504282487,
    "aggregated_results": 0.31411006298797767,
    "rw_small": 0.5191226551930109,
    "rw_small_centered": 0.16917847785336235,
    "95%_CI_above": 0.39224439038465697,
    "95%_CI_above_centered": 0.1941016838131552,
    "99%_CI_above": 0.3898612187972859,
    "99%_CI_above_centered": 0.21891015267772507,
    "low_variance_datasets": 0.3779595350380987,
    "low_variance_datasets_centered": 0.21846206245313746,
    "model_uuid": "3f60eaea-07ae-4ca5-9529-543d1f4ddebc",
    "_filename": "exp_data/evals/evaluation_c4_original-open_lm_1b_swiglutorch-warm=5000-lr=0p003-wd=0p33-cd=3e-05-bs=256-mult=1-seed=124-tokens=28795904000_heavy.json",
    "missing tasks": "[]",
    "Core": 0.21846206245313746,
    "Extended": 0.11950876504282487
}