{
    "name": "eval/heavy",
    "uuid": "9c524556-6285-4d8c-93c8-27c4f37114cc",
    "model": "allenai/OLMo-1B",
    "creation_date": "2024_03_16-04_02_22",
    "eval_metrics": {
        "icl": {
            "mmlu_zeroshot": 0.23590926643003496,
            "hellaswag_zeroshot": 0.6224855780601501,
            "jeopardy": 0.20928356647491456,
            "triviaqa_sm_sub": 0.2516666650772095,
            "gsm8k": 0.012888551689684391,
            "agi_eval_sat_math": 0.022727273404598236,
            "aqua": 0.01224489789456129,
            "bigbench_qa_wikidata": 0.6497711539268494,
            "arc_easy": 0.6342592835426331,
            "arc_challenge": 0.3464163839817047,
            "bigbench_misconceptions": 0.5159817337989807,
            "copa": 0.699999988079071,
            "siqa": 0.48259979486465454,
            "commonsense_qa": 0.2702702581882477,
            "piqa": 0.7611533999443054,
            "openbook_qa": 0.3700000047683716,
            "bigbench_novel_concepts": 0.53125,
            "bigbench_strange_stories": 0.5574712753295898,
            "bigbench_strategy_qa": 0.5120139718055725,
            "lambada_openai": 0.5635551810264587,
            "hellaswag": 0.6331408023834229,
            "winograd": 0.7545787692070007,
            "winogrande": 0.5998421311378479,
            "bigbench_conlang_translation": 0.018292682245373726,
            "bigbench_language_identification": 0.258899986743927,
            "bigbench_conceptual_combinations": 0.28155338764190674,
            "bigbench_elementary_math_qa": 0.25369498133659363,
            "bigbench_dyck_languages": 0.21799999475479126,
            "agi_eval_lsat_ar": 0.23043477535247803,
            "bigbench_cs_algorithms": 0.4371212124824524,
            "bigbench_logical_deduction": 0.2433333396911621,
            "bigbench_operators": 0.2142857164144516,
            "bigbench_repeat_copy_logic": 0.03125,
            "simple_arithmetic_nospaces": 0.008999999612569809,
            "simple_arithmetic_withspaces": 0.010999999940395355,
            "math_qa": 0.25209519267082214,
            "logi_qa": 0.28264209628105164,
            "pubmed_qa_labeled": 0.4740000069141388,
            "squad": 0.3736991584300995,
            "agi_eval_lsat_rc": 0.26865673065185547,
            "agi_eval_lsat_lr": 0.250980406999588,
            "coqa": 0.3020167946815491,
            "bigbench_understanding_fables": 0.30158731341362,
            "boolq": 0.5400611758232117,
            "agi_eval_sat_en": 0.27184465527534485,
            "winogender_mc_female": 0.4166666567325592,
            "winogender_mc_male": 0.550000011920929,
            "enterprise_pii_classification": 0.4886597990989685,
            "bbq": 0.46671114455569873,
            "mmlu_fewshot": 0.2596767212738071,
            "gsm8k_cot": 0.009855951182544231,
            "agi_eval_sat_math_cot": 0.0181818176060915,
            "aqua_cot": 0.016326529905200005,
            "svamp_cot": 0.06333333253860474,
            "gpqa_main": 0.2120535671710968,
            "gpqa_diamond": 0.22727273404598236
        }
    },
    "aggregated_task_categories_centered": {
        "commonsense reasoning": 0.24343314349161704,
        "language understanding": 0.3156213930424311,
        "reading comprehension": 0.155625925513736,
        "safety": -0.0389811938459223,
        "symbolic problem solving": 0.08467469039079668,
        "world knowledge": 0.169680212833728
    },
    "aggregated_centered_results": 0.16091398877731725,
    "aggregated_results": 0.34820447323426196,
    "rw_small": 0.5738440901041031,
    "95%_CI_above": 0.44637341910561956,
    "99%_CI_above": 0.4532297884640486,
    "rw_small_centered": 0.2544778731831333,
    "95%_CI_above_centered": 0.2584382685186715,
    "99%_CI_above_centered": 0.29588563748550817,
    "low_variance_datasets": 0.4418420597910881,
    "low_variance_datasets_centered": 0.29721629605993444,
    "_filename": "exp_data/evals/evaluation_olmo_1b_heavy.json",
    "missing tasks": "[]",
    "Core": 0.29721629605993444,
    "Extended": 0.16091398877731725
}