{
    "name": "/mnt/task_runtime/dcnlp/eval/heavy",
    "uuid": "4119ade1-94c1-48fc-aeb7-d5a5db6fdb43",
    "model": "open_lm_1b",
    "creation_date": "2024_01_16-03_58_41",
    "eval_metrics": {
        "icl": {
            "mmlu_zeroshot": 0.24765170849206156,
            "hellaswag_zeroshot": 0.6079466342926025,
            "jeopardy": 0.23463099002838134,
            "triviaqa_sm_sub": 0.00033333332976326346,
            "gsm8k": 0.0,
            "agi_eval_sat_math": 0.004545454401522875,
            "aqua": 0.0,
            "bigbench_qa_wikidata": 0.6365336179733276,
            "arc_easy": 0.6207912564277649,
            "arc_challenge": 0.335324227809906,
            "bigbench_misconceptions": 0.5022830963134766,
            "copa": 0.699999988079071,
            "siqa": 0.48618218302726746,
            "commonsense_qa": 0.3808353841304779,
            "piqa": 0.7568008899688721,
            "openbook_qa": 0.3720000088214874,
            "bigbench_novel_concepts": 0.4375,
            "bigbench_strange_stories": 0.568965494632721,
            "bigbench_strategy_qa": 0.5268676280975342,
            "lambada_openai": 0.5631670951843262,
            "hellaswag": 0.615216076374054,
            "winograd": 0.7838827967643738,
            "winogrande": 0.5966851115226746,
            "bigbench_conlang_translation": 0.030487805604934692,
            "bigbench_language_identification": 0.2572000026702881,
            "bigbench_conceptual_combinations": 0.27184465527534485,
            "bigbench_elementary_math_qa": 0.23461739718914032,
            "bigbench_dyck_languages": 0.17100000381469727,
            "agi_eval_lsat_ar": 0.22173912823200226,
            "bigbench_cs_algorithms": 0.4515151381492615,
            "bigbench_logical_deduction": 0.26600000262260437,
            "bigbench_operators": 0.20000000298023224,
            "bigbench_repeat_copy_logic": 0.0625,
            "simple_arithmetic_nospaces": 0.004999999888241291,
            "simple_arithmetic_withspaces": 0.004000000189989805,
            "math_qa": 0.24539054930210114,
            "logi_qa": 0.25652840733528137,
            "pubmed_qa_labeled": 0.4320000112056732,
            "squad": 0.4473036825656891,
            "agi_eval_lsat_rc": 0.2537313401699066,
            "agi_eval_lsat_lr": 0.2568627595901489,
            "coqa": 0.3082800805568695,
            "bigbench_understanding_fables": 0.26455026865005493,
            "boolq": 0.6146789193153381,
            "agi_eval_sat_en": 0.28155338764190674,
            "winogender_mc_female": 0.5166666507720947,
            "winogender_mc_male": 0.5,
            "enterprise_pii_classification": 0.5131075382232666,
            "bbq": 0.4528208862651478,
            "mmlu_fewshot": 0.2575916927634624,
            "gsm8k_cot": 0.012130402028560638,
            "agi_eval_sat_math_cot": 0.0181818176060915,
            "aqua_cot": 0.008163264952600002,
            "svamp_cot": 0.05000000074505806,
            "gpqa_main": 0.2075892835855484,
            "gpqa_diamond": 0.21717171370983124
        }
    },
    "model_uuid": "c014f9d6-51d0-429d-9a3e-fe82e53c37fd",
    "aggregated_task_categories_centered": {
        "commonsense reasoning": 0.2525640444332982,
        "language understanding": 0.31637151983983575,
        "reading comprehension": 0.17932282180705092,
        "safety": -0.008702462369745423,
        "symbolic problem solving": 0.07824801603400203,
        "world knowledge": 0.13908906443431915
    },
    "aggregated_centered_results": 0.16067675705690038,
    "aggregated_results": 0.34460008141267,
    "rw_small": 0.5792376895745596,
    "95%_CI_above": 0.4489821485497735,
    "99%_CI_above": 0.46199732967045,
    "low_variance_datasets": 0.4517286834391681,
    "_filename": "exp_data/evals/evaluation_rw_original-open_lm_1b-5.0_heavy.json",
    "missing tasks": "[]",
    "rw_small_centered": 0.2774639188894752,
    "95%_CI_above_centered": 0.26603786329717743,
    "99%_CI_above_centered": 0.31226679013429665,
    "low_variance_datasets_centered": 0.31394360782739134,
    "Core": 0.31394360782739134,
    "Extended": 0.16067675705690038
}