{
    "name": "/mnt/task_runtime/dcnlp/eval/heavy",
    "uuid": "8d1606d6-a645-4112-8506-c785ed5210fa",
    "model": "open_lm_1b",
    "creation_date": "2024_06_04-11_19_06",
    "eval_metrics": {
        "icl": {
            "mmlu_zeroshot": 0.2619090069804275,
            "hellaswag_zeroshot": 0.6269667148590088,
            "jeopardy": 0.38238917887210844,
            "triviaqa_sm_sub": 0.28866666555404663,
            "gsm8k_cot": 0.028051553294062614,
            "agi_eval_sat_math_cot": 0.013636363670229912,
            "aqua_cot": 0.01224489789456129,
            "svamp_cot": 0.07666666805744171,
            "bigbench_qa_wikidata": 0.6308252811431885,
            "arc_easy": 0.7192760705947876,
            "arc_challenge": 0.4351535737514496,
            "mmlu_fewshot": 0.2547498342760822,
            "bigbench_misconceptions": 0.5205479264259338,
            "copa": 0.7300000190734863,
            "siqa": 0.5204708576202393,
            "commonsense_qa": 0.20720720291137695,
            "piqa": 0.7480957508087158,
            "openbook_qa": 0.44200000166893005,
            "bigbench_novel_concepts": 0.46875,
            "bigbench_strange_stories": 0.5517241358757019,
            "bigbench_strategy_qa": 0.5631279945373535,
            "lambada_openai": 0.5373568534851074,
            "hellaswag": 0.632344126701355,
            "winograd": 0.7765567898750305,
            "winogrande": 0.6069455146789551,
            "bigbench_conlang_translation": 0.030487805604934692,
            "bigbench_language_identification": 0.25859999656677246,
            "bigbench_conceptual_combinations": 0.26213592290878296,
            "bigbench_elementary_math_qa": 0.24643605947494507,
            "bigbench_dyck_languages": 0.1340000033378601,
            "agi_eval_lsat_ar": 0.239130437374115,
            "bigbench_cs_algorithms": 0.4431818127632141,
            "bigbench_logical_deduction": 0.24266666173934937,
            "bigbench_operators": 0.22857142984867096,
            "bigbench_repeat_copy_logic": 0.03125,
            "simple_arithmetic_nospaces": 0.017000000923871994,
            "simple_arithmetic_withspaces": 0.027000000700354576,
            "math_qa": 0.2504190504550934,
            "logi_qa": 0.2304147481918335,
            "pubmed_qa_labeled": 0.3630000054836273,
            "squad": 0.4664143919944763,
            "agi_eval_lsat_rc": 0.2537313401699066,
            "agi_eval_lsat_lr": 0.2568627595901489,
            "coqa": 0.3518727421760559,
            "bigbench_understanding_fables": 0.24338623881340027,
            "boolq": 0.6657492518424988,
            "agi_eval_sat_en": 0.26213592290878296,
            "winogender_mc_female": 0.38333332538604736,
            "winogender_mc_male": 0.5833333134651184,
            "enterprise_pii_classification": 0.5222386121749878,
            "bbq": 0.43864204395901074,
            "gpqa_main": 0.2209821492433548,
            "gpqa_diamond": 0.21212121844291687
        }
    },
    "missing tasks": "[]",
    "aggregated_task_categories_centered": {
        "commonsense reasoning": 0.25848850750106983,
        "language understanding": 0.3184779235279665,
        "reading comprehension": 0.18879207017782487,
        "safety": -0.03622635250741785,
        "symbolic problem solving": 0.07871277463031277,
        "world knowledge": 0.21485661161399028
    },
    "aggregated_centered_results": 0.17566830821169455,
    "aggregated_results": 0.3566181175122587,
    "rw_small": 0.6306818574666977,
    "rw_small_centered": 0.3615798301864089,
    "95%_CI_above": 0.46012844553628524,
    "95%_CI_above_centered": 0.28418820152340335,
    "99%_CI_above": 0.47480546806169593,
    "99%_CI_above_centered": 0.33286248728075984,
    "low_variance_datasets": 0.46790396110578014,
    "low_variance_datasets_centered": 0.33785174598594225,
    "model_uuid": "db0a67c4-dcad-4840-8817-15d07934008e",
    "_filename": "exp_data/evals/evaluation_fineweb_edu_sample_350BT-open_lm_1b-warm=5000-lr=0p003-wd=0p033-cd=3e-05-bs=256-mult=5-seed=124-tokens=143979520000_heavy.json",
    "Core": 0.33785174598594225,
    "Extended": 0.17566830821169455
}