{
    "name": "/home/ubuntu/research/openlm/dcnlp/eval/heavy",
    "uuid": "6a8e6575-2b72-4d25-952a-51cd4821e766",
    "model": "d=1024_l=24_h=8",
    "creation_date": "2024_04_28-16_18_15",
    "eval_metrics": {
        "perplexity": 3.005783369143804,
        "downstream_perpexity": {
            "mmlu": 2.217790421487395,
            "hellaswag": 2.6946543346147473,
            "jeopardy_all": 3.282116080208888,
            "triviaqa_sm_sub": 3.397268777012825,
            "gsm8k": 2.4387278357087165,
            "agi_eval_sat_math": 2.11007419499484,
            "aqua": 2.8979587477080675,
            "svamp": 2.975059537887573,
            "bigbench_qa_wikidata": 4.424944439962573,
            "arc_easy": 3.254801298532422,
            "arc_challenge": 3.2666808837713237,
            "bigbench_misconceptions": 6.386241586241003,
            "copa": 2.9765948915481566,
            "siqa": 2.35112551315292,
            "commonsense_qa": 2.436056458295905,
            "piqa": 2.9880050786561103,
            "openbook_qa": 4.677042939662933,
            "bigbench_novel_concepts": 3.373065337538719,
            "bigbench_strange_stories": 3.4295682646762367,
            "bigbench_strategy_qa": 2.133056927685552,
            "lambada_openai": 2.19038846096873,
            "winograd_wsc": 2.8711367085739807,
            "winogrande": 3.3292598854206448,
            "bigbench_conlang_translation": 2.462346175821816,
            "bigbench_language_identification": 5.322334070781823,
            "bigbench_conceptual_combinations": 1.146266176862624,
            "bigbench_elementary_math_qa": 3.59044696662411,
            "bigbench_dyck_languages": 4.84617227935791,
            "agi_eval_lsat_ar": 2.772366838869841,
            "bigbench_cs_algorithms": 6.762398712201552,
            "bigbench_logical_deduction": 1.2690888370672861,
            "bigbench_operators": 5.423147778283982,
            "bigbench_repeat_copy_logic": 1.7896814867854118,
            "simple_arithmetic_nospaces": 7.082946047306061,
            "simple_arithmetic_withspaces": 6.78879704284668,
            "math_qa": 6.276626484768926,
            "logi_qa": 2.0652081146035144,
            "pubmed_qa_labeled": 6.53495586013794,
            "squad": 2.2950911247628754,
            "agi_eval_lsat_rc": 2.297143635465138,
            "agi_eval_lsat_lr": 2.362508594756033,
            "coqa": 3.100369656457797,
            "bigbench_understanding_fables": 6.049603161988435,
            "boolq": 4.403570495322574,
            "agi_eval_sat_en": 2.258072187020941,
            "winogender_mc_female": 1.5659470170736314,
            "winogender_mc_male": 1.7531385838985443,
            "enterprise_pii_classification": 6.008447882212666,
            "bbq": 0.5292864904222382,
            "human_eval_return_complex": 3.8512111554934285,
            "human_eval_return_simple": 6.7774478422628865,
            "human_eval-0.5": 3.801907412889527,
            "human_eval-0.25": 3.91808938543971,
            "human_eval-0.75": 3.820262250376911,
            "human_eval": 4.032126114135835,
            "processed_human_eval_cpp": 3.51966202777365,
            "processed_human_eval_js": 2.8984278338711436
        },
        "icl": {
            "mmlu_zeroshot": 0.23461501404904483,
            "hellaswag_zeroshot": 0.3725353479385376,
            "jeopardy": 0.010564060742035508,
            "triviaqa_sm_sub": 0.058666665107011795,
            "gsm8k": 0.010614101774990559,
            "agi_eval_sat_math": 0.004545454401522875,
            "aqua": 0.0,
            "bigbench_qa_wikidata": 0.4265538156032562,
            "arc_easy": 0.4579124450683594,
            "arc_challenge": 0.22610922157764435,
            "mmlu_fewshot": 0.2551994370786767,
            "bigbench_misconceptions": 0.47031962871551514,
            "copa": 0.5899999737739563,
            "siqa": 0.5051177144050598,
            "commonsense_qa": 0.23914824426174164,
            "piqa": 0.6692056655883789,
            "openbook_qa": 0.2919999957084656,
            "bigbench_novel_concepts": 0.34375,
            "bigbench_strange_stories": 0.4655172526836395,
            "bigbench_strategy_qa": 0.4997815787792206,
            "lambada_openai": 0.3704638183116913,
            "hellaswag": 0.3746265769004822,
            "winograd": 0.5860806107521057,
            "winogrande": 0.5059195160865784,
            "bigbench_conlang_translation": 0.012195121496915817,
            "bigbench_language_identification": 0.25270000100135803,
            "bigbench_conceptual_combinations": 0.291262149810791,
            "bigbench_elementary_math_qa": 0.24795597791671753,
            "bigbench_dyck_languages": 0.18400000035762787,
            "agi_eval_lsat_ar": 0.2130434811115265,
            "bigbench_cs_algorithms": 0.4469696879386902,
            "bigbench_logical_deduction": 0.2626666724681854,
            "bigbench_operators": 0.13809524476528168,
            "bigbench_repeat_copy_logic": 0.0,
            "simple_arithmetic_nospaces": 0.0020000000949949026,
            "simple_arithmetic_withspaces": 0.0010000000474974513,
            "math_qa": 0.24136775732040405,
            "logi_qa": 0.2764976918697357,
            "pubmed_qa_labeled": 0.48899999260902405,
            "squad": 0.10596026480197906,
            "agi_eval_lsat_rc": 0.24626865983009338,
            "agi_eval_lsat_lr": 0.25882354378700256,
            "coqa": 0.14693723618984222,
            "bigbench_understanding_fables": 0.30158731341362,
            "boolq": 0.5892966389656067,
            "agi_eval_sat_en": 0.2330097109079361,
            "winogender_mc_female": 0.5,
            "winogender_mc_male": 0.46666666865348816,
            "enterprise_pii_classification": 0.5381443500518799,
            "bbq": 0.5083851597525857,
            "gpqa_main": 0.2254464328289032,
            "gpqa_diamond": 0.21212121844291687,
            "gsm8k_cot": 0.008339650928974152,
            "agi_eval_sat_math_cot": 0.004545454401522875,
            "aqua_cot": 0.004081632476300001,
            "svamp_cot": 0.07000000029802322
        }
    },
    "aggregated_task_categories_centered": {
        "commonsense reasoning": 0.12395991113614933,
        "language understanding": 0.14113905202910895,
        "reading comprehension": 0.11209935657353254,
        "safety": 0.006598089228976867,
        "symbolic problem solving": 0.07161499867311436,
        "world knowledge": 0.05849621576107276
    },
    "aggregated_centered_results": 0.08873898212327695,
    "aggregated_results": 0.2911783829749212,
    "rw_small": 0.4569621905684471,
    "rw_small_centered": 0.08663055788703829,
    "95%_CI_above": 0.35329438461846513,
    "95%_CI_above_centered": 0.14187625950713087,
    "99%_CI_above": 0.3466333125697692,
    "99%_CI_above_centered": 0.16141726702702472,
    "low_variance_datasets": 0.32718735670205207,
    "low_variance_datasets_centered": 0.1511452835813303,
    "model_uuid": "cb37d0fe-84ba-4db3-9f18-1accb622b028",
    "_filename": "exp_data/evals/evaluation_rw_original-d=1024_l=24_h=8-warm=2000-lr=0p003-wd=0p033-cd=3e-05-bs=512-mult=1-seed=124-tokens=8232325120_heavy.json",
    "missing tasks": "[]",
    "Core": 0.1511452835813303,
    "Extended": 0.08873898212327695
}