{
    "name": "/mnt/task_runtime/dcnlp/eval/heavy",
    "uuid": "b317b2d1-1a98-48e1-9254-132b90bac39f",
    "model": "open_lm_1b",
    "creation_date": "2024_03_21-22_21_01",
    "eval_metrics": {
        "icl": {
            "mmlu_zeroshot": 0.2657268682592793,
            "hellaswag_zeroshot": 0.4985062777996063,
            "jeopardy": 0.24551388770341873,
            "triviaqa_sm_sub": 0.20233333110809326,
            "gsm8k": 0.008339650928974152,
            "agi_eval_sat_math": 0.00909090880304575,
            "aqua": 0.008163264952600002,
            "bigbench_qa_wikidata": 0.5920968651771545,
            "arc_easy": 0.6359427571296692,
            "arc_challenge": 0.3361774682998657,
            "bigbench_misconceptions": 0.4885844886302948,
            "copa": 0.6899999976158142,
            "siqa": 0.5030706524848938,
            "commonsense_qa": 0.26699426770210266,
            "piqa": 0.7181719541549683,
            "openbook_qa": 0.36800000071525574,
            "bigbench_novel_concepts": 0.53125,
            "bigbench_strange_stories": 0.517241358757019,
            "bigbench_strategy_qa": 0.5041502714157104,
            "lambada_openai": 0.5618086457252502,
            "hellaswag": 0.5096594095230103,
            "winograd": 0.7289377450942993,
            "winogrande": 0.5603788495063782,
            "bigbench_conlang_translation": 0.024390242993831635,
            "bigbench_language_identification": 0.25780001282691956,
            "bigbench_conceptual_combinations": 0.3106796145439148,
            "bigbench_elementary_math_qa": 0.2530922293663025,
            "bigbench_dyck_languages": 0.1550000011920929,
            "agi_eval_lsat_ar": 0.25652173161506653,
            "bigbench_cs_algorithms": 0.4113636314868927,
            "bigbench_logical_deduction": 0.23999999463558197,
            "bigbench_operators": 0.18571428954601288,
            "bigbench_repeat_copy_logic": 0.0625,
            "simple_arithmetic_nospaces": 0.004000000189989805,
            "simple_arithmetic_withspaces": 0.003000000026077032,
            "math_qa": 0.243379145860672,
            "logi_qa": 0.2703533172607422,
            "pubmed_qa_labeled": 0.49399998784065247,
            "squad": 0.36121097207069397,
            "agi_eval_lsat_rc": 0.26492536067962646,
            "agi_eval_lsat_lr": 0.2666666805744171,
            "coqa": 0.27583613991737366,
            "bigbench_understanding_fables": 0.2539682686328888,
            "boolq": 0.5737003087997437,
            "agi_eval_sat_en": 0.17961165308952332,
            "winogender_mc_female": 0.5166666507720947,
            "winogender_mc_male": 0.5,
            "enterprise_pii_classification": 0.5139911770820618,
            "bbq": 0.45376141233877704,
            "mmlu_fewshot": 0.24324526938430052,
            "gsm8k_cot": 0.004548900760710239,
            "agi_eval_sat_math_cot": 0.00909090880304575,
            "aqua_cot": 0.008163264952600002,
            "svamp_cot": 0.0533333346247673,
            "gpqa_main": 0.2142857164144516,
            "gpqa_diamond": 0.17676767706871033
        }
    },
    "aggregated_task_categories_centered": {
        "commonsense reasoning": 0.22115554028553241,
        "language understanding": 0.2633488555443939,
        "reading comprehension": 0.1434131331676454,
        "safety": -0.007790379903533234,
        "symbolic problem solving": 0.07589598031178729,
        "world knowledge": 0.15133074033242916
    },
    "aggregated_centered_results": 0.1442250154786329,
    "aggregated_results": 0.33520967909721927,
    "rw_small": 0.5491176098585129,
    "rw_small_centered": 0.223291956541831,
    "95%_CI_above": 0.4311507493305903,
    "95%_CI_above_centered": 0.23843624316139728,
    "99%_CI_above": 0.4348707115520602,
    "99%_CI_above_centered": 0.2723886431320581,
    "low_variance_datasets": 0.4205379642546177,
    "low_variance_datasets_centered": 0.2693843097262985,
    "model_uuid": "8ec8bd23-8943-487c-8768-ec7b222e9ad5",
    "_filename": "exp_data/evals/evaluation_RW_v2_OH_fasttext_paraphrased_flan_t5_base_95-open_lm_1b-warm=5000-lr=0p003-wd=0p033-cd=3e-05-bs=256-mult=1-seed=42-tokens=28795904000_heavy.json",
    "missing tasks": "[]",
    "Core": 0.2693843097262985,
    "Extended": 0.1442250154786329
}