{
    "name": "eval/heavy",
    "uuid": "91de4047-66ed-465b-8d26-ae2ad615dd49",
    "model": "mistralai/Mistral-7B-v0.3",
    "creation_date": "2024_06_03-21_09_43",
    "eval_metrics": {
        "icl": {
            "mmlu_zeroshot": 0.5492978556114331,
            "hellaswag_zeroshot": 0.7999402284622192,
            "jeopardy": 0.5334876418113709,
            "bigbench_qa_wikidata": 0.7351508140563965,
            "arc_easy": 0.8017676472663879,
            "arc_challenge": 0.5665528774261475,
            "mmlu_fewshot": 0.6266641326640782,
            "bigbench_misconceptions": 0.6757990717887878,
            "copa": 0.8199999928474426,
            "siqa": 0.7942681908607483,
            "commonsense_qa": 0.7698607444763184,
            "piqa": 0.8231773376464844,
            "openbook_qa": 0.46399998664855957,
            "bigbench_novel_concepts": 0.75,
            "bigbench_strange_stories": 0.7816091775894165,
            "bigbench_strategy_qa": 0.647007405757904,
            "lambada_openai": 0.752183198928833,
            "hellaswag": 0.816769540309906,
            "winograd": 0.8937729001045227,
            "winogrande": 0.7419100403785706,
            "bigbench_conlang_translation": 0.012195121496915817,
            "bigbench_language_identification": 0.5406000018119812,
            "bigbench_conceptual_combinations": 0.737864077091217,
            "bigbench_elementary_math_qa": 0.3560534715652466,
            "bigbench_dyck_languages": 0.382999986410141,
            "agi_eval_lsat_ar": 0.260869562625885,
            "bigbench_cs_algorithms": 0.5234848260879517,
            "bigbench_logical_deduction": 0.41200000047683716,
            "bigbench_operators": 0.6380952596664429,
            "bigbench_repeat_copy_logic": 0.46875,
            "simple_arithmetic_nospaces": 0.3709999918937683,
            "simple_arithmetic_withspaces": 0.3779999911785126,
            "math_qa": 0.27254441380500793,
            "logi_qa": 0.379416286945343,
            "pubmed_qa_labeled": 0.7599999904632568,
            "squad": 0.6457899808883667,
            "agi_eval_lsat_rc": 0.6865671873092651,
            "agi_eval_lsat_lr": 0.5529412031173706,
            "coqa": 0.44920456409454346,
            "bigbench_understanding_fables": 0.6402116417884827,
            "boolq": 0.8584097623825073,
            "agi_eval_sat_en": 0.737864077091217,
            "winogender_mc_female": 0.46666666865348816,
            "winogender_mc_male": 0.5,
            "enterprise_pii_classification": 0.8447717428207397,
            "bbq": 0.7111461975357749,
            "gpqa_main": 0.2388392835855484,
            "gpqa_diamond": 0.23232322931289673,
            "gsm8k_cot": 0.35708871483802795,
            "agi_eval_sat_math_cot": 0.19090908765792847,
            "aqua_cot": 0.09387755393981934,
            "svamp_cot": 0.5,
            "triviaqa_sm_sub": 0.6326666474342346
        }
    },
    "aggregated_task_categories_centered": {
        "commonsense reasoning": 0.5650379477308012,
        "language understanding": 0.5837231823519831,
        "reading comprehension": 0.5915655154212002,
        "safety": 0.2612923045050014,
        "symbolic problem solving": 0.31206166978976496,
        "world knowledge": 0.4273496614701567
    },
    "aggregated_centered_results": 0.4513623404452816,
    "aggregated_results": 0.5693654586529103,
    "rw_small": 0.7647634247938792,
    "rw_small_centered": 0.6070380859207689,
    "95%_CI_above": 0.663442235469044,
    "95%_CI_above_centered": 0.560301272363908,
    "99%_CI_above": 0.6674325489479562,
    "99%_CI_above_centered": 0.5862720721259906,
    "low_variance_datasets": 0.6493989497423173,
    "low_variance_datasets_centered": 0.56951471116966,
    "_filename": "exp_data/evals/evaluation_mistral_7b_v0.3_heavy.json",
    "missing tasks": "[]",
    "Core": 0.56951471116966,
    "Extended": 0.4513623404452816
}