{
    "name": "/opt/ml/code/eval/heavy",
    "uuid": "55f71c5b-8676-4c36-9b21-30336930dd8f",
    "model": "d=1024_l=24_h=8",
    "creation_date": "2024_05_28-19_34_09",
    "eval_metrics": {
        "perplexity": 2.545383216937383,
        "downstream_perpexity": {
            "mmlu": 4.699097304003919,
            "hellaswag": 2.8324049198872014,
            "jeopardy_all": 2.964803288216066,
            "triviaqa_sm_sub": 3.371379190246264,
            "gsm8k": 2.4471538116572207,
            "agi_eval_sat_math": 1.89160710031336,
            "aqua": 2.9067808131782376,
            "svamp": 2.999664618174235,
            "bigbench_qa_wikidata": 4.928174932948319,
            "arc_easy": 3.3557845267783915,
            "arc_challenge": 3.306575575989668,
            "bigbench_misconceptions": 5.47843032122747,
            "copa": 3.054147865772247,
            "siqa": 4.57690895396831,
            "commonsense_qa": 5.165216052268589,
            "piqa": 3.144745461310344,
            "openbook_qa": 4.790675058841705,
            "bigbench_novel_concepts": 3.5288825184106827,
            "bigbench_strange_stories": 3.494343268460241,
            "bigbench_strategy_qa": 2.4362720368261574,
            "lambada_openai": 2.1703878123838765,
            "winograd_wsc": 2.9185972997557115,
            "winogrande": 3.419004821927884,
            "bigbench_conlang_translation": 2.4957496582007987,
            "bigbench_language_identification": 4.049473642205973,
            "bigbench_conceptual_combinations": 0.7267157799989274,
            "bigbench_elementary_math_qa": 3.523334841208388,
            "bigbench_dyck_languages": 5.544174140453339,
            "agi_eval_lsat_ar": 4.612545698621998,
            "bigbench_cs_algorithms": 7.299284833850282,
            "bigbench_logical_deduction": 0.9346958875656128,
            "bigbench_operators": 5.645614410582043,
            "bigbench_repeat_copy_logic": 1.930675532668829,
            "simple_arithmetic_nospaces": 7.713743883609772,
            "simple_arithmetic_withspaces": 6.589907608985901,
            "math_qa": 5.0988532172486645,
            "logi_qa": 3.979365381960129,
            "pubmed_qa_labeled": 4.884939318656921,
            "squad": 2.221924873884827,
            "agi_eval_lsat_rc": 4.387628632694928,
            "agi_eval_lsat_lr": 4.63252090846791,
            "coqa": 2.2471356645541936,
            "bigbench_understanding_fables": 4.632362009986998,
            "boolq": 4.092484607317397,
            "agi_eval_sat_en": 4.922338897742114,
            "winogender_mc_female": 2.077461528778076,
            "winogender_mc_male": 2.1055367747942606,
            "enterprise_pii_classification": 2.9147410946145147,
            "bbq": 0.45324099724963923,
            "human_eval_return_complex": 1.3466850190650759,
            "human_eval_return_simple": 3.6598220129270813,
            "human_eval-0.5": 1.2227252496451866,
            "human_eval-0.25": 1.2670955323591464,
            "human_eval-0.75": 1.2438850686317537,
            "human_eval": 1.339838800633826,
            "processed_human_eval_cpp": 1.1414639735073777,
            "processed_human_eval_js": 1.0406168561156204
        },
        "icl": {
            "mmlu_zeroshot": 0.23061157632292362,
            "hellaswag_zeroshot": 0.33578968048095703,
            "jeopardy": 0.007265977188944816,
            "triviaqa_sm_sub": 0.060333333909511566,
            "gsm8k_cot": 0.005307050887495279,
            "agi_eval_sat_math_cot": 0.004545454401522875,
            "aqua_cot": 0.0,
            "bigbench_qa_wikidata": 0.443039208650589,
            "arc_easy": 0.4608585834503174,
            "arc_challenge": 0.22610922157764435,
            "mmlu_fewshot": 0.2482983990196596,
            "bigbench_misconceptions": 0.42465752363204956,
            "copa": 0.5899999737739563,
            "siqa": 0.48618218302726746,
            "commonsense_qa": 0.2588042616844177,
            "piqa": 0.6273123025894165,
            "openbook_qa": 0.3019999861717224,
            "bigbench_novel_concepts": 0.28125,
            "bigbench_strange_stories": 0.4712643623352051,
            "bigbench_strategy_qa": 0.5050240159034729,
            "lambada_openai": 0.39394527673721313,
            "hellaswag": 0.3344951272010803,
            "winograd": 0.6153846383094788,
            "winogrande": 0.5114443302154541,
            "bigbench_conlang_translation": 0.012195121496915817,
            "bigbench_language_identification": 0.2549000084400177,
            "bigbench_conceptual_combinations": 0.223300963640213,
            "bigbench_elementary_math_qa": 0.238259956240654,
            "bigbench_dyck_languages": 0.22699999809265137,
            "agi_eval_lsat_ar": 0.2652173936367035,
            "bigbench_cs_algorithms": 0.4166666567325592,
            "bigbench_logical_deduction": 0.2566666603088379,
            "bigbench_operators": 0.12857143580913544,
            "bigbench_repeat_copy_logic": 0.0,
            "simple_arithmetic_nospaces": 0.0020000000949949026,
            "simple_arithmetic_withspaces": 0.004000000189989805,
            "math_qa": 0.25477707386016846,
            "logi_qa": 0.23348695039749146,
            "pubmed_qa_labeled": 0.5120000243186951,
            "squad": 0.12128666043281555,
            "agi_eval_lsat_rc": 0.23880596458911896,
            "agi_eval_lsat_lr": 0.250980406999588,
            "coqa": 0.13127896189689636,
            "bigbench_understanding_fables": 0.26455026865005493,
            "boolq": 0.6000000238418579,
            "agi_eval_sat_en": 0.20873786509037018,
            "winogender_mc_female": 0.5,
            "winogender_mc_male": 0.38333332538604736,
            "enterprise_pii_classification": 0.46097201108932495,
            "bbq": 0.5067655173214999,
            "gpqa_main": 0.2410714328289032,
            "gpqa_diamond": 0.21212121844291687,
            "svamp_cot": 0.046666666865348816
        }
    },
    "aggregated_task_categories_centered": {
        "commonsense reasoning": 0.10765761206543696,
        "language understanding": 0.1289442588085446,
        "reading comprehension": 0.10622984385771447,
        "safety": -0.0744645731015639,
        "symbolic problem solving": 0.0702260494642555,
        "world knowledge": 0.05187141425362979
    },
    "aggregated_centered_results": 0.07579057188580081,
    "aggregated_results": 0.28338745347479377,
    "rw_small": 0.45403363555669785,
    "rw_small_centered": 0.08565562318640146,
    "95%_CI_above": 0.34711675646944673,
    "95%_CI_above_centered": 0.13138826327637726,
    "99%_CI_above": 0.3464974666905144,
    "99%_CI_above_centered": 0.15823245202620959,
    "low_variance_datasets": 0.3296077139506286,
    "low_variance_datasets_centered": 0.15389592682697747,
    "model_uuid": "5f66a799-72e4-4044-9780-8936dea40bd4",
    "_filename": "exp_data/evals/evaluation_rpj_original-d=1024_l=24_h=8-warm=2000-lr=0p003-wd=0p033-cd=3e-05-bs=512-mult=1-seed=124-tokens=8232325120_heavy.json",
    "missing tasks": "[]",
    "Core": 0.15389592682697747,
    "Extended": 0.07579057188580081
}