{
    "name": "/opt/ml/code/eval/heavy",
    "uuid": "ab8d7e51-2163-4a03-8efc-387d49647759",
    "model": "open_lm_1b",
    "creation_date": "2024_02_13-21_38_47",
    "eval_metrics": {
        "perplexity": 2.5006201227506,
        "downstream_perpexity": {
            "mmlu": 1.7102868337438344,
            "hellaswag": 2.3491405871042192,
            "jeopardy_all": 2.0137298219486626,
            "triviaqa_sm_sub": 2.6393140253424643,
            "gsm8k": 1.6963190081627464,
            "agi_eval_sat_math": 1.458865234526721,
            "aqua": 2.121457202093942,
            "svamp": 2.663427956899007,
            "bigbench_qa_wikidata": 3.427865975786045,
            "arc_easy": 2.2829151597588955,
            "arc_challenge": 2.485671646664167,
            "bigbench_misconceptions": 4.634786510032062,
            "copa": 2.6243282556533813,
            "siqa": 1.4882880972132102,
            "commonsense_qa": 1.852556147700348,
            "piqa": 2.6383875147951312,
            "openbook_qa": 4.21505474281311,
            "bigbench_novel_concepts": 2.5398211032152176,
            "bigbench_strange_stories": 3.306790822538836,
            "bigbench_strategy_qa": 1.8288022793761087,
            "lambada_openai": 1.5071512585617537,
            "winograd_wsc": 2.569426811658419,
            "winogrande": 3.090955990924549,
            "bigbench_conlang_translation": 1.926431722030407,
            "bigbench_language_identification": 4.735629942541624,
            "bigbench_conceptual_combinations": 1.137185001257554,
            "bigbench_elementary_math_qa": 4.039626899720862,
            "bigbench_dyck_languages": 4.6549220328331,
            "agi_eval_lsat_ar": 1.7287675722785618,
            "bigbench_cs_algorithms": 4.968471471468607,
            "bigbench_logical_deduction": 1.3200176171461742,
            "bigbench_operators": 4.664587028253646,
            "bigbench_repeat_copy_logic": 1.350516188889742,
            "simple_arithmetic_nospaces": 6.521034248828888,
            "simple_arithmetic_withspaces": 6.343585421085358,
            "math_qa": 4.819933287856805,
            "logi_qa": 1.7106775093005366,
            "pubmed_qa_labeled": 6.653171107769013,
            "squad": 2.1078620398337815,
            "agi_eval_lsat_rc": 1.8176702047461895,
            "agi_eval_lsat_lr": 1.8453109988979264,
            "coqa": 3.056349876170975,
            "bigbench_understanding_fables": 4.976045951641426,
            "boolq": 3.259199586191673,
            "agi_eval_sat_en": 1.8848091294464555,
            "winogender_mc_female": 1.1470299512147903,
            "winogender_mc_male": 0.9870270480712254,
            "enterprise_pii_classification": 4.410313675084065,
            "bbq": 0.27552121321316025,
            "human_eval_return_complex": 2.1343972654793206,
            "human_eval_return_simple": 4.053263135858484,
            "human_eval-0.5": 2.0090732218288796,
            "human_eval-0.25": 2.1627161350192092,
            "human_eval-0.75": 1.99068102676694,
            "human_eval": 2.4285645979206736,
            "processed_human_eval_cpp": 2.3586843369170007,
            "processed_human_eval_js": 1.9451278535331167
        },
        "icl": {
            "mmlu_zeroshot": 0.26464106011808963,
            "hellaswag_zeroshot": 0.5683130621910095,
            "jeopardy": 0.20380869656801223,
            "triviaqa_sm_sub": 0.00033333332976326346,
            "gsm8k": 0.0,
            "agi_eval_sat_math": 0.00909090880304575,
            "aqua": 0.0,
            "bigbench_qa_wikidata": 0.5677378177642822,
            "arc_easy": 0.6435185074806213,
            "arc_challenge": 0.3199658691883087,
            "bigbench_misconceptions": 0.465753436088562,
            "copa": 0.6399999856948853,
            "siqa": 0.5071647763252258,
            "commonsense_qa": 0.24570024013519287,
            "piqa": 0.7426550388336182,
            "openbook_qa": 0.3479999899864197,
            "bigbench_novel_concepts": 0.5,
            "bigbench_strange_stories": 0.48275861144065857,
            "bigbench_strategy_qa": 0.5277413725852966,
            "lambada_openai": 0.5472540259361267,
            "hellaswag": 0.575482964515686,
            "winograd": 0.7179487347602844,
            "winogrande": 0.5674822330474854,
            "bigbench_conlang_translation": 0.018292682245373726,
            "bigbench_language_identification": 0.25380000472068787,
            "bigbench_conceptual_combinations": 0.223300963640213,
            "bigbench_elementary_math_qa": 0.24834905564785004,
            "bigbench_dyck_languages": 0.20399999618530273,
            "agi_eval_lsat_ar": 0.27391305565834045,
            "bigbench_cs_algorithms": 0.3696969747543335,
            "bigbench_logical_deduction": 0.2446666657924652,
            "bigbench_operators": 0.18571428954601288,
            "bigbench_repeat_copy_logic": 0.03125,
            "simple_arithmetic_nospaces": 0.006000000052154064,
            "simple_arithmetic_withspaces": 0.00800000037997961,
            "math_qa": 0.26215219497680664,
            "logi_qa": 0.2611367106437683,
            "pubmed_qa_labeled": 0.34700000286102295,
            "squad": 0.38306528329849243,
            "agi_eval_lsat_rc": 0.26119402050971985,
            "agi_eval_lsat_lr": 0.2235294133424759,
            "coqa": 0.2864837646484375,
            "bigbench_understanding_fables": 0.22751322388648987,
            "boolq": 0.5960244536399841,
            "agi_eval_sat_en": 0.20873786509037018,
            "winogender_mc_female": 0.5,
            "winogender_mc_male": 0.6000000238418579,
            "enterprise_pii_classification": 0.5142857432365417,
            "bbq": 0.4621439142660661,
            "mmlu_fewshot": 0.2681514659994527,
            "gsm8k_cot": 0.006823351141065359,
            "agi_eval_sat_math_cot": 0.0181818176060915,
            "aqua_cot": 0.01224489789456129,
            "svamp_cot": 0.0533333346247673,
            "gpqa_main": 0.2299107164144516,
            "gpqa_diamond": 0.21717171370983124
        }
    },
    "aggregated_task_categories_centered": {
        "commonsense reasoning": 0.20127732209723512,
        "language understanding": 0.2672878182388133,
        "reading comprehension": 0.12984189375614127,
        "safety": 0.03821484067223288,
        "symbolic problem solving": 0.07796362566731904,
        "world knowledge": 0.1294532497053522
    },
    "aggregated_centered_results": 0.13970004749980675,
    "aggregated_results": 0.32910051615555647,
    "rw_small": 0.5558840185403824,
    "95%_CI_above": 0.42334370325234805,
    "99%_CI_above": 0.42953481434480006,
    "model_uuid": "c01f6a45-ec2d-48c5-9210-40dc47c98bd9",
    "low_variance_datasets": 0.421446135843342,
    "_filename": "exp_data/evals/evaluation_RW_orig_bge-base_shareGPT_heuristic-open_lm_1b-warm=5000-lr=0p003-wd=0p033-cd=3e-05-bs=256-mult=1-seed=124_heavy_copy.json",
    "missing tasks": "[]",
    "rw_small_centered": 0.232377913263109,
    "95%_CI_above_centered": 0.2318302960773984,
    "99%_CI_above_centered": 0.2688790401686793,
    "low_variance_datasets_centered": 0.27217019770589873,
    "Core": 0.27217019770589873,
    "Extended": 0.13970004749980675
}