{
    "name": "/mnt/task_runtime/bolt_exp_launcher/dcnlp/eval/heavy",
    "uuid": "1cc8c5df-7e02-4534-a97f-d6c243ccbd80",
    "model": "open_lm_7b",
    "creation_date": "2024_03_08-18_30_44",
    "eval_metrics": {
        "icl": {
            "mmlu_zeroshot": 0.27131591606558414,
            "hellaswag_zeroshot": 0.7075283527374268,
            "jeopardy": 0.46779518723487856,
            "triviaqa_sm_sub": 0.00033333332976326346,
            "gsm8k": 0.006823351141065359,
            "agi_eval_sat_math": 0.004545454401522875,
            "aqua": 0.004081632476300001,
            "bigbench_qa_wikidata": 0.6967669129371643,
            "arc_easy": 0.7192760705947876,
            "arc_challenge": 0.44965869188308716,
            "bigbench_misconceptions": 0.47031962871551514,
            "copa": 0.75,
            "siqa": 0.517911970615387,
            "commonsense_qa": 0.2588042616844177,
            "piqa": 0.7801958918571472,
            "openbook_qa": 0.4259999990463257,
            "bigbench_novel_concepts": 0.5625,
            "bigbench_strange_stories": 0.6091954112052917,
            "bigbench_strategy_qa": 0.547837495803833,
            "lambada_openai": 0.6964874863624573,
            "hellaswag": 0.7146982550621033,
            "winograd": 0.8424908518791199,
            "winogrande": 0.6645619869232178,
            "bigbench_conlang_translation": 0.024390242993831635,
            "bigbench_language_identification": 0.2565000057220459,
            "bigbench_conceptual_combinations": 0.35922330617904663,
            "bigbench_elementary_math_qa": 0.25581762194633484,
            "bigbench_dyck_languages": 0.210999995470047,
            "agi_eval_lsat_ar": 0.24782608449459076,
            "bigbench_cs_algorithms": 0.43484848737716675,
            "bigbench_logical_deduction": 0.2593333423137665,
            "bigbench_operators": 0.24761904776096344,
            "bigbench_repeat_copy_logic": 0.03125,
            "simple_arithmetic_nospaces": 0.02500000037252903,
            "simple_arithmetic_withspaces": 0.023000000044703484,
            "math_qa": 0.2541066110134125,
            "logi_qa": 0.2795698940753937,
            "pubmed_qa_labeled": 0.38600000739097595,
            "squad": 0.4887417256832123,
            "agi_eval_lsat_rc": 0.21268656849861145,
            "agi_eval_lsat_lr": 0.239215686917305,
            "coqa": 0.39145684242248535,
            "bigbench_understanding_fables": 0.26455026865005493,
            "boolq": 0.6911314725875854,
            "agi_eval_sat_en": 0.2669903039932251,
            "winogender_mc_female": 0.6000000238418579,
            "winogender_mc_male": 0.4833333194255829,
            "enterprise_pii_classification": 0.5351988077163696,
            "bbq": 0.4353892450982874,
            "mmlu_fewshot": 0.28529823636799534,
            "gsm8k_cot": 0.021986354142427444,
            "agi_eval_sat_math_cot": 0.027272727340459824,
            "aqua_cot": 0.016326529905200005,
            "svamp_cot": 0.07333333045244217,
            "gpqa_main": 0.25,
            "gpqa_diamond": 0.22727273404598236
        }
    },
    "aggregated_task_categories_centered": {
        "commonsense reasoning": 0.30162299143570265,
        "language understanding": 0.41153977150599524,
        "reading comprehension": 0.2027007568741969,
        "safety": 0.02696069804104892,
        "symbolic problem solving": 0.09307336610099769,
        "world knowledge": 0.2042630222876085
    },
    "aggregated_centered_results": 0.20516003141664912,
    "aggregated_results": 0.376591443927951,
    "rw_small": 0.6636927624543508,
    "rw_small_centered": 0.41971047998171795,
    "95%_CI_above": 0.5008520128665033,
    "95%_CI_above_centered": 0.3375668195578022,
    "99%_CI_above": 0.5147537573524144,
    "99%_CI_above_centered": 0.385806606389997,
    "low_variance_datasets": 0.5079380731691013,
    "low_variance_datasets_centered": 0.39087375169371713,
    "model_uuid": "a58d8b35-d852-4bf3-a8f9-1cb6e2704682",
    "_filename": "exp_data/evals/evaluation_rw_v2_cc_v3_f0.15_resiliparse_fasttext_openhermes_vs_rw_v2_bigram_100k_train_0.1-open_lm_7b-warm=5000-lr=0p0003-wd=0p33-cd=3e-05-bs=2304-mult=1-seed=124-tokens=137788211200_heavy.json",
    "missing tasks": "[]",
    "Core": 0.39087375169371713,
    "Extended": 0.20516003141664912
}