{
    "name": "/opt/ml/code/eval/heavy",
    "uuid": "020c964d-e84d-455a-b070-9ab2787feddf",
    "model": "open_lm_1b",
    "creation_date": "2024_01_17-15_54_21",
    "eval_metrics": {
        "icl": {
            "mmlu_zeroshot": 0.23647537644495042,
            "hellaswag_zeroshot": 0.48695477843284607,
            "jeopardy": 0.18191274553537368,
            "triviaqa_sm_sub": 0.00033333332976326346,
            "gsm8k": 0.0007581501267850399,
            "agi_eval_sat_math": 0.004545454401522875,
            "aqua": 0.0,
            "bigbench_qa_wikidata": 0.6196053624153137,
            "arc_easy": 0.5765992999076843,
            "arc_challenge": 0.28327643871307373,
            "bigbench_misconceptions": 0.5068492889404297,
            "copa": 0.6100000143051147,
            "siqa": 0.4923234283924103,
            "commonsense_qa": 0.22113022208213806,
            "piqa": 0.7029379606246948,
            "openbook_qa": 0.33000001311302185,
            "bigbench_novel_concepts": 0.40625,
            "bigbench_strange_stories": 0.517241358757019,
            "bigbench_strategy_qa": 0.5176933407783508,
            "lambada_openai": 0.5455074906349182,
            "hellaswag": 0.4942242503166199,
            "winograd": 0.7545787692070007,
            "winogrande": 0.5737963914871216,
            "bigbench_conlang_translation": 0.012195121496915817,
            "bigbench_language_identification": 0.2547000050544739,
            "bigbench_conceptual_combinations": 0.35922330617904663,
            "bigbench_elementary_math_qa": 0.23715932667255402,
            "bigbench_dyck_languages": 0.30000001192092896,
            "agi_eval_lsat_ar": 0.19565217196941376,
            "bigbench_cs_algorithms": 0.4484848380088806,
            "bigbench_logical_deduction": 0.25066667795181274,
            "bigbench_operators": 0.20476190745830536,
            "bigbench_repeat_copy_logic": 0.0625,
            "simple_arithmetic_nospaces": 0.0020000000949949026,
            "simple_arithmetic_withspaces": 0.004000000189989805,
            "math_qa": 0.2567884624004364,
            "logi_qa": 0.2549923062324524,
            "pubmed_qa_labeled": 0.4399999976158142,
            "squad": 0.3500472903251648,
            "agi_eval_lsat_rc": 0.26492536067962646,
            "agi_eval_lsat_lr": 0.25882354378700256,
            "coqa": 0.25717148184776306,
            "bigbench_understanding_fables": 0.24867725372314453,
            "boolq": 0.6091743111610413,
            "agi_eval_sat_en": 0.3009708821773529,
            "winogender_mc_female": 0.4166666567325592,
            "winogender_mc_male": 0.5333333611488342,
            "enterprise_pii_classification": 0.5189985036849976,
            "bbq": 0.4773808040402152,
            "mmlu_fewshot": 0.24337201160297062,
            "gsm8k_cot": 0.007581501267850399,
            "agi_eval_sat_math_cot": 0.013636363670229912,
            "aqua_cot": 0.004081632476300001,
            "svamp_cot": 0.0533333346247673,
            "gpqa_main": 0.2232142835855484,
            "gpqa_diamond": 0.21717171370983124
        }
    },
    "model_uuid": "83004c43-9d3f-40d1-adc5-9da1902a1b82",
    "aggregated_task_categories_centered": {
        "commonsense reasoning": 0.16568787755218448,
        "language understanding": 0.2727180076399316,
        "reading comprehension": 0.16277799861538306,
        "safety": -0.0268103371966969,
        "symbolic problem solving": 0.0836769602561293,
        "world knowledge": 0.11890288511133884
    },
    "aggregated_centered_results": 0.13483798069110442,
    "aggregated_results": 0.3271580054133785,
    "rw_small": 0.5233002056678137,
    "95%_CI_above": 0.42081621457133206,
    "99%_CI_above": 0.42466583698987964,
    "low_variance_datasets": 0.41195526156913154,
    "_filename": "exp_data/evals/evaluation_rpj_original-open_lm_1b-warm=5000-lr=0p003-wd=0p033-cd=3e-05-bs=256-mult=1-seed=124_heavy.json",
    "missing tasks": "[]",
    "rw_small_centered": 0.18914636324720777,
    "95%_CI_above_centered": 0.22586464866711328,
    "99%_CI_above_centered": 0.25874681664129234,
    "low_variance_datasets_centered": 0.25696671782387603,
    "Core": 0.25696671782387603,
    "Extended": 0.13483798069110442
}