{
    "name": "/mnt/task_runtime/dcnlp/eval/heavy",
    "uuid": "2b9102f7-4192-4621-ab7f-ea9d33fd2c74",
    "model": "open_lm_7b_swiglutorch",
    "creation_date": "2024_06_03-06_06_25",
    "eval_metrics": {
        "icl": {
            "mmlu_zeroshot": 0.24286305276971115,
            "hellaswag_zeroshot": 0.6457877159118652,
            "jeopardy": 0.47369136810302737,
            "triviaqa_sm_sub": 0.46566668152809143,
            "gsm8k_cot": 0.010614101774990559,
            "agi_eval_sat_math_cot": 0.0181818176060915,
            "aqua_cot": 0.016326529905200005,
            "svamp_cot": 0.08666666597127914,
            "bigbench_qa_wikidata": 0.7198464870452881,
            "arc_easy": 0.7335858345031738,
            "arc_challenge": 0.4360068142414093,
            "mmlu_fewshot": 0.2436454680405165,
            "bigbench_misconceptions": 0.5022830963134766,
            "copa": 0.7400000095367432,
            "siqa": 0.5122824907302856,
            "commonsense_qa": 0.2170352190732956,
            "piqa": 0.7611533999443054,
            "openbook_qa": 0.4259999990463257,
            "bigbench_novel_concepts": 0.53125,
            "bigbench_strange_stories": 0.6264367699623108,
            "bigbench_strategy_qa": 0.547837495803833,
            "lambada_openai": 0.7091014981269836,
            "hellaswag": 0.6527584195137024,
            "winograd": 0.8498168587684631,
            "winogrande": 0.6503551602363586,
            "bigbench_conlang_translation": 0.03658536449074745,
            "bigbench_language_identification": 0.25200000405311584,
            "bigbench_conceptual_combinations": 0.35922330617904663,
            "bigbench_elementary_math_qa": 0.2569444477558136,
            "bigbench_dyck_languages": 0.17399999499320984,
            "agi_eval_lsat_ar": 0.28260868787765503,
            "bigbench_cs_algorithms": 0.4545454680919647,
            "bigbench_logical_deduction": 0.25,
            "bigbench_operators": 0.20952381193637848,
            "bigbench_repeat_copy_logic": 0.0625,
            "simple_arithmetic_nospaces": 0.007000000216066837,
            "simple_arithmetic_withspaces": 0.00800000037997961,
            "math_qa": 0.2604760229587555,
            "logi_qa": 0.22734254598617554,
            "pubmed_qa_labeled": 0.37700000405311584,
            "squad": 0.49914854764938354,
            "agi_eval_lsat_rc": 0.25,
            "agi_eval_lsat_lr": 0.239215686917305,
            "coqa": 0.38694727420806885,
            "bigbench_understanding_fables": 0.2380952388048172,
            "boolq": 0.6446483135223389,
            "agi_eval_sat_en": 0.2864077687263489,
            "winogender_mc_female": 0.5,
            "winogender_mc_male": 0.4833333194255829,
            "enterprise_pii_classification": 0.5166420936584473,
            "bbq": 0.4593085592443293,
            "gpqa_main": 0.2299107164144516,
            "gpqa_diamond": 0.17676767706871033
        }
    },
    "aggregated_task_categories_centered": {
        "commonsense reasoning": 0.28620848514447766,
        "language understanding": 0.39168848404128054,
        "reading comprehension": 0.19195526970648452,
        "safety": -0.020358013835820282,
        "symbolic problem solving": 0.0867639980402235,
        "world knowledge": 0.2414143480020657
    },
    "aggregated_centered_results": 0.1998677227626164,
    "aggregated_results": 0.37636543035978376,
    "rw_small": 0.6417306413253149,
    "rw_small_centered": 0.37768024589583193,
    "95%_CI_above": 0.4909880316876746,
    "95%_CI_above_centered": 0.32140693663987624,
    "99%_CI_above": 0.5053349121757176,
    "99%_CI_above_centered": 0.3688627569316045,
    "low_variance_datasets": 0.49913913119922987,
    "low_variance_datasets_centered": 0.37503076974031563,
    "model_uuid": "72684326-336a-4584-b5a5-83e3a8917361",
    "_filename": "exp_data/evals/evaluation_rw_v2_cc_v3_f0.15_resiliparase_fasttext_gpt3_hq_vs_rw_v2_bigram_200k_train_0.1-open_lm_7b_swiglutorch-warm=5000-lr=0p0003-wd=0p33-cd=3e-05-bs=2048-mult=1-seed=124-tokens=137788211200_heavy.json",
    "missing tasks": "[]",
    "Core": 0.37503076974031563,
    "Extended": 0.1998677227626164
}