{
    "name": "/mnt/task_runtime/dcnlp/eval/heavy",
    "uuid": "e3b404ed-a916-4b88-b858-87f10f6e3b28",
    "model": "open_lm_1b",
    "creation_date": "2024_01_28-18_19_20",
    "eval_metrics": {
        "icl": {
            "mmlu_zeroshot": 0.24703994419491082,
            "hellaswag_zeroshot": 0.5703046917915344,
            "jeopardy": 0.14082365334033967,
            "triviaqa_sm_sub": 0.00033333332976326346,
            "gsm8k": 0.0,
            "agi_eval_sat_math": 0.004545454401522875,
            "aqua": 0.0,
            "svamp": 0.0,
            "bigbench_qa_wikidata": 0.6054328083992004,
            "arc_easy": 0.5765992999076843,
            "arc_challenge": 0.29607507586479187,
            "bigbench_misconceptions": 0.47031962871551514,
            "copa": 0.6700000166893005,
            "siqa": 0.48055270314216614,
            "commonsense_qa": 0.36036035418510437,
            "piqa": 0.7431991100311279,
            "openbook_qa": 0.3479999899864197,
            "bigbench_novel_concepts": 0.375,
            "bigbench_strange_stories": 0.540229856967926,
            "bigbench_strategy_qa": 0.5203145742416382,
            "lambada_openai": 0.5501649379730225,
            "hellaswag": 0.575482964515686,
            "winograd": 0.7472527623176575,
            "winogrande": 0.5698500275611877,
            "bigbench_conlang_translation": 0.018292682245373726,
            "bigbench_language_identification": 0.2500999867916107,
            "bigbench_conceptual_combinations": 0.25242719054222107,
            "bigbench_elementary_math_qa": 0.2356918305158615,
            "bigbench_dyck_languages": 0.17000000178813934,
            "agi_eval_lsat_ar": 0.22173912823200226,
            "bigbench_cs_algorithms": 0.45075756311416626,
            "bigbench_logical_deduction": 0.2626666724681854,
            "bigbench_operators": 0.1666666716337204,
            "bigbench_repeat_copy_logic": 0.0,
            "simple_arithmetic_nospaces": 0.0020000000949949026,
            "simple_arithmetic_withspaces": 0.0020000000949949026,
            "math_qa": 0.24941334128379822,
            "logi_qa": 0.20122887194156647,
            "pubmed_qa_labeled": 0.31299999356269836,
            "squad": 0.3339640498161316,
            "agi_eval_lsat_rc": 0.24253731966018677,
            "agi_eval_lsat_lr": 0.2764706015586853,
            "coqa": 0.27007392048835754,
            "bigbench_understanding_fables": 0.2539682686328888,
            "boolq": 0.552293598651886,
            "agi_eval_sat_en": 0.27184465527534485,
            "winogender_mc_female": 0.4000000059604645,
            "winogender_mc_male": 0.5,
            "enterprise_pii_classification": 0.48129603266716003,
            "bbq": 0.4634293968027288,
            "mmlu_fewshot": 0.2480242620957525
        }
    },
    "aggregated_task_categories_centered": {
        "commonsense reasoning": 0.21482158217463698,
        "language understanding": 0.28024714383270033,
        "reading comprehension": 0.1230262084782385,
        "safety": -0.07763728228482333,
        "symbolic problem solving": 0.08264599341938589,
        "world knowledge": 0.14719339523973163
    },
    "aggregated_centered_results": 0.1429970943888598,
    "aggregated_results": 0.35057918678880634,
    "rw_small": 0.5391871184110641,
    "95%_CI_above": 0.4116334530730526,
    "99%_CI_above": 0.4223189848920573,
    "model_uuid": "ab642612-f7dc-4527-ab37-6cfd3cdb0ac3",
    "low_variance_datasets": 0.4167791187763214,
    "_filename": "exp_data/evals/evaluation_rw_pagerank_bucket_2_of_5-open_lm_1b-warm=5000-lr=0p003-wd=0p033-cd=3e-05-bs=256-mult=1-seed=124_heavy.json",
    "missing tasks": "['gsm8k_cot', 'agi_eval_sat_math_cot', 'aqua_cot', 'svamp_cot', 'gpqa_main', 'gpqa_diamond']",
    "rw_small_centered": 0.2042495730327584,
    "95%_CI_above_centered": 0.21633615400389966,
    "99%_CI_above_centered": 0.25922370176964094,
    "low_variance_datasets_centered": 0.26643548045565074,
    "Core": 0.26643548045565074,
    "Extended": "N/A due to missing tasks: ['gsm8k_cot', 'agi_eval_sat_math_cot', 'aqua_cot', 'svamp_cot', 'gpqa_main', 'gpqa_diamond']"
}