{
    "name": "/opt/ml/code/eval/heavy",
    "uuid": "b874c79d-912c-4d11-ab79-f4f41deedad8",
    "model": "open_lm_1b",
    "creation_date": "2024_02_24-08_26_46",
    "eval_metrics": {
        "perplexity": 2.6406498074531557,
        "downstream_perpexity": {
            "mmlu": 1.6868935910882203,
            "hellaswag": 2.310997685406033,
            "jeopardy_all": 1.5570320121567374,
            "triviaqa_sm_sub": 2.33116816842556,
            "gsm8k": 1.8041002519027676,
            "agi_eval_sat_math": 1.5336162193254992,
            "aqua": 2.2362836424185306,
            "svamp": 2.5225715041160583,
            "bigbench_qa_wikidata": 3.4268040252620033,
            "arc_easy": 2.283736134493592,
            "arc_challenge": 2.4471217831247087,
            "bigbench_misconceptions": 4.39341659632992,
            "copa": 2.445842856168747,
            "siqa": 1.3889688688998578,
            "commonsense_qa": 1.9479191219289218,
            "piqa": 2.674237179808051,
            "openbook_qa": 4.083082277297974,
            "bigbench_novel_concepts": 2.3671881705522537,
            "bigbench_strange_stories": 3.3604953316436417,
            "bigbench_strategy_qa": 1.886015083655461,
            "lambada_openai": 1.3765583341446388,
            "winograd_wsc": 2.439450822688721,
            "winogrande": 3.043843146093078,
            "bigbench_conlang_translation": 1.9040172252713181,
            "bigbench_language_identification": 3.2093089024861783,
            "bigbench_conceptual_combinations": 1.0643937350476829,
            "bigbench_elementary_math_qa": 5.294446643131084,
            "bigbench_dyck_languages": 4.717630578041077,
            "agi_eval_lsat_ar": 1.887614699550297,
            "bigbench_cs_algorithms": 5.5465171741716786,
            "bigbench_logical_deduction": 1.1925297226111093,
            "bigbench_operators": 4.721160106431871,
            "bigbench_repeat_copy_logic": 1.3648852799087763,
            "simple_arithmetic_nospaces": 6.657877026557922,
            "simple_arithmetic_withspaces": 6.600022064685821,
            "math_qa": 4.850865854339395,
            "logi_qa": 1.7454677441153108,
            "pubmed_qa_labeled": 5.159542328834534,
            "squad": 2.2825112978523365,
            "agi_eval_lsat_rc": 1.8648434663886455,
            "agi_eval_lsat_lr": 1.8791586595423082,
            "coqa": 2.6453358463128227,
            "bigbench_understanding_fables": 2.547343556843107,
            "boolq": 3.3055814197668605,
            "agi_eval_sat_en": 1.760447400866203,
            "winogender_mc_female": 1.1517706036567688,
            "winogender_mc_male": 1.0179911802212398,
            "enterprise_pii_classification": 5.984059751929169,
            "bbq": 0.34897125208903096,
            "human_eval_return_complex": 2.432424438281322,
            "human_eval_return_simple": 4.892127913397712,
            "human_eval-0.5": 2.3913709317765584,
            "human_eval-0.25": 2.4807224259143923,
            "human_eval-0.75": 2.496935685233372,
            "human_eval": 2.5645748878397594,
            "processed_human_eval_cpp": 2.6250797487934183,
            "processed_human_eval_js": 2.534973481806313
        },
        "icl": {
            "mmlu_zeroshot": 0.2467433198502189,
            "hellaswag_zeroshot": 0.5927106142044067,
            "jeopardy": 0.27574903070926665,
            "triviaqa_sm_sub": 0.00033333332976326346,
            "gsm8k": 0.0,
            "agi_eval_sat_math": 0.00909090880304575,
            "aqua": 0.0,
            "bigbench_qa_wikidata": 0.6114364266395569,
            "arc_easy": 0.6851851940155029,
            "arc_challenge": 0.37457337975502014,
            "bigbench_misconceptions": 0.5525113940238953,
            "copa": 0.7099999785423279,
            "siqa": 0.5076765418052673,
            "commonsense_qa": 0.28501227498054504,
            "piqa": 0.7480957508087158,
            "openbook_qa": 0.38999998569488525,
            "bigbench_novel_concepts": 0.46875,
            "bigbench_strange_stories": 0.540229856967926,
            "bigbench_strategy_qa": 0.5391000509262085,
            "lambada_openai": 0.5724820494651794,
            "hellaswag": 0.5957976579666138,
            "winograd": 0.8095238208770752,
            "winogrande": 0.5974743366241455,
            "bigbench_conlang_translation": 0.030487805604934692,
            "bigbench_language_identification": 0.257999986410141,
            "bigbench_conceptual_combinations": 0.3106796145439148,
            "bigbench_elementary_math_qa": 0.23909853398799896,
            "bigbench_dyck_languages": 0.2750000059604645,
            "agi_eval_lsat_ar": 0.2130434811115265,
            "bigbench_cs_algorithms": 0.41818180680274963,
            "bigbench_logical_deduction": 0.28066667914390564,
            "bigbench_operators": 0.20476190745830536,
            "bigbench_repeat_copy_logic": 0.0625,
            "simple_arithmetic_nospaces": 0.006000000052154064,
            "simple_arithmetic_withspaces": 0.00800000037997961,
            "math_qa": 0.25477707386016846,
            "logi_qa": 0.2872503697872162,
            "pubmed_qa_labeled": 0.2770000100135803,
            "squad": 0.37947019934654236,
            "agi_eval_lsat_rc": 0.25746268033981323,
            "agi_eval_lsat_lr": 0.23333333432674408,
            "coqa": 0.2967556118965149,
            "bigbench_understanding_fables": 0.2380952388048172,
            "boolq": 0.6177369952201843,
            "agi_eval_sat_en": 0.2669903039932251,
            "winogender_mc_female": 0.46666666865348816,
            "winogender_mc_male": 0.5333333611488342,
            "enterprise_pii_classification": 0.5134020447731018,
            "bbq": 0.5057881555773995,
            "mmlu_fewshot": 0.26465012499114926,
            "gsm8k_cot": 0.012130402028560638,
            "agi_eval_sat_math_cot": 0.0181818176060915,
            "aqua_cot": 0.016326529905200005,
            "svamp_cot": 0.04333333298563957,
            "gpqa_main": 0.2276785671710968,
            "gpqa_diamond": 0.24747474491596222
        }
    },
    "aggregated_task_categories_centered": {
        "commonsense reasoning": 0.2457005795727166,
        "language understanding": 0.3249502136557475,
        "reading comprehension": 0.14137979387714153,
        "safety": 0.009595115076411864,
        "symbolic problem solving": 0.0881685771235184,
        "world knowledge": 0.17209486863249776
    },
    "aggregated_centered_results": 0.16562457547789144,
    "aggregated_results": 0.34655929030165894,
    "rw_small": 0.5962800830602646,
    "95%_CI_above": 0.4506235983464625,
    "99%_CI_above": 0.45677793751592227,
    "model_uuid": "50129a0b-c4dd-4c3c-8f12-6f9629234ada",
    "low_variance_datasets": 0.45334047702225777,
    "_filename": "exp_data/evals/evaluation_rw_v2_fasttext_openhermes_reddit_eli5_vs_rw_v2_bigram_200k_train_0.1-open_lm_1b-warm=5000-lr=0p003-wd=0p033-cd=3e-05-bs=256-mult=1-seed=124-tokens=28795904000_heavy_copy.json",
    "missing tasks": "[]",
    "rw_small_centered": 0.30204760087163823,
    "95%_CI_above_centered": 0.2724363029421463,
    "99%_CI_above_centered": 0.30860720752624043,
    "low_variance_datasets_centered": 0.31717636501957225,
    "Core": 0.31717636501957225,
    "Extended": 0.16562457547789144
}