{
    "name": "/mnt/task_runtime/dcnlp/eval/heavy",
    "uuid": "9461cca5-4565-4cb6-9d92-df73b2309389",
    "model": "open_lm_7b_swiglutorch",
    "creation_date": "2024_06_12-21_19_19",
    "eval_metrics": {
        "icl": {
            "mmlu_zeroshot": 0.3150305073512228,
            "hellaswag_zeroshot": 0.7177852988243103,
            "jeopardy": 0.4462783634662628,
            "triviaqa_sm_sub": 0.4193333387374878,
            "gsm8k_cot": 0.05307050794363022,
            "agi_eval_sat_math_cot": 0.027272727340459824,
            "aqua_cot": 0.016326529905200005,
            "svamp_cot": 0.2433333396911621,
            "bigbench_qa_wikidata": 0.6748683452606201,
            "arc_easy": 0.7811447978019714,
            "arc_challenge": 0.5554607510566711,
            "mmlu_fewshot": 0.37349582528858855,
            "bigbench_misconceptions": 0.5114155411720276,
            "copa": 0.7900000214576721,
            "siqa": 0.6351074576377869,
            "commonsense_qa": 0.37100738286972046,
            "piqa": 0.7856365442276001,
            "openbook_qa": 0.44600000977516174,
            "bigbench_novel_concepts": 0.53125,
            "bigbench_strange_stories": 0.6264367699623108,
            "bigbench_strategy_qa": 0.5648754835128784,
            "lambada_openai": 0.6008150577545166,
            "hellaswag": 0.727245569229126,
            "winograd": 0.831501841545105,
            "winogrande": 0.6708760857582092,
            "bigbench_conlang_translation": 0.05487804859876633,
            "bigbench_language_identification": 0.2727000117301941,
            "bigbench_conceptual_combinations": 0.446601927280426,
            "bigbench_elementary_math_qa": 0.2450471669435501,
            "bigbench_dyck_languages": 0.15600000321865082,
            "agi_eval_lsat_ar": 0.2869565188884735,
            "bigbench_cs_algorithms": 0.3757575750350952,
            "bigbench_logical_deduction": 0.2593333423137665,
            "bigbench_operators": 0.3047619163990021,
            "bigbench_repeat_copy_logic": 0.0625,
            "simple_arithmetic_nospaces": 0.05400000140070915,
            "simple_arithmetic_withspaces": 0.054999999701976776,
            "math_qa": 0.23768018186092377,
            "logi_qa": 0.302611380815506,
            "pubmed_qa_labeled": 0.5460000038146973,
            "squad": 0.5472090840339661,
            "agi_eval_lsat_rc": 0.2723880708217621,
            "agi_eval_lsat_lr": 0.28823530673980713,
            "coqa": 0.3960916996002197,
            "bigbench_understanding_fables": 0.32804232835769653,
            "boolq": 0.7489296793937683,
            "agi_eval_sat_en": 0.2572815418243408,
            "winogender_mc_female": 0.5,
            "winogender_mc_male": 0.5,
            "enterprise_pii_classification": 0.47835052013397217,
            "bbq": 0.48954933339899237,
            "gpqa_main": 0.2544642984867096,
            "gpqa_diamond": 0.21717171370983124
        }
    },
    "missing tasks": "[]",
    "aggregated_task_categories_centered": {
        "commonsense reasoning": 0.3594984290465109,
        "language understanding": 0.4228145029135581,
        "reading comprehension": 0.27489128403300256,
        "safety": -0.01605007323351773,
        "symbolic problem solving": 0.11193114916993875,
        "world knowledge": 0.28923349880684185
    },
    "aggregated_centered_results": 0.24461765397411322,
    "aggregated_results": 0.40854924060514164,
    "rw_small": 0.7106994390487671,
    "rw_small_centered": 0.5000381068876611,
    "95%_CI_above": 0.5227166140911641,
    "95%_CI_above_centered": 0.36969018972124734,
    "99%_CI_above": 0.5348337856323823,
    "99%_CI_above_centered": 0.4139827891706875,
    "low_variance_datasets": 0.5249784798784689,
    "low_variance_datasets_centered": 0.4190360503975716,
    "model_uuid": "f72f535f-307f-451c-a538-cc99b035c0fc",
    "_filename": "exp_data/evals/evaluation_fineweb_edu_sample_350BT-open_lm_7b_swiglutorch-warm=5000-lr=0p002-wd=0p05-cd=3e-05-bs=2048-mult=2-seed=124-tokens=275576422400_heavy.json",
    "Core": 0.4190360503975716,
    "Extended": 0.24461765397411322
}