{
    "name": "/mnt/task_runtime/dcnlp/eval/heavy",
    "uuid": "7349a753-2f6f-45ba-af09-5ce2e87b8aa7",
    "model": "open_lm_1b",
    "creation_date": "2024_01_29-11_28_38",
    "eval_metrics": {
        "perplexity": 2.5485178947448732,
        "downstream_perpexity": {
            "mmlu": 1.913992485089859,
            "hellaswag": 2.3612497206228187,
            "jeopardy_all": 2.1128272360021416,
            "triviaqa_sm_sub": 2.3555191713968915,
            "gsm8k": 2.00382683335281,
            "agi_eval_sat_math": 1.7682408094406128,
            "aqua": 2.4410843372344972,
            "svamp": 2.736668245212452,
            "bigbench_qa_wikidata": 3.3539971367580685,
            "arc_easy": 2.644575894481004,
            "arc_challenge": 2.757207605936756,
            "bigbench_misconceptions": 6.024869494967991,
            "copa": 2.481279969215393,
            "siqa": 1.4771981825594043,
            "commonsense_qa": 1.7808378119217723,
            "piqa": 2.680296356501017,
            "openbook_qa": 4.409873800892984,
            "bigbench_novel_concepts": 2.4507057666778564,
            "bigbench_strange_stories": 3.2106166112990606,
            "bigbench_strategy_qa": 1.827086078537094,
            "lambada_openai": 1.4901933743624214,
            "winograd_wsc": 2.6025220927070167,
            "winogrande": 3.17527792725382,
            "bigbench_conlang_translation": 2.454669380187988,
            "bigbench_language_identification": 3.221075393181977,
            "bigbench_conceptual_combinations": 0.9683173298835754,
            "bigbench_elementary_math_qa": 4.281409688265819,
            "bigbench_dyck_languages": 5.022903751373291,
            "agi_eval_lsat_ar": 1.889657395226615,
            "bigbench_cs_algorithms": 4.780388491081469,
            "bigbench_logical_deduction": 1.0386197898477156,
            "bigbench_operators": 5.0733804152562065,
            "bigbench_repeat_copy_logic": 2.1098305583000183,
            "simple_arithmetic_nospaces": 6.432998165130615,
            "simple_arithmetic_withspaces": 6.389182868957519,
            "math_qa": 3.272933613869452,
            "logi_qa": 2.1076668515617465,
            "pubmed_qa_labeled": 5.485409915924072,
            "squad": 1.9516550922465992,
            "agi_eval_lsat_rc": 1.8012764634508076,
            "agi_eval_lsat_lr": 2.0260542801448276,
            "coqa": 2.7684779191088893,
            "bigbench_understanding_fables": 2.943793597428695,
            "boolq": 3.7163737287708356,
            "agi_eval_sat_en": 1.7240757417678834,
            "winogender_mc_female": 1.127221737589155,
            "winogender_mc_male": 1.5257528168814523,
            "enterprise_pii_classification": 3.6278006400702134,
            "bbq": 0.26777047955081623,
            "human_eval_return_complex": 2.770851898193359,
            "human_eval_return_simple": 7.048258543014526,
            "human_eval-0.5": 2.30220365524292,
            "human_eval-0.25": 2.4704574584960937,
            "human_eval-0.75": 2.406456184387207,
            "human_eval": 2.6182539224624635,
            "processed_human_eval_cpp": 3.2710636854171753,
            "processed_human_eval_js": 2.1507495284080504
        },
        "icl": {
            "mmlu_zeroshot": 0.24591530049056337,
            "hellaswag_zeroshot": 0.5813583135604858,
            "jeopardy": 0.18178224712610244,
            "triviaqa_sm_sub": 0.00033333332976326346,
            "gsm8k": 0.0007581501267850399,
            "agi_eval_sat_math": 0.004545454401522875,
            "aqua": 0.0,
            "svamp": 0.0,
            "bigbench_qa_wikidata": 0.5925397276878357,
            "arc_easy": 0.5896464586257935,
            "arc_challenge": 0.30546075105667114,
            "bigbench_misconceptions": 0.5068492889404297,
            "copa": 0.699999988079071,
            "siqa": 0.49129989743232727,
            "commonsense_qa": 0.21294021606445312,
            "piqa": 0.7459194660186768,
            "openbook_qa": 0.3619999885559082,
            "bigbench_novel_concepts": 0.4375,
            "bigbench_strange_stories": 0.49425286054611206,
            "bigbench_strategy_qa": 0.5181301832199097,
            "lambada_openai": 0.5363865494728088,
            "hellaswag": 0.5813583135604858,
            "winograd": 0.7435897588729858,
            "winogrande": 0.576164186000824,
            "bigbench_conlang_translation": 0.018292682245373726,
            "bigbench_language_identification": 0.2542000114917755,
            "bigbench_conceptual_combinations": 0.24271844327449799,
            "bigbench_elementary_math_qa": 0.24648846685886383,
            "bigbench_dyck_languages": 0.1770000010728836,
            "agi_eval_lsat_ar": 0.2347826063632965,
            "bigbench_cs_algorithms": 0.42424243688583374,
            "bigbench_logical_deduction": 0.2460000067949295,
            "bigbench_operators": 0.1666666716337204,
            "bigbench_repeat_copy_logic": 0.0,
            "simple_arithmetic_nospaces": 0.0020000000949949026,
            "simple_arithmetic_withspaces": 0.0020000000949949026,
            "math_qa": 0.2541066110134125,
            "logi_qa": 0.2872503697872162,
            "pubmed_qa_labeled": 0.3149999976158142,
            "squad": 0.3390728533267975,
            "agi_eval_lsat_rc": 0.26119402050971985,
            "agi_eval_lsat_lr": 0.2823529541492462,
            "coqa": 0.2723287045955658,
            "bigbench_understanding_fables": 0.2380952388048172,
            "boolq": 0.6152905225753784,
            "agi_eval_sat_en": 0.276699036359787,
            "winogender_mc_female": 0.44999998807907104,
            "winogender_mc_male": 0.5,
            "enterprise_pii_classification": 0.4312223792076111,
            "bbq": 0.4606471657752991,
            "mmlu_fewshot": 0.25436396635415265
        }
    },
    "aggregated_task_categories_centered": {
        "commonsense reasoning": 0.2020399705551077,
        "language understanding": 0.2809548143871698,
        "reading comprehension": 0.14708245948381854,
        "safety": -0.0790652334690094,
        "symbolic problem solving": 0.09293289701042612,
        "world knowledge": 0.16444198184093353
    },
    "aggregated_centered_results": 0.1502586115611678,
    "aggregated_results": 0.3543711056086439,
    "rw_small": 0.561320036649704,
    "95%_CI_above": 0.41539279642914023,
    "99%_CI_above": 0.42107617991126106,
    "model_uuid": "4b79f679-0376-42b8-9e5e-535b0a35687f",
    "low_variance_datasets": 0.41785135330124334,
    "_filename": "exp_data/evals/evaluation_rw_pagerank_bucket_1_of_5-open_lm_1b-warm=5000-lr=0p003-wd=0p033-cd=3e-05-bs=256-mult=1-seed=124_heavy.json",
    "missing tasks": "['gsm8k_cot', 'agi_eval_sat_math_cot', 'aqua_cot', 'svamp_cot', 'gpqa_main', 'gpqa_diamond']",
    "rw_small_centered": 0.2514259473622194,
    "95%_CI_above_centered": 0.22407812899570184,
    "99%_CI_above_centered": 0.26112330489764224,
    "low_variance_datasets_centered": 0.2730876919569242,
    "Core": 0.2730876919569242,
    "Extended": "N/A due to missing tasks: ['gsm8k_cot', 'agi_eval_sat_math_cot', 'aqua_cot', 'svamp_cot', 'gpqa_main', 'gpqa_diamond']"
}