{
    "name": "/mnt/task_runtime/dcnlp/eval/heavy",
    "uuid": "ff18534d-9c41-4283-89f4-bb35f951ff53",
    "model": "open_lm_1b_swiglutorch",
    "creation_date": "2024_06_04-05_37_34",
    "eval_metrics": {
        "icl": {
            "mmlu_zeroshot": 0.26419394371802346,
            "hellaswag_zeroshot": 0.5666201710700989,
            "jeopardy": 0.2543355882167816,
            "triviaqa_sm_sub": 0.19099999964237213,
            "gsm8k_cot": 0.007581501267850399,
            "agi_eval_sat_math_cot": 0.0181818176060915,
            "aqua_cot": 0.004081632476300001,
            "svamp_cot": 0.09000000357627869,
            "bigbench_qa_wikidata": 0.5741351246833801,
            "arc_easy": 0.6485690474510193,
            "arc_challenge": 0.345563143491745,
            "mmlu_fewshot": 0.2586949433673892,
            "bigbench_misconceptions": 0.4611872136592865,
            "copa": 0.6600000262260437,
            "siqa": 0.4959058463573456,
            "commonsense_qa": 0.2940213084220886,
            "piqa": 0.7459194660186768,
            "openbook_qa": 0.3779999911785126,
            "bigbench_novel_concepts": 0.46875,
            "bigbench_strange_stories": 0.5344827771186829,
            "bigbench_strategy_qa": 0.5412843823432922,
            "lambada_openai": 0.5847079157829285,
            "hellaswag": 0.5694084763526917,
            "winograd": 0.7545787692070007,
            "winogrande": 0.5856353640556335,
            "bigbench_conlang_translation": 0.018292682245373726,
            "bigbench_language_identification": 0.25589999556541443,
            "bigbench_conceptual_combinations": 0.3009708821773529,
            "bigbench_elementary_math_qa": 0.2509171962738037,
            "bigbench_dyck_languages": 0.22100000083446503,
            "agi_eval_lsat_ar": 0.208695650100708,
            "bigbench_cs_algorithms": 0.4204545319080353,
            "bigbench_logical_deduction": 0.2526666522026062,
            "bigbench_operators": 0.20000000298023224,
            "bigbench_repeat_copy_logic": 0.03125,
            "simple_arithmetic_nospaces": 0.0010000000474974513,
            "simple_arithmetic_withspaces": 0.003000000026077032,
            "math_qa": 0.24270868301391602,
            "logi_qa": 0.27342548966407776,
            "pubmed_qa_labeled": 0.4339999854564667,
            "squad": 0.365468293428421,
            "agi_eval_lsat_rc": 0.2723880708217621,
            "agi_eval_lsat_lr": 0.25882354378700256,
            "coqa": 0.27771514654159546,
            "bigbench_understanding_fables": 0.2063492089509964,
            "boolq": 0.5489296913146973,
            "agi_eval_sat_en": 0.27184465527534485,
            "winogender_mc_female": 0.4333333373069763,
            "winogender_mc_male": 0.5166666507720947,
            "enterprise_pii_classification": 0.5263622999191284,
            "bbq": 0.5052001584659923,
            "gpqa_main": 0.2165178507566452,
            "gpqa_diamond": 0.2070707082748413
        }
    },
    "aggregated_task_categories_centered": {
        "commonsense reasoning": 0.22896759313201231,
        "language understanding": 0.2976045466611639,
        "reading comprehension": 0.136404191723845,
        "safety": -0.009218776767904113,
        "symbolic problem solving": 0.07966514462041646,
        "world knowledge": 0.15293246559406581
    },
    "aggregated_centered_results": 0.15077806359078225,
    "aggregated_results": 0.3399582985170007,
    "rw_small": 0.559219573934873,
    "rw_small_centered": 0.23087446696577016,
    "95%_CI_above": 0.43875003240325233,
    "95%_CI_above_centered": 0.2510191247462371,
    "99%_CI_above": 0.4432769562887109,
    "99%_CI_above_centered": 0.2837815340628249,
    "low_variance_datasets": 0.4314048956740986,
    "low_variance_datasets_centered": 0.2828026742766272,
    "model_uuid": "31501788-3fed-4395-8187-6b826ff8afb3",
    "_filename": "exp_data/evals/evaluation_rw_v2_cc_v3_f0.15_resiliparse_fasttext_openhermes_reddit_eli5_vs_rw_v2_bigram_200k_train_0.1-open_lm_1b_swiglutorch-warm=5000-lr=0p003-wd=0p0033-cd=3e-05-bs=256-mult=1-seed=124-tokens=28795904000_heavy.json",
    "missing tasks": "[]",
    "Core": 0.2828026742766272,
    "Extended": 0.15077806359078225
}