{
    "name": "/opt/ml/code/eval/heavy",
    "uuid": "785af0fc-fe07-431d-82d1-969036de8139",
    "model": "open_lm_1b",
    "creation_date": "2024_01_12-23_37_47",
    "eval_metrics": {
        "icl": {
            "mmlu_zeroshot": 0.23261159004872306,
            "hellaswag_zeroshot": 0.5416252017021179,
            "jeopardy": 0.1398461565375328,
            "triviaqa_sm_sub": 0.00033333332976326346,
            "gsm8k": 0.004548900760710239,
            "agi_eval_sat_math": 0.004545454401522875,
            "aqua": 0.008163264952600002,
            "bigbench_qa_wikidata": 0.6085822582244873,
            "arc_easy": 0.5736532211303711,
            "arc_challenge": 0.2918088734149933,
            "bigbench_misconceptions": 0.456620991230011,
            "copa": 0.7099999785423279,
            "siqa": 0.4662231206893921,
            "commonsense_qa": 0.22276821732521057,
            "piqa": 0.7361262440681458,
            "openbook_qa": 0.3440000116825104,
            "bigbench_novel_concepts": 0.5,
            "bigbench_strange_stories": 0.49425286054611206,
            "bigbench_strategy_qa": 0.5329838395118713,
            "lambada_openai": 0.5519115328788757,
            "hellaswag": 0.545907199382782,
            "winograd": 0.6959707140922546,
            "winogrande": 0.5603788495063782,
            "bigbench_conlang_translation": 0.024390242993831635,
            "bigbench_language_identification": 0.2535000145435333,
            "bigbench_conceptual_combinations": 0.27184465527534485,
            "bigbench_elementary_math_qa": 0.24150943756103516,
            "bigbench_dyck_languages": 0.2639999985694885,
            "agi_eval_lsat_ar": 0.20434781908988953,
            "bigbench_cs_algorithms": 0.45681819319725037,
            "bigbench_logical_deduction": 0.24400000274181366,
            "bigbench_operators": 0.20952381193637848,
            "bigbench_repeat_copy_logic": 0.0625,
            "simple_arithmetic_nospaces": 0.003000000026077032,
            "simple_arithmetic_withspaces": 0.004999999888241291,
            "math_qa": 0.2557827830314636,
            "logi_qa": 0.26574501395225525,
            "pubmed_qa_labeled": 0.38199999928474426,
            "squad": 0.33245033025741577,
            "agi_eval_lsat_rc": 0.25746268033981323,
            "agi_eval_lsat_lr": 0.26274511218070984,
            "coqa": 0.27696356177330017,
            "bigbench_understanding_fables": 0.25925925374031067,
            "boolq": 0.5902140736579895,
            "agi_eval_sat_en": 0.291262149810791,
            "winogender_mc_female": 0.5,
            "winogender_mc_male": 0.4166666567325592,
            "enterprise_pii_classification": 0.49219441413879395,
            "bbq": 0.44800759716467425,
            "mmlu_fewshot": 0.2466633257113005,
            "gsm8k_cot": 0.007581501267850399,
            "agi_eval_sat_math_cot": 0.0181818176060915,
            "aqua_cot": 0.004081632476300001,
            "svamp_cot": 0.05000000074505806,
            "gpqa_main": 0.2098214328289032,
            "gpqa_diamond": 0.21717171370983124
        }
    },
    "model_uuid": "5403fd59-bffb-4c06-9b80-916b0ffb36e9",
    "aggregated_task_categories_centered": {
        "commonsense reasoning": 0.20940678494133946,
        "language understanding": 0.26003394220884973,
        "reading comprehension": 0.1490474852749653,
        "safety": -0.0715656659819863,
        "symbolic problem solving": 0.08379388404882526,
        "world knowledge": 0.10243106063439684
    },
    "aggregated_centered_results": 0.13099739438772903,
    "aggregated_results": 0.3250998758505076,
    "rw_small": 0.5446133663256963,
    "95%_CI_above": 0.4218632773677637,
    "99%_CI_above": 0.4258082895823147,
    "low_variance_datasets": 0.41694983006878333,
    "_filename": "exp_data/evals/evaluation_rpj_rw_as_CC-open_lm_1b-warm=5000-lr=0p003-wd=0p033-cd=3e-05-bs=256-mult=1_heavy.json",
    "missing tasks": "[]",
    "rw_small_centered": 0.22308167240075896,
    "95%_CI_above_centered": 0.22806143860635555,
    "99%_CI_above_centered": 0.2619756499392035,
    "low_variance_datasets_centered": 0.26535540971938704,
    "Core": 0.26535540971938704,
    "Extended": 0.13099739438772903
}