{
    "name": "/mnt/task_runtime/bolt_exp_launcher/dcnlp/eval/heavy",
    "uuid": "4fdcb23f-f7ea-4fe5-8d3f-5b4f99b6912d",
    "model": "open_lm_7b_swiglutorch",
    "creation_date": "2024_04_22-07_33_56",
    "eval_metrics": {
        "icl": {
            "mmlu_zeroshot": 0.41055006834498625,
            "hellaswag_zeroshot": 0.7647879123687744,
            "jeopardy": 0.499645459651947,
            "triviaqa_sm_sub": 0.5086666941642761,
            "gsm8k": 0.04321455582976341,
            "agi_eval_sat_math": 0.013636363670229912,
            "aqua": 0.02448979578912258,
            "bigbench_qa_wikidata": 0.7107425928115845,
            "arc_easy": 0.7807239294052124,
            "arc_challenge": 0.526450514793396,
            "mmlu_fewshot": 0.5082621553487945,
            "bigbench_misconceptions": 0.5753424763679504,
            "copa": 0.8600000143051147,
            "siqa": 0.725179135799408,
            "commonsense_qa": 0.6928746700286865,
            "piqa": 0.8079434037208557,
            "openbook_qa": 0.45399999618530273,
            "bigbench_novel_concepts": 0.65625,
            "bigbench_strange_stories": 0.7356321811676025,
            "bigbench_strategy_qa": 0.5884665846824646,
            "lambada_openai": 0.7290898561477661,
            "hellaswag": 0.7780322432518005,
            "winograd": 0.8754578828811646,
            "winogrande": 0.7063930630683899,
            "bigbench_conlang_translation": 0.04268292710185051,
            "bigbench_language_identification": 0.35409998893737793,
            "bigbench_conceptual_combinations": 0.4660194218158722,
            "bigbench_elementary_math_qa": 0.26263102889060974,
            "bigbench_dyck_languages": 0.2160000056028366,
            "agi_eval_lsat_ar": 0.269565224647522,
            "bigbench_cs_algorithms": 0.4583333432674408,
            "bigbench_logical_deduction": 0.2706666588783264,
            "bigbench_operators": 0.2666666805744171,
            "bigbench_repeat_copy_logic": 0.21875,
            "simple_arithmetic_nospaces": 0.04399999976158142,
            "simple_arithmetic_withspaces": 0.04699999839067459,
            "math_qa": 0.2544418275356293,
            "logi_qa": 0.3271889388561249,
            "pubmed_qa_labeled": 0.5189999938011169,
            "squad": 0.5807946920394897,
            "agi_eval_lsat_rc": 0.4029850661754608,
            "agi_eval_lsat_lr": 0.39411765336990356,
            "coqa": 0.45446574687957764,
            "bigbench_understanding_fables": 0.5185185074806213,
            "boolq": 0.7654434442520142,
            "agi_eval_sat_en": 0.5048543810844421,
            "winogender_mc_female": 0.5333333611488342,
            "winogender_mc_male": 0.6000000238418579,
            "enterprise_pii_classification": 0.5525773167610168,
            "bbq": 0.5180902562358163,
            "gpqa_main": 0.2232142835855484,
            "gpqa_diamond": 0.19191919267177582,
            "gsm8k_cot": 0.06823351234197617,
            "agi_eval_sat_math_cot": 0.027272727340459824,
            "aqua_cot": 0.016326529905200005,
            "svamp_cot": 0.20999999344348907
        }
    },
    "aggregated_task_categories_centered": {
        "commonsense reasoning": 0.5038081145678265,
        "language understanding": 0.4879207970985346,
        "reading comprehension": 0.3964173392343678,
        "safety": 0.10200047899376263,
        "symbolic problem solving": 0.1315036485133242,
        "world knowledge": 0.339123322489666
    },
    "aggregated_centered_results": 0.3184332052033472,
    "aggregated_results": 0.46176761436064795,
    "rw_small": 0.7339664796988169,
    "rw_small_centered": 0.5463580893494232,
    "95%_CI_above": 0.5729911852869894,
    "95%_CI_above_centered": 0.4368742877708187,
    "99%_CI_above": 0.5864233907150186,
    "99%_CI_above_centered": 0.481855955124356,
    "low_variance_datasets": 0.580466393855485,
    "low_variance_datasets_centered": 0.4885441487391512,
    "model_uuid": "39bc15d8-88e9-419f-a2ce-d382e43ea9ff",
    "_filename": "exp_data/evals/evaluation_rw_v2_cc_v3_f0.15_resiliparse_fasttext_openhermes_reddit_eli5_vs_rw_v2_bigram_200k_train_0.1-open_lm_7b_swiglutorch-warm=5000-lr=0p001-wd=0p1-cd=3e-05-bs=2048-mult=2-seed=124-tokens=275576422400_heavy.json",
    "missing tasks": "[]",
    "Core": 0.4885441487391512,
    "Extended": 0.3184332052033472
}