{
    "name": "/mnt/task_runtime/dcnlp/eval/heavy",
    "uuid": "ce3b77c9-9207-4d7d-a7be-b62c41901694",
    "model": "open_lm_1b",
    "creation_date": "2024_06_03-04_00_32",
    "eval_metrics": {
        "icl": {
            "mmlu_zeroshot": 0.25741254603653624,
            "hellaswag_zeroshot": 0.6574387550354004,
            "jeopardy": 0.37347211837768557,
            "triviaqa_sm_sub": 0.2939999997615814,
            "gsm8k_cot": 0.010614101774990559,
            "agi_eval_sat_math_cot": 0.03181818127632141,
            "aqua_cot": 0.02448979578912258,
            "bigbench_qa_wikidata": 0.6407164931297302,
            "arc_easy": 0.7015992999076843,
            "arc_challenge": 0.40614333748817444,
            "mmlu_fewshot": 0.2641729992209819,
            "bigbench_misconceptions": 0.4840182662010193,
            "copa": 0.8299999833106995,
            "siqa": 0.515864908695221,
            "commonsense_qa": 0.2325962334871292,
            "piqa": 0.7638737559318542,
            "openbook_qa": 0.40799999237060547,
            "bigbench_novel_concepts": 0.46875,
            "bigbench_strange_stories": 0.5919540524482727,
            "bigbench_strategy_qa": 0.5570117831230164,
            "lambada_openai": 0.6565107703208923,
            "hellaswag": 0.6618203520774841,
            "winograd": 0.8205128312110901,
            "winogrande": 0.6353591084480286,
            "bigbench_conlang_translation": 0.030487805604934692,
            "bigbench_language_identification": 0.2500999867916107,
            "bigbench_conceptual_combinations": 0.24271844327449799,
            "bigbench_elementary_math_qa": 0.24952830374240875,
            "bigbench_dyck_languages": 0.17499999701976776,
            "agi_eval_lsat_ar": 0.23043477535247803,
            "bigbench_cs_algorithms": 0.4234848618507385,
            "bigbench_logical_deduction": 0.23199999332427979,
            "bigbench_operators": 0.2142857164144516,
            "bigbench_repeat_copy_logic": 0.0625,
            "simple_arithmetic_nospaces": 0.007000000216066837,
            "simple_arithmetic_withspaces": 0.007000000216066837,
            "math_qa": 0.25779417157173157,
            "logi_qa": 0.25960060954093933,
            "pubmed_qa_labeled": 0.31299999356269836,
            "squad": 0.47767266631126404,
            "agi_eval_lsat_rc": 0.2537313401699066,
            "agi_eval_lsat_lr": 0.21176470816135406,
            "coqa": 0.3846924602985382,
            "bigbench_understanding_fables": 0.21693122386932373,
            "boolq": 0.6415902376174927,
            "agi_eval_sat_en": 0.24757280945777893,
            "winogender_mc_female": 0.550000011920929,
            "winogender_mc_male": 0.5,
            "enterprise_pii_classification": 0.5340206027030945,
            "bbq": 0.47935687411915173,
            "gpqa_main": 0.2276785671710968,
            "gpqa_diamond": 0.19696970283985138,
            "svamp_cot": 0.04333333298563957
        }
    },
    "aggregated_task_categories_centered": {
        "commonsense reasoning": 0.2933986101102648,
        "language understanding": 0.3570508346641877,
        "reading comprehension": 0.16649742139372647,
        "safety": 0.031688744371587585,
        "symbolic problem solving": 0.07983178681179405,
        "world knowledge": 0.2014860413890136
    },
    "aggregated_centered_results": 0.18631447401695903,
    "aggregated_results": 0.36242262002889836,
    "rw_small": 0.6453551203012466,
    "rw_small_centered": 0.39018496470144615,
    "95%_CI_above": 0.4732915018673067,
    "95%_CI_above_centered": 0.30437602847603357,
    "99%_CI_above": 0.4889010583576949,
    "99%_CI_above_centered": 0.35381775936957177,
    "low_variance_datasets": 0.48399107876149094,
    "low_variance_datasets_centered": 0.360536125215948,
    "model_uuid": "84b6bedc-1116-46d9-8272-46661c0e5af7",
    "_filename": "exp_data/evals/evaluation_rw_v2_cc_v3_f0.15_resiliparse_fasttext_openhermes_reddit_eli5_vs_rw_v2_bigram_200k_train_0.1-open_lm_1b-warm=5000-lr=0p003-wd=0p033-cd=3e-05-bs=256-mult=5-seed=124-tokens=143979520000_heavy.json",
    "missing tasks": "[]",
    "Core": 0.360536125215948,
    "Extended": 0.18631447401695903
}