{
    "name": "../eval/heavy",
    "uuid": "5c62d470-d644-4dba-9287-32677f91b92c",
    "model": "Qwen/Qwen2-7B",
    "creation_date": "2024_06_12-07_07_17",
    "eval_metrics": {
        "icl": {
            "mmlu_zeroshot": 0.6744940453454068,
            "hellaswag_zeroshot": 0.7810196876525879,
            "jeopardy": 0.4893040835857391,
            "bigbench_qa_wikidata": 0.7403178811073303,
            "arc_easy": 0.813973069190979,
            "arc_challenge": 0.5810580253601074,
            "mmlu_fewshot": 0.719033827384313,
            "bigbench_misconceptions": 0.6803653240203857,
            "copa": 0.8600000143051147,
            "siqa": 0.8628454208374023,
            "commonsense_qa": 0.8583128452301025,
            "piqa": 0.8030467629432678,
            "openbook_qa": 0.4580000042915344,
            "bigbench_novel_concepts": 0.59375,
            "bigbench_strange_stories": 0.7586206793785095,
            "bigbench_strategy_qa": 0.7042376399040222,
            "lambada_openai": 0.7189986705780029,
            "hellaswag": 0.7911770343780518,
            "winograd": 0.8681318759918213,
            "winogrande": 0.7245461940765381,
            "bigbench_conlang_translation": 0.05487804859876633,
            "bigbench_language_identification": 0.5712000131607056,
            "bigbench_conceptual_combinations": 0.7766990065574646,
            "bigbench_elementary_math_qa": 0.5391247272491455,
            "bigbench_dyck_languages": 0.17399999499320984,
            "agi_eval_lsat_ar": 0.3478260934352875,
            "bigbench_cs_algorithms": 0.5386363863945007,
            "bigbench_logical_deduction": 0.47066667675971985,
            "bigbench_operators": 0.699999988079071,
            "bigbench_repeat_copy_logic": 0.53125,
            "simple_arithmetic_nospaces": 0.49000000953674316,
            "simple_arithmetic_withspaces": 0.47999998927116394,
            "math_qa": 0.43379148840904236,
            "logi_qa": 0.5299538969993591,
            "pubmed_qa_labeled": 0.7400000095367432,
            "squad": 0.6749290227890015,
            "agi_eval_lsat_rc": 0.746268630027771,
            "agi_eval_lsat_lr": 0.6529411673545837,
            "coqa": 0.46461230516433716,
            "bigbench_understanding_fables": 0.7407407164573669,
            "boolq": 0.8715596199035645,
            "agi_eval_sat_en": 0.844660222530365,
            "winogender_mc_female": 0.550000011920929,
            "winogender_mc_male": 0.6833333373069763,
            "enterprise_pii_classification": 0.7243004441261292,
            "bbq": 0.8965467485514554,
            "gpqa_main": 0.2299107164144516,
            "gpqa_diamond": 0.23232322931289673,
            "triviaqa_sm_sub": 0.5526666641235352,
            "gsm8k_cot": 0.7869598269462585,
            "agi_eval_sat_math_cot": 0.3954545557498932,
            "aqua_cot": 0.3265306055545807,
            "svamp_cot": 0.05666666850447655
        }
    },
    "missing tasks": "[]",
    "aggregated_task_categories_centered": {
        "commonsense reasoning": 0.579824129304756,
        "language understanding": 0.5774208340656557,
        "reading comprehension": 0.6574198470303887,
        "safety": 0.42709027095274493,
        "symbolic problem solving": 0.4049906990741758,
        "world knowledge": 0.4477409827534916
    },
    "aggregated_centered_results": 0.5052443373710365,
    "aggregated_results": 0.6092389416468059,
    "rw_small": 0.7720261017481486,
    "rw_small_centered": 0.6220820765746268,
    "95%_CI_above": 0.6698638323259044,
    "95%_CI_above_centered": 0.5733642216824931,
    "99%_CI_above": 0.6632608701353488,
    "99%_CI_above_centered": 0.5783511025806951,
    "low_variance_datasets": 0.6528136169368571,
    "low_variance_datasets_centered": 0.5746248774239971,
    "_filename": "exp_data/evals/evaluation_Qwen_Qwen2-7B.json",
    "Core": 0.5746248774239971,
    "Extended": 0.5052443373710365
}