{
    "name": "/mnt/task_runtime/dcnlp/eval/heavy",
    "uuid": "85745ebf-ff3e-44a7-988b-6ada68570a5e",
    "model": "open_lm_1b",
    "creation_date": "2024_03_05-03_28_18",
    "eval_metrics": {
        "perplexity": 2.611562575896581,
        "downstream_perpexity": {
            "mmlu": 1.6043218887271644,
            "hellaswag": 2.3099676964411673,
            "jeopardy_all": 1.6406037978296524,
            "triviaqa_sm_sub": 2.3924213609695433,
            "gsm8k": 1.813698183053185,
            "agi_eval_sat_math": 1.5422282690351659,
            "aqua": 2.2415883400002303,
            "svamp": 2.452129391034444,
            "bigbench_qa_wikidata": 3.4597156328861303,
            "arc_easy": 2.2514523112713687,
            "arc_challenge": 2.410946496848157,
            "bigbench_misconceptions": 3.4284793514094942,
            "copa": 2.4480207812786103,
            "siqa": 1.220592236933713,
            "commonsense_qa": 1.688317007749028,
            "piqa": 2.65310023243461,
            "openbook_qa": 4.040471970081329,
            "bigbench_novel_concepts": 2.3891230076551437,
            "bigbench_strange_stories": 2.8854384189364555,
            "bigbench_strategy_qa": 1.8759315858089336,
            "lambada_openai": 1.3982816035477035,
            "winograd_wsc": 2.4469393441528626,
            "winogrande": 3.0478889902652297,
            "bigbench_conlang_translation": 1.9218532602961471,
            "bigbench_language_identification": 2.41372061873894,
            "bigbench_conceptual_combinations": 0.9341979750151773,
            "bigbench_elementary_math_qa": 3.3471795862653844,
            "bigbench_dyck_languages": 4.56706509757042,
            "agi_eval_lsat_ar": 1.6881224616714146,
            "bigbench_cs_algorithms": 5.47050294117494,
            "bigbench_logical_deduction": 1.057574255903562,
            "bigbench_operators": 4.643477900822957,
            "bigbench_repeat_copy_logic": 1.3158405683934689,
            "simple_arithmetic_nospaces": 6.523786884069443,
            "simple_arithmetic_withspaces": 6.046202306270599,
            "math_qa": 2.6912517995191747,
            "logi_qa": 1.8191960099655362,
            "pubmed_qa_labeled": 3.528082719326019,
            "squad": 1.9717319070785364,
            "agi_eval_lsat_rc": 1.735511392799776,
            "agi_eval_lsat_lr": 1.854435884251314,
            "coqa": 2.061997881512676,
            "bigbench_understanding_fables": 2.286859632169128,
            "boolq": 2.8073730587594734,
            "agi_eval_sat_en": 1.6606548648436092,
            "winogender_mc_female": 1.1442007631063462,
            "winogender_mc_male": 1.0676238636175792,
            "enterprise_pii_classification": 4.432995101945565,
            "bbq": 0.2972700817864978,
            "human_eval_return_complex": 2.333867870916532,
            "human_eval_return_simple": 5.291587204546542,
            "human_eval-0.5": 2.2470779637011087,
            "human_eval-0.25": 2.3200474490479723,
            "human_eval-0.75": 2.352124431511251,
            "human_eval": 2.4578791042653525,
            "processed_human_eval_cpp": 2.463654082754384,
            "processed_human_eval_js": 2.4191598579650972
        },
        "icl": {
            "mmlu_zeroshot": 0.25544973868027065,
            "hellaswag_zeroshot": 0.596494734287262,
            "jeopardy": 0.26570757627487185,
            "triviaqa_sm_sub": 0.0006666666595265269,
            "gsm8k": 0.0,
            "agi_eval_sat_math": 0.004545454401522875,
            "aqua": 0.0,
            "bigbench_qa_wikidata": 0.5991339087486267,
            "arc_easy": 0.6755050420761108,
            "arc_challenge": 0.35836178064346313,
            "bigbench_misconceptions": 0.5159817337989807,
            "copa": 0.7300000190734863,
            "siqa": 0.5153531432151794,
            "commonsense_qa": 0.2186732143163681,
            "piqa": 0.7421109676361084,
            "openbook_qa": 0.3840000033378601,
            "bigbench_novel_concepts": 0.46875,
            "bigbench_strange_stories": 0.5919540524482727,
            "bigbench_strategy_qa": 0.5347313284873962,
            "lambada_openai": 0.5649136304855347,
            "hellaswag": 0.6037641763687134,
            "winograd": 0.7802197933197021,
            "winogrande": 0.5848460793495178,
            "bigbench_conlang_translation": 0.024390242993831635,
            "bigbench_language_identification": 0.2526000142097473,
            "bigbench_conceptual_combinations": 0.24271844327449799,
            "bigbench_elementary_math_qa": 0.24541404843330383,
            "bigbench_dyck_languages": 0.20200000703334808,
            "agi_eval_lsat_ar": 0.23043477535247803,
            "bigbench_cs_algorithms": 0.4583333432674408,
            "bigbench_logical_deduction": 0.25866666436195374,
            "bigbench_operators": 0.190476194024086,
            "bigbench_repeat_copy_logic": 0.0625,
            "simple_arithmetic_nospaces": 0.003000000026077032,
            "simple_arithmetic_withspaces": 0.003000000026077032,
            "math_qa": 0.2604760229587555,
            "logi_qa": 0.2764976918697357,
            "pubmed_qa_labeled": 0.4269999861717224,
            "squad": 0.36480605602264404,
            "agi_eval_lsat_rc": 0.25,
            "agi_eval_lsat_lr": 0.24117647111415863,
            "coqa": 0.3051484525203705,
            "bigbench_understanding_fables": 0.27513226866722107,
            "boolq": 0.6110091805458069,
            "agi_eval_sat_en": 0.22815534472465515,
            "winogender_mc_female": 0.44999998807907104,
            "winogender_mc_male": 0.46666666865348816,
            "enterprise_pii_classification": 0.5166420936584473,
            "bbq": 0.46015745943242853,
            "mmlu_fewshot": 0.25761242289292186,
            "gsm8k_cot": 0.006823351141065359,
            "agi_eval_sat_math_cot": 0.0181818176060915,
            "aqua_cot": 0.020408162847161293,
            "svamp_cot": 0.05000000074505806,
            "gpqa_main": 0.2142857164144516,
            "gpqa_diamond": 0.19191919267177582
        }
    },
    "aggregated_task_categories_centered": {
        "commonsense reasoning": 0.2511164303270933,
        "language understanding": 0.3026479021835626,
        "reading comprehension": 0.15650677015155293,
        "safety": -0.0532668950882825,
        "symbolic problem solving": 0.08449088089108535,
        "world knowledge": 0.15016501437863117
    },
    "aggregated_centered_results": 0.15543612449239874,
    "aggregated_results": 0.3406084843574929,
    "rw_small": 0.5927028059959412,
    "rw_small_centered": 0.2966412591655352,
    "95%_CI_above": 0.4448191406277867,
    "95%_CI_above_centered": 0.26194489024181916,
    "99%_CI_above": 0.45530787019625957,
    "99%_CI_above_centered": 0.3047630280637041,
    "low_variance_datasets": 0.44459267949516124,
    "low_variance_datasets_centered": 0.3057746938812109,
    "model_uuid": "67a572f4-74a9-4696-b582-a797e8987355",
    "_filename": "exp_data/evals/evaluation_mix_rw_v2_fasttext_openhermes_reddit_eli5_vs_rw_v2_bigram_200k_train_0.1_books_fasttext_openhermes_reddit_eli5_vs_rw_v2_bigram_200k_train_0.1-open_lm_1b-warm=5000-lr=0p003-wd=0p033-cd=3e-05-bs=256-mult=1-seed=124-tokens=28795904000_heavy.json",
    "missing tasks": "[]",
    "Core": 0.3057746938812109,
    "Extended": 0.15543612449239874
}