{
    "name": "/mnt/task_runtime/dcnlp/eval/heavy",
    "uuid": "5f68ba55-d1b5-4690-acc7-a73f42846f51",
    "model": "open_lm_1b",
    "creation_date": "2024_02_18-16_39_36",
    "eval_metrics": {
        "perplexity": 2.2748934368292493,
        "downstream_perpexity": {
            "mmlu": 1.6862637360302102,
            "hellaswag": 2.3740197123343476,
            "jeopardy_all": 1.478713169940305,
            "triviaqa_sm_sub": 2.2550548847119014,
            "gsm8k": 1.7549885712038666,
            "agi_eval_sat_math": 1.4497295141220092,
            "aqua": 2.218379651283731,
            "svamp": 2.477426262696584,
            "bigbench_qa_wikidata": 3.277742008848234,
            "arc_easy": 2.2406220077866257,
            "arc_challenge": 2.429946068559897,
            "bigbench_misconceptions": 4.516393610331566,
            "copa": 2.517198531627655,
            "siqa": 1.5357907311943195,
            "commonsense_qa": 1.7396937197686022,
            "piqa": 2.5620367285735717,
            "openbook_qa": 4.16940860414505,
            "bigbench_novel_concepts": 2.56602843105793,
            "bigbench_strange_stories": 3.1515460726858557,
            "bigbench_strategy_qa": 1.8442984134049956,
            "lambada_openai": 1.3224280151219916,
            "winograd_wsc": 2.48906386750085,
            "winogrande": 3.0953682298818346,
            "bigbench_conlang_translation": 1.8641421249726924,
            "bigbench_language_identification": 1.5435337928872892,
            "bigbench_conceptual_combinations": 1.0264075861393827,
            "bigbench_elementary_math_qa": 3.3967030308625232,
            "bigbench_dyck_languages": 3.745808175563812,
            "agi_eval_lsat_ar": 1.7199962926947552,
            "bigbench_cs_algorithms": 3.8293023828304174,
            "bigbench_logical_deduction": 0.9211416074434916,
            "bigbench_operators": 4.641072763715472,
            "bigbench_repeat_copy_logic": 1.3548258319497108,
            "simple_arithmetic_nospaces": 6.534107880592346,
            "simple_arithmetic_withspaces": 5.606623438358307,
            "math_qa": 1.839266531666453,
            "logi_qa": 1.7993076153431438,
            "pubmed_qa_labeled": 3.372427385568619,
            "squad": 1.8399141269803836,
            "agi_eval_lsat_rc": 1.7284328172455972,
            "agi_eval_lsat_lr": 1.7275865589871127,
            "coqa": 1.4573613285316525,
            "bigbench_understanding_fables": 1.7086316921092846,
            "boolq": 3.0453544124550778,
            "agi_eval_sat_en": 1.8669503389052975,
            "winogender_mc_female": 1.0653176327546439,
            "winogender_mc_male": 0.8989677319924037,
            "enterprise_pii_classification": 5.684134031922196,
            "bbq": 0.31057028359184713,
            "human_eval_return_complex": 0.825150059433434,
            "human_eval_return_simple": 3.543322769371239,
            "human_eval-0.5": 0.7188943693550621,
            "human_eval-0.25": 0.7632970137567054,
            "human_eval-0.75": 0.7266149693509427,
            "human_eval": 0.830285386704817,
            "processed_human_eval_cpp": 0.757771763372125,
            "processed_human_eval_js": 0.7522909770288119
        },
        "icl": {
            "mmlu_zeroshot": 0.2483709386566229,
            "hellaswag_zeroshot": 0.5401314496994019,
            "jeopardy": 0.2846534788608551,
            "triviaqa_sm_sub": 0.00033333332976326346,
            "gsm8k": 0.0007581501267850399,
            "agi_eval_sat_math": 0.004545454401522875,
            "aqua": 0.0,
            "bigbench_qa_wikidata": 0.613207995891571,
            "arc_easy": 0.6506733894348145,
            "arc_challenge": 0.345563143491745,
            "bigbench_misconceptions": 0.4794520437717438,
            "copa": 0.7099999785423279,
            "siqa": 0.4969293773174286,
            "commonsense_qa": 0.23669123649597168,
            "piqa": 0.7372143864631653,
            "openbook_qa": 0.36800000071525574,
            "bigbench_novel_concepts": 0.46875,
            "bigbench_strange_stories": 0.517241358757019,
            "bigbench_strategy_qa": 0.5098296403884888,
            "lambada_openai": 0.5899475812911987,
            "hellaswag": 0.5447121858596802,
            "winograd": 0.7509157657623291,
            "winogrande": 0.591949462890625,
            "bigbench_conlang_translation": 0.018292682245373726,
            "bigbench_language_identification": 0.2540999948978424,
            "bigbench_conceptual_combinations": 0.25242719054222107,
            "bigbench_elementary_math_qa": 0.2397012561559677,
            "bigbench_dyck_languages": 0.2879999876022339,
            "agi_eval_lsat_ar": 0.208695650100708,
            "bigbench_cs_algorithms": 0.44924241304397583,
            "bigbench_logical_deduction": 0.23866666853427887,
            "bigbench_operators": 0.17619048058986664,
            "bigbench_repeat_copy_logic": 0.03125,
            "simple_arithmetic_nospaces": 0.006000000052154064,
            "simple_arithmetic_withspaces": 0.007000000216066837,
            "math_qa": 0.25209519267082214,
            "logi_qa": 0.23502303659915924,
            "pubmed_qa_labeled": 0.4300000071525574,
            "squad": 0.382781445980072,
            "agi_eval_lsat_rc": 0.28358209133148193,
            "agi_eval_lsat_lr": 0.25882354378700256,
            "coqa": 0.29901039600372314,
            "bigbench_understanding_fables": 0.25925925374031067,
            "boolq": 0.6067278385162354,
            "agi_eval_sat_en": 0.2669903039932251,
            "winogender_mc_female": 0.5333333611488342,
            "winogender_mc_male": 0.5166666507720947,
            "enterprise_pii_classification": 0.5110456347465515,
            "bbq": 0.4778941842642697,
            "mmlu_fewshot": 0.2530876149733861,
            "gsm8k_cot": 0.0037907506339251995,
            "agi_eval_sat_math_cot": 0.0181818176060915,
            "aqua_cot": 0.01224489789456129,
            "svamp_cot": 0.05000000074505806,
            "gpqa_main": 0.2410714328289032,
            "gpqa_diamond": 0.2525252401828766
        }
    },
    "aggregated_task_categories_centered": {
        "commonsense reasoning": 0.2166845985743655,
        "language understanding": 0.28205330326986205,
        "reading comprehension": 0.16894999476509137,
        "safety": 0.019469915465875093,
        "symbolic problem solving": 0.07786234394779012,
        "world knowledge": 0.15121545750501414
    },
    "aggregated_centered_results": 0.1528202371510386,
    "aggregated_results": 0.3395899578711667,
    "rw_small": 0.5741742104291916,
    "95%_CI_above": 0.4389474271760359,
    "99%_CI_above": 0.44985234387542894,
    "model_uuid": "e44c834f-da56-486c-b73e-b03ee2587f79",
    "low_variance_datasets": 0.4390753755515272,
    "_filename": "exp_data/evals/evaluation_rpjfull_rwv2OH_as_CC-open_lm_1b-warm=5000-lr=0p003-wd=0p033-cd=3e-05-bs=256-mult=1-seed=124-tokens=28795904000_heavy.json",
    "missing tasks": "[]",
    "rw_small_centered": 0.26957713093673974,
    "95%_CI_above_centered": 0.25120794373311395,
    "99%_CI_above_centered": 0.2942223769417253,
    "low_variance_datasets_centered": 0.29520233319069844,
    "Core": 0.29520233319069844,
    "Extended": 0.1528202371510386
}