{
    "uuid": "557026f2-6ebe-4dba-a530-8c12996a9930",
    "model": "open_lm_1b_swiglutorch",
    "creation_date": "2024_10_14-01_18_40",
    "name": "eval/heavy",
    "eval_metrics": {
        "perplexity": 2.4189884702364606,
        "icl": {
            "mmlu_zeroshot": 0.26803821952719437,
            "hellaswag_zeroshot": 0.5799641609191895,
            "jeopardy": 0.23931257128715516,
            "triviaqa_sm_sub": 0.19233334064483643,
            "gsm8k_cot": 0.010614101774990559,
            "agi_eval_sat_math_cot": 0.00909090880304575,
            "aqua_cot": 0.004081632476300001,
            "svamp_cot": 0.06333333253860474,
            "bigbench_qa_wikidata": 0.5907681584358215,
            "arc_easy": 0.6426767706871033,
            "arc_challenge": 0.35409554839134216,
            "mmlu_fewshot": 0.25602237461951743,
            "bigbench_misconceptions": 0.4794520437717438,
            "copa": 0.7400000095367432,
            "siqa": 0.5117707252502441,
            "commonsense_qa": 0.35380834341049194,
            "piqa": 0.7388466000556946,
            "openbook_qa": 0.38199999928474426,
            "bigbench_novel_concepts": 0.34375,
            "bigbench_strange_stories": 0.5517241358757019,
            "bigbench_strategy_qa": 0.5513324737548828,
            "lambada_openai": 0.5992625951766968,
            "hellaswag": 0.580163300037384,
            "winograd": 0.7728937864303589,
            "winogrande": 0.5785319805145264,
            "bigbench_conlang_translation": 0.024390242993831635,
            "bigbench_language_identification": 0.24379999935626984,
            "bigbench_conceptual_combinations": 0.27184465527534485,
            "bigbench_elementary_math_qa": 0.23768344521522522,
            "bigbench_dyck_languages": 0.24799999594688416,
            "agi_eval_lsat_ar": 0.260869562625885,
            "bigbench_cs_algorithms": 0.4219697117805481,
            "bigbench_logical_deduction": 0.24133333563804626,
            "bigbench_operators": 0.20952381193637848,
            "bigbench_repeat_copy_logic": 0.0625,
            "simple_arithmetic_nospaces": 0.0,
            "simple_arithmetic_withspaces": 0.0,
            "math_qa": 0.2500838041305542,
            "logi_qa": 0.2857142984867096,
            "pubmed_qa_labeled": 0.4869999885559082,
            "squad": 0.36452221870422363,
            "agi_eval_lsat_rc": 0.28358209133148193,
            "agi_eval_lsat_lr": 0.20196078717708588,
            "coqa": 0.30915695428848267,
            "bigbench_understanding_fables": 0.27513226866722107,
            "boolq": 0.6232416033744812,
            "agi_eval_sat_en": 0.2572815418243408,
            "winogender_mc_female": 0.4833333194255829,
            "winogender_mc_male": 0.5166666507720947,
            "enterprise_pii_classification": 0.4818851351737976,
            "bbq": 0.48373291709206323,
            "gpqa_main": 0.2254464328289032,
            "gpqa_diamond": 0.19696970283985138
        }
    },
    "missing tasks": "[]",
    "aggregated_task_categories_centered": {
        "commonsense reasoning": 0.24747205544905415,
        "language understanding": 0.300487167001123,
        "reading comprehension": 0.17247029414335102,
        "safety": -0.017190988768230775,
        "symbolic problem solving": 0.08587350773680359,
        "world knowledge": 0.15723168897698497
    },
    "aggregated_centered_results": 0.16141682421692843,
    "aggregated_results": 0.34606587903104735,
    "rw_small": 0.5864183455705643,
    "rw_small_centered": 0.29131830366034256,
    "95%_CI_above": 0.44847739825581573,
    "95%_CI_above_centered": 0.2661504611207029,
    "99%_CI_above": 0.4617822959371235,
    "99%_CI_above_centered": 0.3109453037551666,
    "low_variance_datasets": 0.4498139855536547,
    "low_variance_datasets_centered": 0.31223038801991465,
    "Core": 0.31223038801991465,
    "Extended": 0.16141682421692843
}