{
    "name": "eval/heavy",
    "uuid": "b455536a-bd9f-4c67-b4f9-bea077b374dd",
    "model": "open_lm_7b",
    "creation_date": "2024_06_17-05_09_12",
    "eval_metrics": {
        "icl": {
            "mmlu_zeroshot": 0.5534879434527012,
            "hellaswag_zeroshot": 0.7932682633399963,
            "jeopardy": 0.5252136588096619,
            "bigbench_qa_wikidata": 0.734412670135498,
            "arc_easy": 0.8249158263206482,
            "arc_challenge": 0.6126279830932617,
            "mmlu_fewshot": 0.6368585218463028,
            "bigbench_misconceptions": 0.6849315166473389,
            "copa": 0.8799999952316284,
            "siqa": 0.8270214796066284,
            "commonsense_qa": 0.7993447780609131,
            "piqa": 0.8161044716835022,
            "openbook_qa": 0.44999998807907104,
            "bigbench_novel_concepts": 0.65625,
            "bigbench_strange_stories": 0.7758620977401733,
            "bigbench_strategy_qa": 0.6539973616600037,
            "lambada_openai": 0.7552881836891174,
            "hellaswag": 0.8102967739105225,
            "winograd": 0.901098906993866,
            "winogrande": 0.7395422458648682,
            "bigbench_conlang_translation": 0.12195122241973877,
            "bigbench_language_identification": 0.5216000080108643,
            "bigbench_conceptual_combinations": 0.6796116232872009,
            "bigbench_elementary_math_qa": 0.34997379779815674,
            "bigbench_dyck_languages": 0.34700000286102295,
            "agi_eval_lsat_ar": 0.260869562625885,
            "bigbench_cs_algorithms": 0.5378788113594055,
            "bigbench_logical_deduction": 0.36533331871032715,
            "bigbench_operators": 0.5,
            "bigbench_repeat_copy_logic": 0.53125,
            "simple_arithmetic_nospaces": 0.30000001192092896,
            "simple_arithmetic_withspaces": 0.3070000112056732,
            "math_qa": 0.3107609748840332,
            "logi_qa": 0.41474655270576477,
            "pubmed_qa_labeled": 0.7170000076293945,
            "squad": 0.6316934823989868,
            "agi_eval_lsat_rc": 0.7014925479888916,
            "agi_eval_lsat_lr": 0.5372549295425415,
            "coqa": 0.49805837869644165,
            "bigbench_understanding_fables": 0.7089946866035461,
            "boolq": 0.8284403681755066,
            "agi_eval_sat_en": 0.8252426981925964,
            "winogender_mc_female": 0.6333333253860474,
            "winogender_mc_male": 0.5833333134651184,
            "enterprise_pii_classification": 0.8091310858726501,
            "bbq": 0.6419720812277361,
            "gpqa_main": 0.2611607015132904,
            "gpqa_diamond": 0.21717171370983124,
            "gsm8k_cot": 0.10235026478767395,
            "agi_eval_sat_math_cot": 0.22272726893424988,
            "aqua_cot": 0.1061224490404129,
            "svamp_cot": 0.5133333206176758,
            "triviaqa_sm_sub": 0.5703333616256714
        }
    },
    "missing tasks": "[]",
    "aggregated_task_categories_centered": {
        "commonsense reasoning": 0.5723437330555702,
        "language understanding": 0.5845580798449821,
        "reading comprehension": 0.605868390352841,
        "safety": 0.333884902975776,
        "symbolic problem solving": 0.2849744771441368,
        "world knowledge": 0.4341452977113557
    },
    "aggregated_centered_results": 0.4538447428718087,
    "aggregated_results": 0.5676914065917541,
    "rw_small": 0.7797991136709849,
    "rw_small_centered": 0.6270046439784313,
    "95%_CI_above": 0.6553576094183055,
    "95%_CI_above_centered": 0.548744241528519,
    "99%_CI_above": 0.66536675847095,
    "99%_CI_above_centered": 0.5839777795823815,
    "low_variance_datasets": 0.6499501981518485,
    "low_variance_datasets_centered": 0.5713606422986358,
    "_filename": "exp_data/evals/evaluation_open_lm_dclm_7b_8k.json",
    "Core": 0.5713606422986358,
    "Extended": 0.4538447428718087
}