{
    "name": "/mnt/task_runtime/dcnlp/eval/heavy",
    "uuid": "2cfcd69b-4de4-4873-8079-7dac572dd531",
    "model": "open_lm_1b",
    "creation_date": "2024_05_29-08_04_35",
    "eval_metrics": {
        "icl": {
            "mmlu_zeroshot": 0.25084442396958667,
            "hellaswag_zeroshot": 0.5323640704154968,
            "jeopardy": 0.11009683832526207,
            "triviaqa_sm_sub": 0.13633333146572113,
            "gsm8k_cot": 0.004548900760710239,
            "agi_eval_sat_math_cot": 0.004545454401522875,
            "aqua_cot": 0.020408162847161293,
            "bigbench_qa_wikidata": 0.5724619626998901,
            "arc_easy": 0.5652356743812561,
            "arc_challenge": 0.2704778015613556,
            "mmlu_fewshot": 0.2506953509230363,
            "bigbench_misconceptions": 0.4840182662010193,
            "copa": 0.6600000262260437,
            "siqa": 0.4943705201148987,
            "commonsense_qa": 0.19983619451522827,
            "piqa": 0.7198041081428528,
            "openbook_qa": 0.35199999809265137,
            "bigbench_novel_concepts": 0.40625,
            "bigbench_strange_stories": 0.522988498210907,
            "bigbench_strategy_qa": 0.5220620632171631,
            "lambada_openai": 0.5259072184562683,
            "hellaswag": 0.5385381579399109,
            "winograd": 0.7142857313156128,
            "winogrande": 0.5603788495063782,
            "bigbench_conlang_translation": 0.012195121496915817,
            "bigbench_language_identification": 0.2572999894618988,
            "bigbench_conceptual_combinations": 0.3689320385456085,
            "bigbench_elementary_math_qa": 0.2365303933620453,
            "bigbench_dyck_languages": 0.17399999499320984,
            "agi_eval_lsat_ar": 0.21739129722118378,
            "bigbench_cs_algorithms": 0.43484848737716675,
            "bigbench_logical_deduction": 0.25,
            "bigbench_operators": 0.17142857611179352,
            "bigbench_repeat_copy_logic": 0.0625,
            "simple_arithmetic_nospaces": 0.0020000000949949026,
            "simple_arithmetic_withspaces": 0.0010000000474974513,
            "math_qa": 0.2638283669948578,
            "logi_qa": 0.25652840733528137,
            "pubmed_qa_labeled": 0.42500001192092896,
            "squad": 0.3011353015899658,
            "agi_eval_lsat_rc": 0.2537313401699066,
            "agi_eval_lsat_lr": 0.28823530673980713,
            "coqa": 0.2536640465259552,
            "bigbench_understanding_fables": 0.2222222238779068,
            "boolq": 0.5617737174034119,
            "agi_eval_sat_en": 0.30582523345947266,
            "winogender_mc_female": 0.5,
            "winogender_mc_male": 0.550000011920929,
            "enterprise_pii_classification": 0.47658321261405945,
            "bbq": 0.46618977189064026,
            "gpqa_main": 0.2566964328289032,
            "gpqa_diamond": 0.23232322931289673,
            "svamp_cot": 0.07000000029802322
        }
    },
    "aggregated_task_categories_centered": {
        "commonsense reasoning": 0.18565649312010024,
        "language understanding": 0.27376985092103334,
        "reading comprehension": 0.13828025420866252,
        "safety": -0.003613501787185669,
        "symbolic problem solving": 0.07576752749184511,
        "world knowledge": 0.1221959215528958
    },
    "aggregated_centered_results": 0.1344466208821936,
    "aggregated_results": 0.32623234183556965,
    "rw_small": 0.5250383565823237,
    "rw_small_centered": 0.18527234785738045,
    "95%_CI_above": 0.4078454842258777,
    "95%_CI_above_centered": 0.21002544715784924,
    "99%_CI_above": 0.4086830990146036,
    "99%_CI_above_centered": 0.23940324066682775,
    "low_variance_datasets": 0.39797400192103605,
    "low_variance_datasets_centered": 0.24141165370110923,
    "model_uuid": "b88c03e0-f865-437b-866f-6b5cb07bff2d",
    "_filename": "exp_data/evals/evaluation_rw_v2_wo_dedup_resiliparse-open_lm_1b-warm=5000-lr=0p003-wd=0p033-cd=3e-05-bs=256-mult=1-seed=124-tokens=28795904000_heavy.json",
    "missing tasks": "[]",
    "Core": 0.24141165370110923,
    "Extended": 0.1344466208821936
}