{
    "name": "/opt/ml/code/eval/heavy",
    "uuid": "26654733-3d9f-4724-bc11-661bf471da11",
    "model": "open_lm_1b_swiglutorch",
    "creation_date": "2024_05_02-20_40_24",
    "eval_metrics": {
        "perplexity": 2.636412674188614,
        "downstream_perpexity": {
            "mmlu": 1.6064724486075546,
            "hellaswag": 2.3223630468034813,
            "jeopardy_all": 1.9293934282656262,
            "triviaqa_sm_sub": 2.4642963113188743,
            "gsm8k": 1.9018867706330642,
            "agi_eval_sat_math": 1.7141348578713156,
            "aqua": 2.448958118107854,
            "svamp": 2.759132053057353,
            "bigbench_qa_wikidata": 3.3607029272399664,
            "arc_easy": 2.4987890922059917,
            "arc_challenge": 2.633913742956855,
            "bigbench_misconceptions": 5.200219659500471,
            "copa": 2.54342955827713,
            "siqa": 1.292997902955101,
            "commonsense_qa": 1.563084120149011,
            "piqa": 2.5015777996756436,
            "openbook_qa": 4.246534531593323,
            "bigbench_novel_concepts": 2.6161162555217743,
            "bigbench_strange_stories": 2.9757033970164155,
            "bigbench_strategy_qa": 1.775737572674566,
            "lambada_openai": 1.3475360377331482,
            "winograd_wsc": 2.542688806196709,
            "winogrande": 3.0768414153390355,
            "bigbench_conlang_translation": 2.1742344614936084,
            "bigbench_language_identification": 1.7451816948682553,
            "bigbench_conceptual_combinations": 1.0228364288228229,
            "bigbench_elementary_math_qa": 3.9342385582329094,
            "bigbench_dyck_languages": 5.144904954910278,
            "agi_eval_lsat_ar": 1.6796626951383509,
            "bigbench_cs_algorithms": 3.2109162215030556,
            "bigbench_logical_deduction": 1.2329121897220612,
            "bigbench_operators": 5.222208187693641,
            "bigbench_repeat_copy_logic": 1.4563907943665981,
            "simple_arithmetic_nospaces": 6.87497200679779,
            "simple_arithmetic_withspaces": 5.882455496311188,
            "math_qa": 1.8100935895691532,
            "logi_qa": 1.7305503124099357,
            "pubmed_qa_labeled": 3.7843228096961976,
            "squad": 2.0358686388553937,
            "agi_eval_lsat_rc": 2.1513957723752775,
            "agi_eval_lsat_lr": 1.6743463626094892,
            "coqa": 1.8749979618914845,
            "bigbench_understanding_fables": 1.7204529665134571,
            "boolq": 2.1813724156548853,
            "agi_eval_sat_en": 2.3319928698169377,
            "winogender_mc_female": 1.1559238334496815,
            "winogender_mc_male": 1.198023686806361,
            "enterprise_pii_classification": 3.2879265950951555,
            "bbq": 0.32190857258635075,
            "human_eval_return_complex": 1.5997358851545438,
            "human_eval_return_simple": 2.7446756685102307,
            "human_eval-0.5": 1.488258850647182,
            "human_eval-0.25": 1.5221192269790462,
            "human_eval-0.75": 1.5241829171413328,
            "human_eval": 1.6153366311294277,
            "processed_human_eval_cpp": 1.6476167818033918,
            "processed_human_eval_js": 1.5373411091362559
        },
        "icl": {
            "mmlu_zeroshot": 0.2403370591632107,
            "hellaswag_zeroshot": 0.5939055681228638,
            "jeopardy": 0.17912973761558532,
            "triviaqa_sm_sub": 0.18966667354106903,
            "gsm8k": 0.012888551689684391,
            "agi_eval_sat_math": 0.00909090880304575,
            "aqua": 0.01224489789456129,
            "bigbench_qa_wikidata": 0.6108459234237671,
            "arc_easy": 0.6258417367935181,
            "arc_challenge": 0.31143343448638916,
            "mmlu_fewshot": 0.23487602618702672,
            "bigbench_misconceptions": 0.465753436088562,
            "copa": 0.6700000166893005,
            "siqa": 0.48259979486465454,
            "commonsense_qa": 0.2825552821159363,
            "piqa": 0.747551679611206,
            "openbook_qa": 0.36000001430511475,
            "bigbench_novel_concepts": 0.40625,
            "bigbench_strange_stories": 0.5114942789077759,
            "bigbench_strategy_qa": 0.5216251611709595,
            "lambada_openai": 0.5825732350349426,
            "hellaswag": 0.5950009822845459,
            "winograd": 0.7838827967643738,
            "winogrande": 0.5690608024597168,
            "bigbench_conlang_translation": 0.012195121496915817,
            "bigbench_language_identification": 0.2515000104904175,
            "bigbench_conceptual_combinations": 0.27184465527534485,
            "bigbench_elementary_math_qa": 0.23139412701129913,
            "bigbench_dyck_languages": 0.13899999856948853,
            "agi_eval_lsat_ar": 0.27391305565834045,
            "bigbench_cs_algorithms": 0.4530302882194519,
            "bigbench_logical_deduction": 0.2526666522026062,
            "bigbench_operators": 0.2142857164144516,
            "bigbench_repeat_copy_logic": 0.03125,
            "simple_arithmetic_nospaces": 0.0020000000949949026,
            "simple_arithmetic_withspaces": 0.0020000000949949026,
            "math_qa": 0.24941334128379822,
            "logi_qa": 0.2380952388048172,
            "pubmed_qa_labeled": 0.4790000021457672,
            "squad": 0.3869441747665405,
            "agi_eval_lsat_rc": 0.25746268033981323,
            "agi_eval_lsat_lr": 0.26274511218070984,
            "coqa": 0.2947513461112976,
            "bigbench_understanding_fables": 0.2539682686328888,
            "boolq": 0.6070336103439331,
            "agi_eval_sat_en": 0.2669903039932251,
            "winogender_mc_female": 0.4166666567325592,
            "winogender_mc_male": 0.44999998807907104,
            "enterprise_pii_classification": 0.4777614176273346,
            "bbq": 0.4330224394798279,
            "gpqa_main": 0.2209821492433548,
            "gpqa_diamond": 0.18686868250370026,
            "gsm8k_cot": 0.009855951182544231,
            "agi_eval_sat_math_cot": 0.00909090880304575,
            "aqua_cot": 0.008163264952600002,
            "svamp_cot": 0.07333333045244217
        }
    },
    "aggregated_task_categories_centered": {
        "commonsense reasoning": 0.2041628887082847,
        "language understanding": 0.3031114371912503,
        "reading comprehension": 0.1708684075100903,
        "safety": -0.11127474904060364,
        "symbolic problem solving": 0.07716921844379337,
        "world knowledge": 0.13382679912604784
    },
    "aggregated_centered_results": 0.1410537573402258,
    "aggregated_results": 0.3336153232607188,
    "rw_small": 0.5628791948159536,
    "rw_small_centered": 0.2475956465765747,
    "95%_CI_above": 0.43355672551052915,
    "95%_CI_above_centered": 0.243912795123232,
    "99%_CI_above": 0.4464674269375594,
    "99%_CI_above_centered": 0.29030563075814336,
    "low_variance_datasets": 0.4347040641036901,
    "low_variance_datasets_centered": 0.291776106288325,
    "model_uuid": "136fd316-2862-4346-a922-aef5608d61cd",
    "_filename": "exp_data/evals/evaluation_dfn_10_mean_0.71_2048_baebdddd-open_lm_1b_swiglutorch-warm=5000-lr=0p003-wd=0p033-cd=3e-05-bs=256-mult=1-seed=124-tokens=28795904000_heavy.json",
    "missing tasks": "[]",
    "Core": 0.291776106288325,
    "Extended": 0.1410537573402258
}