{
    "name": "/mnt/task_runtime/dcnlp/eval/heavy",
    "uuid": "869b7529-9ea4-4ff7-894f-6a24ff5985b3",
    "model": "open_lm_1b_swiglutorch",
    "creation_date": "2024_06_04-13_02_26",
    "eval_metrics": {
        "icl": {
            "mmlu_zeroshot": 0.23622556658167587,
            "hellaswag_zeroshot": 0.47251543402671814,
            "jeopardy": 0.14716859459877013,
            "triviaqa_sm_sub": 0.1576666682958603,
            "gsm8k_cot": 0.006823351141065359,
            "agi_eval_sat_math_cot": 0.013636363670229912,
            "aqua_cot": 0.01224489789456129,
            "svamp_cot": 0.04333333298563957,
            "bigbench_qa_wikidata": 0.590817391872406,
            "arc_easy": 0.5652356743812561,
            "arc_challenge": 0.28327643871307373,
            "mmlu_fewshot": 0.24802441136878833,
            "bigbench_misconceptions": 0.4931506812572479,
            "copa": 0.6700000166893005,
            "siqa": 0.49027636647224426,
            "commonsense_qa": 0.24979524314403534,
            "piqa": 0.6974973082542419,
            "openbook_qa": 0.3499999940395355,
            "bigbench_novel_concepts": 0.375,
            "bigbench_strange_stories": 0.540229856967926,
            "bigbench_strategy_qa": 0.5111402273178101,
            "lambada_openai": 0.5369687676429749,
            "hellaswag": 0.47440749406814575,
            "winograd": 0.7362637519836426,
            "winogrande": 0.5540646910667419,
            "bigbench_conlang_translation": 0.018292682245373726,
            "bigbench_language_identification": 0.250900000333786,
            "bigbench_conceptual_combinations": 0.2330097109079361,
            "bigbench_elementary_math_qa": 0.23786687850952148,
            "bigbench_dyck_languages": 0.31299999356269836,
            "agi_eval_lsat_ar": 0.25652173161506653,
            "bigbench_cs_algorithms": 0.4318181872367859,
            "bigbench_logical_deduction": 0.25,
            "bigbench_operators": 0.20952381193637848,
            "bigbench_repeat_copy_logic": 0.0625,
            "simple_arithmetic_nospaces": 0.0010000000474974513,
            "simple_arithmetic_withspaces": 0.0020000000949949026,
            "math_qa": 0.2634931206703186,
            "logi_qa": 0.26728111505508423,
            "pubmed_qa_labeled": 0.46399998664855957,
            "squad": 0.33850520849227905,
            "agi_eval_lsat_rc": 0.25746268033981323,
            "agi_eval_lsat_lr": 0.2647058963775635,
            "coqa": 0.2524113655090332,
            "bigbench_understanding_fables": 0.22751322388648987,
            "boolq": 0.628134548664093,
            "agi_eval_sat_en": 0.276699036359787,
            "winogender_mc_female": 0.4833333194255829,
            "winogender_mc_male": 0.4166666567325592,
            "enterprise_pii_classification": 0.4910162091255188,
            "bbq": 0.4732648188417608,
            "gpqa_main": 0.1964285671710968,
            "gpqa_diamond": 0.23232322931289673
        }
    },
    "missing tasks": "[]",
    "aggregated_task_categories_centered": {
        "commonsense reasoning": 0.18598235614466546,
        "language understanding": 0.23563368072322435,
        "reading comprehension": 0.16237802919523234,
        "safety": -0.06785949793728915,
        "symbolic problem solving": 0.09013384014259615,
        "world knowledge": 0.12306392006532492
    },
    "aggregated_centered_results": 0.1317577611235474,
    "aggregated_results": 0.3255742359157805,
    "rw_small": 0.5288711339235306,
    "rw_small_centered": 0.20515103089182,
    "95%_CI_above": 0.4155406326926374,
    "95%_CI_above_centered": 0.2197784086110207,
    "99%_CI_above": 0.42501921057701114,
    "99%_CI_above_centered": 0.2605484159784086,
    "low_variance_datasets": 0.41233298399231655,
    "low_variance_datasets_centered": 0.26011312516954904,
    "model_uuid": "1f97dcca-1110-498a-8ee0-852238170747",
    "_filename": "exp_data/evals/evaluation_rpj_original-open_lm_1b_swiglutorch-warm=5000-lr=0p03-wd=0p0033-cd=3e-05-bs=256-mult=1-seed=124-tokens=28795904000_heavy.json",
    "Core": 0.26011312516954904,
    "Extended": 0.1317577611235474
}