{
    "name": "/mnt/task_runtime/dcnlp/eval/heavy",
    "uuid": "073661e4-62f1-4094-90f8-d666bedd68e5",
    "model": "open_lm_1b_swiglutorch",
    "creation_date": "2024_06_04-13_08_57",
    "eval_metrics": {
        "icl": {
            "mmlu_zeroshot": 0.24826240487266005,
            "hellaswag_zeroshot": 0.45857399702072144,
            "jeopardy": 0.10814197361469269,
            "triviaqa_sm_sub": 0.14499999582767487,
            "gsm8k_cot": 0.012130402028560638,
            "agi_eval_sat_math_cot": 0.00909090880304575,
            "aqua_cot": 0.008163264952600002,
            "svamp_cot": 0.06333333253860474,
            "bigbench_qa_wikidata": 0.5995275974273682,
            "arc_easy": 0.5425084233283997,
            "arc_challenge": 0.27815699577331543,
            "mmlu_fewshot": 0.26859666616247413,
            "bigbench_misconceptions": 0.5251141786575317,
            "copa": 0.6600000262260437,
            "siqa": 0.5071647763252258,
            "commonsense_qa": 0.2571662664413452,
            "piqa": 0.6838955283164978,
            "openbook_qa": 0.335999995470047,
            "bigbench_novel_concepts": 0.40625,
            "bigbench_strange_stories": 0.517241358757019,
            "bigbench_strategy_qa": 0.4914810061454773,
            "lambada_openai": 0.526101291179657,
            "hellaswag": 0.4595698118209839,
            "winograd": 0.7069597244262695,
            "winogrande": 0.5359116196632385,
            "bigbench_conlang_translation": 0.018292682245373726,
            "bigbench_language_identification": 0.24889999628067017,
            "bigbench_conceptual_combinations": 0.3009708821773529,
            "bigbench_elementary_math_qa": 0.23781447112560272,
            "bigbench_dyck_languages": 0.24799999594688416,
            "agi_eval_lsat_ar": 0.25217390060424805,
            "bigbench_cs_algorithms": 0.4439393877983093,
            "bigbench_logical_deduction": 0.2540000081062317,
            "bigbench_operators": 0.1666666716337204,
            "bigbench_repeat_copy_logic": 0.03125,
            "simple_arithmetic_nospaces": 0.004999999888241291,
            "simple_arithmetic_withspaces": 0.006000000052154064,
            "math_qa": 0.25812938809394836,
            "logi_qa": 0.2780337929725647,
            "pubmed_qa_labeled": 0.40400001406669617,
            "squad": 0.2960264980792999,
            "agi_eval_lsat_rc": 0.2537313401699066,
            "agi_eval_lsat_lr": 0.22549019753932953,
            "coqa": 0.21783789992332458,
            "bigbench_understanding_fables": 0.24338623881340027,
            "boolq": 0.5596330165863037,
            "agi_eval_sat_en": 0.23786407709121704,
            "winogender_mc_female": 0.44999998807907104,
            "winogender_mc_male": 0.44999998807907104,
            "enterprise_pii_classification": 0.43652430176734924,
            "bbq": 0.4837307577783411,
            "gpqa_main": 0.2098214328289032,
            "gpqa_diamond": 0.18686868250370026
        }
    },
    "missing tasks": "[]",
    "aggregated_task_categories_centered": {
        "commonsense reasoning": 0.17628617984415412,
        "language understanding": 0.22866628536769076,
        "reading comprehension": 0.1120103024387438,
        "safety": -0.08987248214808377,
        "symbolic problem solving": 0.08381509129383248,
        "world knowledge": 0.12151840648107362
    },
    "aggregated_centered_results": 0.11789854050623769,
    "aggregated_results": 0.3161967387926542,
    "rw_small": 0.5057973464330038,
    "rw_small_centered": 0.15643589399014304,
    "95%_CI_above": 0.39889397772101615,
    "95%_CI_above_centered": 0.19474416027725042,
    "99%_CI_above": 0.400372388570205,
    "99%_CI_above_centered": 0.2245927864272207,
    "low_variance_datasets": 0.3916791189800609,
    "low_variance_datasets_centered": 0.23010421985773102,
    "model_uuid": "fc81d811-2dc6-46ab-a796-ec25ec7e1d28",
    "_filename": "exp_data/evals/evaluation_rpj_original-open_lm_1b_swiglutorch-warm=5000-lr=0p0003-wd=0p33-cd=3e-05-bs=256-mult=1-seed=124-tokens=28795904000_heavy.json",
    "Core": 0.23010421985773102,
    "Extended": 0.11789854050623769
}