{
    "name": "/opt/ml/code/eval/heavy",
    "uuid": "9085b053-0384-4c39-8939-16456e69bac5",
    "model": "open_lm_7b",
    "creation_date": "2024_04_13-14_46_12",
    "eval_metrics": {
        "icl": {
            "mmlu_zeroshot": 0.26085816585181054,
            "hellaswag_zeroshot": 0.7220672965049744,
            "jeopardy": 0.45821820497512816,
            "triviaqa_sm_sub": 0.41600000858306885,
            "gsm8k": 0.0037907506339251995,
            "agi_eval_sat_math": 0.0181818176060915,
            "aqua": 0.008163264952600002,
            "bigbench_qa_wikidata": 0.6982432007789612,
            "arc_easy": 0.7521044015884399,
            "arc_challenge": 0.47013652324676514,
            "mmlu_fewshot": 0.29160520172955695,
            "bigbench_misconceptions": 0.5570776462554932,
            "copa": 0.8399999737739563,
            "siqa": 0.501023530960083,
            "commonsense_qa": 0.262899249792099,
            "piqa": 0.7867246866226196,
            "openbook_qa": 0.4399999976158142,
            "bigbench_novel_concepts": 0.625,
            "bigbench_strange_stories": 0.6781609058380127,
            "bigbench_strategy_qa": 0.5688073635101318,
            "lambada_openai": 0.7145352363586426,
            "hellaswag": 0.7302330136299133,
            "winograd": 0.8461538553237915,
            "winogrande": 0.6724545955657959,
            "bigbench_conlang_translation": 0.03658536449074745,
            "bigbench_language_identification": 0.257099986076355,
            "bigbench_conceptual_combinations": 0.26213592290878296,
            "bigbench_elementary_math_qa": 0.25393080711364746,
            "bigbench_dyck_languages": 0.1899999976158142,
            "agi_eval_lsat_ar": 0.24347825348377228,
            "bigbench_cs_algorithms": 0.4378787875175476,
            "bigbench_logical_deduction": 0.2446666657924652,
            "bigbench_operators": 0.23333333432674408,
            "bigbench_repeat_copy_logic": 0.0625,
            "simple_arithmetic_nospaces": 0.02500000037252903,
            "simple_arithmetic_withspaces": 0.027000000700354576,
            "math_qa": 0.2363392561674118,
            "logi_qa": 0.2688172161579132,
            "pubmed_qa_labeled": 0.4690000116825104,
            "squad": 0.5106906294822693,
            "agi_eval_lsat_rc": 0.23880596458911896,
            "agi_eval_lsat_lr": 0.2666666805744171,
            "coqa": 0.40761619806289673,
            "bigbench_understanding_fables": 0.2857142984867096,
            "boolq": 0.687461793422699,
            "agi_eval_sat_en": 0.2330097109079361,
            "winogender_mc_female": 0.5833333134651184,
            "winogender_mc_male": 0.3499999940395355,
            "enterprise_pii_classification": 0.553460955619812,
            "bbq": 0.4386209520426663,
            "gpqa_main": 0.2321428507566452,
            "gpqa_diamond": 0.2070707082748413,
            "gsm8k_cot": 0.006823351141065359,
            "agi_eval_sat_math_cot": 0.022727273404598236,
            "aqua_cot": 0.008163264952600002,
            "svamp_cot": 0.12999999523162842
        }
    },
    "aggregated_task_categories_centered": {
        "commonsense reasoning": 0.35781282420665295,
        "language understanding": 0.40712259219123337,
        "reading comprehension": 0.22264597941549463,
        "safety": -0.03729239241643387,
        "symbolic problem solving": 0.09098829877473516,
        "world knowledge": 0.2638507175445557
    },
    "aggregated_centered_results": 0.22178892931901695,
    "aggregated_results": 0.3906108791955889,
    "rw_small": 0.6907040973504385,
    "rw_small_centered": 0.4658085226315505,
    "95%_CI_above": 0.5125918447003737,
    "95%_CI_above_centered": 0.3548867584151275,
    "99%_CI_above": 0.5299647911735204,
    "99%_CI_above_centered": 0.40765920112223497,
    "low_variance_datasets": 0.5192649643529546,
    "low_variance_datasets_centered": 0.4083167254726824,
    "model_uuid": "440aa0f6-0866-40db-bf77-d68dccffc874",
    "_filename": "exp_data/evals/evaluation_fasttext_openhermes_reddit_eli5_vs_rw_v2_bigram_200k_train_minhash.b15.r93_substr-open_lm_7b-warm=5000-lr=0p0003-wd=0p33-cd=3e-05-bs=2048-mult=1-seed=124-tokens=137788211200_heavy.json",
    "missing tasks": "[]",
    "Core": 0.4083167254726824,
    "Extended": 0.22178892931901695
}