{
    "name": "/mnt/task_runtime/dcnlp/eval/heavy",
    "uuid": "6c77ed40-ada0-48c1-a4c9-af6e2ae1217f",
    "model": "open_lm_7b_swiglutorch",
    "creation_date": "2024_06_12-06_51_06",
    "eval_metrics": {
        "icl": {
            "mmlu_zeroshot": 0.2464696425094939,
            "hellaswag_zeroshot": 0.7125074863433838,
            "jeopardy": 0.3425628513097763,
            "triviaqa_sm_sub": 0.36933332681655884,
            "gsm8k_cot": 0.011372251436114311,
            "agi_eval_sat_math_cot": 0.013636363670229912,
            "aqua_cot": 0.008163264952600002,
            "svamp_cot": 0.1066666692495346,
            "bigbench_qa_wikidata": 0.6884995698928833,
            "arc_easy": 0.683501660823822,
            "arc_challenge": 0.3737201392650604,
            "mmlu_fewshot": 0.258903246699718,
            "bigbench_misconceptions": 0.456620991230011,
            "copa": 0.7699999809265137,
            "siqa": 0.5291709303855896,
            "commonsense_qa": 0.22604422271251678,
            "piqa": 0.790533185005188,
            "openbook_qa": 0.3959999978542328,
            "bigbench_novel_concepts": 0.59375,
            "bigbench_strange_stories": 0.568965494632721,
            "bigbench_strategy_qa": 0.5325469374656677,
            "lambada_openai": 0.6563166975975037,
            "hellaswag": 0.7236606478691101,
            "winograd": 0.8241758346557617,
            "winogrande": 0.6566693186759949,
            "bigbench_conlang_translation": 0.030487805604934692,
            "bigbench_language_identification": 0.25279998779296875,
            "bigbench_conceptual_combinations": 0.18446601927280426,
            "bigbench_elementary_math_qa": 0.2537211775779724,
            "bigbench_dyck_languages": 0.38100001215934753,
            "agi_eval_lsat_ar": 0.23043477535247803,
            "bigbench_cs_algorithms": 0.4537878930568695,
            "bigbench_logical_deduction": 0.23600000143051147,
            "bigbench_operators": 0.19523809850215912,
            "bigbench_repeat_copy_logic": 0.15625,
            "simple_arithmetic_nospaces": 0.013000000268220901,
            "simple_arithmetic_withspaces": 0.013000000268220901,
            "math_qa": 0.25544753670692444,
            "logi_qa": 0.2688172161579132,
            "pubmed_qa_labeled": 0.4399999976158142,
            "squad": 0.46717125177383423,
            "agi_eval_lsat_rc": 0.24253731966018677,
            "agi_eval_lsat_lr": 0.25882354378700256,
            "coqa": 0.3768007159233093,
            "bigbench_understanding_fables": 0.28042328357696533,
            "boolq": 0.6859326958656311,
            "agi_eval_sat_en": 0.24757280945777893,
            "winogender_mc_female": 0.46666666865348816,
            "winogender_mc_male": 0.46666666865348816,
            "enterprise_pii_classification": 0.5260677337646484,
            "bbq": 0.474702696908604,
            "gpqa_main": 0.2120535671710968,
            "gpqa_diamond": 0.18686868250370026
        }
    },
    "missing tasks": "[]",
    "aggregated_task_categories_centered": {
        "commonsense reasoning": 0.2922012473955501,
        "language understanding": 0.37341726677465625,
        "reading comprehension": 0.21018412367751202,
        "safety": -0.03294811600988562,
        "symbolic problem solving": 0.10466657770397864,
        "world knowledge": 0.19289936491097623
    },
    "aggregated_centered_results": 0.19572869723418201,
    "aggregated_results": 0.37351941266880867,
    "rw_small": 0.6470552136500677,
    "rw_small_centered": 0.3977474570274353,
    "95%_CI_above": 0.49325562988395816,
    "95%_CI_above_centered": 0.3264345055238148,
    "99%_CI_above": 0.5111684681280799,
    "99%_CI_above_centered": 0.37923818603157994,
    "low_variance_datasets": 0.5019821374253793,
    "low_variance_datasets_centered": 0.38219729999691493,
    "model_uuid": "366cdc59-18bf-49b4-bbc4-39d3c92f9146",
    "_filename": "exp_data/evals/evaluation_dolma_v1_no_resample-open_lm_7b_swiglutorch-warm=5000-lr=0p002-wd=0p05-cd=3e-05-bs=2048-mult=1-seed=124-tokens=137788211200_heavy.json",
    "Core": 0.38219729999691493,
    "Extended": 0.19572869723418201
}