{
    "name": "/mnt/task_runtime/dcnlp/eval/heavy",
    "uuid": "f1a45727-1e7f-4726-8cd1-15557df72e4f",
    "model": "open_lm_7b",
    "creation_date": "2024_03_08-10_35_16",
    "eval_metrics": {
        "icl": {
            "mmlu_zeroshot": 0.2728845947667172,
            "hellaswag_zeroshot": 0.7207727432250977,
            "jeopardy": 0.4537877798080444,
            "triviaqa_sm_sub": 0.00033333332976326346,
            "gsm8k": 0.0,
            "agi_eval_sat_math": 0.022727273404598236,
            "aqua": 0.0,
            "bigbench_qa_wikidata": 0.6934698224067688,
            "arc_easy": 0.7142255902290344,
            "arc_challenge": 0.4581911265850067,
            "bigbench_misconceptions": 0.5068492889404297,
            "copa": 0.8199999928474426,
            "siqa": 0.49129989743232727,
            "commonsense_qa": 0.2702702581882477,
            "piqa": 0.799782395362854,
            "openbook_qa": 0.4320000112056732,
            "bigbench_novel_concepts": 0.5625,
            "bigbench_strange_stories": 0.6666666865348816,
            "bigbench_strategy_qa": 0.5963302850723267,
            "lambada_openai": 0.7028915286064148,
            "hellaswag": 0.7278430461883545,
            "winograd": 0.8791208863258362,
            "winogrande": 0.6748223900794983,
            "bigbench_conlang_translation": 0.018292682245373726,
            "bigbench_language_identification": 0.2506999969482422,
            "bigbench_conceptual_combinations": 0.3883495032787323,
            "bigbench_elementary_math_qa": 0.2578878402709961,
            "bigbench_dyck_languages": 0.1940000057220459,
            "agi_eval_lsat_ar": 0.19130434095859528,
            "bigbench_cs_algorithms": 0.44015151262283325,
            "bigbench_logical_deduction": 0.23600000143051147,
            "bigbench_operators": 0.23333333432674408,
            "bigbench_repeat_copy_logic": 0.15625,
            "simple_arithmetic_nospaces": 0.028999999165534973,
            "simple_arithmetic_withspaces": 0.03400000184774399,
            "math_qa": 0.24606101214885712,
            "logi_qa": 0.26420891284942627,
            "pubmed_qa_labeled": 0.3869999945163727,
            "squad": 0.5142857432365417,
            "agi_eval_lsat_rc": 0.26492536067962646,
            "agi_eval_lsat_lr": 0.24901960790157318,
            "coqa": 0.3962169587612152,
            "bigbench_understanding_fables": 0.2380952388048172,
            "boolq": 0.7091743350028992,
            "agi_eval_sat_en": 0.3106796145439148,
            "winogender_mc_female": 0.46666666865348816,
            "winogender_mc_male": 0.44999998807907104,
            "enterprise_pii_classification": 0.5402061939239502,
            "bbq": 0.45425417206504126,
            "mmlu_fewshot": 0.29176510295324154,
            "gsm8k_cot": 0.018195603042840958,
            "agi_eval_sat_math_cot": 0.022727273404598236,
            "aqua_cot": 0.008163264952600002,
            "svamp_cot": 0.07999999821186066,
            "gpqa_main": 0.2321428507566452,
            "gpqa_diamond": 0.24242424964904785
        }
    },
    "aggregated_task_categories_centered": {
        "commonsense reasoning": 0.34831492556701193,
        "language understanding": 0.43175567324812203,
        "reading comprehension": 0.22539105138888485,
        "safety": -0.04443648863922467,
        "symbolic problem solving": 0.09146363271408837,
        "world knowledge": 0.2110134200011693
    },
    "aggregated_centered_results": 0.2141138856188353,
    "aggregated_results": 0.3822551513224472,
    "rw_small": 0.6828643629948298,
    "rw_small_centered": 0.45809444697976803,
    "95%_CI_above": 0.5133836736926785,
    "95%_CI_above_centered": 0.3587770795637915,
    "99%_CI_above": 0.5264826082664987,
    "99%_CI_above_centered": 0.4049970132711504,
    "low_variance_datasets": 0.5196633544835177,
    "low_variance_datasets_centered": 0.4101457494668997,
    "model_uuid": "3a1d62d8-4570-48e1-9a57-d7706f2e3dc6",
    "_filename": "exp_data/evals/evaluation_rw_v2_cc_v3_f0.15_resiliparse_fasttext_openhermes_reddit_eli5_vs_rw_v2_bigram_200k_train_0.1-open_lm_7b-warm=5000-lr=0p0003-wd=0p33-cd=3e-05-bs=2048-mult=1-seed=124-tokens=137788211200_heavy.json",
    "missing tasks": "[]",
    "Core": 0.4101457494668997,
    "Extended": 0.2141138856188353
}