{
    "name": "/mnt/task_runtime/dcnlp/eval/heavy",
    "uuid": "5b5900f5-238e-4be2-9668-9ccd1e932ac8",
    "model": "open_lm_7b_swiglutorch",
    "creation_date": "2024_06_04-11_26_17",
    "eval_metrics": {
        "icl": {
            "mmlu_zeroshot": 0.28690530908735173,
            "hellaswag_zeroshot": 0.7222664952278137,
            "jeopardy": 0.46001514196395876,
            "triviaqa_sm_sub": 0.41999998688697815,
            "gsm8k_cot": 0.018953753635287285,
            "agi_eval_sat_math_cot": 0.027272727340459824,
            "aqua_cot": 0.016326529905200005,
            "svamp_cot": 0.10000000149011612,
            "bigbench_qa_wikidata": 0.6872693300247192,
            "arc_easy": 0.7491582632064819,
            "arc_challenge": 0.4692832827568054,
            "mmlu_fewshot": 0.3374274310312773,
            "bigbench_misconceptions": 0.5296803712844849,
            "copa": 0.8199999928474426,
            "siqa": 0.6131013035774231,
            "commonsense_qa": 0.3931203782558441,
            "piqa": 0.7899891138076782,
            "openbook_qa": 0.4320000112056732,
            "bigbench_novel_concepts": 0.53125,
            "bigbench_strange_stories": 0.6896551847457886,
            "bigbench_strategy_qa": 0.5618174076080322,
            "lambada_openai": 0.6904715895652771,
            "hellaswag": 0.73341965675354,
            "winograd": 0.8717948794364929,
            "winogrande": 0.6590371131896973,
            "bigbench_conlang_translation": 0.030487805604934692,
            "bigbench_language_identification": 0.26339998841285706,
            "bigbench_conceptual_combinations": 0.3203883469104767,
            "bigbench_elementary_math_qa": 0.2574685513973236,
            "bigbench_dyck_languages": 0.1770000010728836,
            "agi_eval_lsat_ar": 0.25217390060424805,
            "bigbench_cs_algorithms": 0.4431818127632141,
            "bigbench_logical_deduction": 0.25733333826065063,
            "bigbench_operators": 0.25238096714019775,
            "bigbench_repeat_copy_logic": 0.125,
            "simple_arithmetic_nospaces": 0.020999999716877937,
            "simple_arithmetic_withspaces": 0.017999999225139618,
            "math_qa": 0.26181694865226746,
            "logi_qa": 0.2703533172607422,
            "pubmed_qa_labeled": 0.4399999976158142,
            "squad": 0.48334911465644836,
            "agi_eval_lsat_rc": 0.2798507511615753,
            "agi_eval_lsat_lr": 0.28431373834609985,
            "coqa": 0.4207691252231598,
            "bigbench_understanding_fables": 0.30158731341362,
            "boolq": 0.6868501305580139,
            "agi_eval_sat_en": 0.28155338764190674,
            "winogender_mc_female": 0.4833333194255829,
            "winogender_mc_male": 0.5333333611488342,
            "enterprise_pii_classification": 0.5131075382232666,
            "bbq": 0.4548064280639995,
            "gpqa_main": 0.2433035671710968,
            "gpqa_diamond": 0.22727273404598236
        }
    },
    "aggregated_task_categories_centered": {
        "commonsense reasoning": 0.38012437960240003,
        "language understanding": 0.41754770817847797,
        "reading comprehension": 0.23678757135936043,
        "safety": -0.007709676569158386,
        "symbolic problem solving": 0.09903938081200536,
        "world knowledge": 0.27111126511766204
    },
    "aggregated_centered_results": 0.23474607415475424,
    "aggregated_results": 0.39987982525568,
    "rw_small": 0.6844325462977091,
    "rw_small_centered": 0.4536010549779524,
    "95%_CI_above": 0.5146519048550686,
    "95%_CI_above_centered": 0.3566541372198079,
    "99%_CI_above": 0.5335494711347248,
    "99%_CI_above_centered": 0.41063784979778245,
    "low_variance_datasets": 0.5264513767578385,
    "low_variance_datasets_centered": 0.4167324738380049,
    "model_uuid": "4674b38a-b737-4f9c-8d1b-366269506523",
    "_filename": "exp_data/evals/evaluation_rw_v2_cc_v3_f0.15_resiliparase_fasttext_vs_rw_v2_bigram_maxn3_200k_train_0.1-open_lm_7b_swiglutorch-warm=5000-lr=0p0003-wd=0p33-cd=3e-05-bs=2048-mult=1-seed=124-tokens=137788211200_heavy.json",
    "missing tasks": "[]",
    "Core": 0.4167324738380049,
    "Extended": 0.23474607415475424
}