{
    "name": "eval/heavy",
    "uuid": "8a070647-7ae7-4a4f-a1fd-ef4c5e0012e5",
    "model": "meta-llama/Meta-Llama-3-8B",
    "creation_date": "2024_04_22-20_40_09",
    "eval_metrics": {
        "icl": {
            "mmlu_zeroshot": 0.5765243873261569,
            "hellaswag_zeroshot": 0.7969527840614319,
            "jeopardy": 0.5387459695339203,
            "triviaqa_sm_sub": 0.6396666765213013,
            "gsm8k": 0.12509477138519287,
            "agi_eval_sat_math": 0.07727272808551788,
            "aqua": 0.044897958636283875,
            "gsm8k_cot": 0.45868080854415894,
            "agi_eval_sat_math_cot": 0.20000000298023224,
            "aqua_cot": 0.1387755125761032,
            "bigbench_qa_wikidata": 0.7538999319076538,
            "arc_easy": 0.8068181872367859,
            "arc_challenge": 0.5614334344863892,
            "mmlu_fewshot": 0.6616626930864233,
            "bigbench_misconceptions": 0.6712328791618347,
            "copa": 0.8500000238418579,
            "siqa": 0.8034800291061401,
            "commonsense_qa": 0.7903357744216919,
            "piqa": 0.8313384056091309,
            "openbook_qa": 0.45399999618530273,
            "bigbench_novel_concepts": 0.75,
            "bigbench_strange_stories": 0.7528735399246216,
            "bigbench_strategy_qa": 0.6439493298530579,
            "lambada_openai": 0.7611100077629089,
            "hellaswag": 0.8102967739105225,
            "winograd": 0.8937729001045227,
            "winogrande": 0.7371744513511658,
            "bigbench_conlang_translation": 0.018292682245373726,
            "bigbench_language_identification": 0.5921000242233276,
            "bigbench_conceptual_combinations": 0.6796116232872009,
            "bigbench_elementary_math_qa": 0.43770962953567505,
            "bigbench_dyck_languages": 0.11699999868869781,
            "agi_eval_lsat_ar": 0.30000001192092896,
            "bigbench_cs_algorithms": 0.7227272987365723,
            "bigbench_logical_deduction": 0.3959999978542328,
            "bigbench_operators": 0.6523809432983398,
            "bigbench_repeat_copy_logic": 0.46875,
            "simple_arithmetic_nospaces": 0.527999997138977,
            "simple_arithmetic_withspaces": 0.597000002861023,
            "math_qa": 0.31880655884742737,
            "logi_qa": 0.4362519085407257,
            "pubmed_qa_labeled": 0.6940000057220459,
            "squad": 0.6414380073547363,
            "agi_eval_lsat_rc": 0.7014925479888916,
            "agi_eval_lsat_lr": 0.5156862735748291,
            "coqa": 0.4617311656475067,
            "bigbench_understanding_fables": 0.6349206566810608,
            "boolq": 0.849235475063324,
            "agi_eval_sat_en": 0.7815533876419067,
            "winogender_mc_female": 0.5833333134651184,
            "winogender_mc_male": 0.550000011920929,
            "enterprise_pii_classification": 0.830927848815918,
            "bbq": 0.6739200407808478,
            "gpqa_main": 0.2611607015132904,
            "gpqa_diamond": 0.2373737394809723,
            "svamp_cot": 0.036666665226221085
        }
    },
    "aggregated_task_categories_centered": {
        "commonsense reasoning": 0.5698887089221761,
        "language understanding": 0.5802138484699387,
        "reading comprehension": 0.5842853283607646,
        "safety": 0.31909060749140655,
        "symbolic problem solving": 0.3308912545476602,
        "world knowledge": 0.44147425271265683
    },
    "aggregated_centered_results": 0.4628222049307572,
    "aggregated_results": 0.5773734908971587,
    "rw_small": 0.7669357260068258,
    "rw_small_centered": 0.6107565680442497,
    "95%_CI_above": 0.6609929392186852,
    "95%_CI_above_centered": 0.5569349899458532,
    "99%_CI_above": 0.666263886767885,
    "99%_CI_above_centered": 0.5856688321318725,
    "low_variance_datasets": 0.6541473438793962,
    "low_variance_datasets_centered": 0.5757178449472801,
    "_filename": "exp_data/evals/evaluation_llama3_8b_heavy.json",
    "missing tasks": "[]",
    "Core": 0.5757178449472801,
    "Extended": 0.4628222049307572
}