{
    "name": "/mnt/task_runtime/dcnlp/eval/heavy",
    "uuid": "b2476c0e-0acf-453e-bd65-15eb82aaad35",
    "model": "open_lm_1b",
    "creation_date": "2024_02_20-15_10_48",
    "eval_metrics": {
        "perplexity": 2.591259471575419,
        "downstream_perpexity": {
            "mmlu": 1.6846786336993207,
            "hellaswag": 2.3496236903357377,
            "jeopardy_all": 1.2717875516465322,
            "triviaqa_sm_sub": 2.2557855925361316,
            "gsm8k": 1.8045939522498118,
            "agi_eval_sat_math": 1.5123822559009898,
            "aqua": 2.2324933932752025,
            "svamp": 2.508035192489624,
            "bigbench_qa_wikidata": 3.323781887850572,
            "arc_easy": 2.2147669769096052,
            "arc_challenge": 2.3890937168290995,
            "bigbench_misconceptions": 3.8903341347768428,
            "copa": 2.4852403736114503,
            "siqa": 1.4718870467514928,
            "commonsense_qa": 1.7789768587849748,
            "piqa": 2.6579205500807155,
            "openbook_qa": 4.09305671787262,
            "bigbench_novel_concepts": 2.47795157879591,
            "bigbench_strange_stories": 3.1038149184194106,
            "bigbench_strategy_qa": 1.8125030953272714,
            "lambada_openai": 1.3577162372517673,
            "winograd_wsc": 2.4594669204491835,
            "winogrande": 3.089693326317803,
            "bigbench_conlang_translation": 1.8387474490375053,
            "bigbench_language_identification": 2.743953990576195,
            "bigbench_conceptual_combinations": 1.0496685510700188,
            "bigbench_elementary_math_qa": 3.2919175574708284,
            "bigbench_dyck_languages": 4.848620481967926,
            "agi_eval_lsat_ar": 1.8449215645375459,
            "bigbench_cs_algorithms": 5.3717823176672965,
            "bigbench_logical_deduction": 1.2257896436055502,
            "bigbench_operators": 4.7205461422602335,
            "bigbench_repeat_copy_logic": 1.4366633780300617,
            "simple_arithmetic_nospaces": 6.338579009532928,
            "simple_arithmetic_withspaces": 6.1545218563079835,
            "math_qa": 3.162127357419609,
            "logi_qa": 1.9898952708998767,
            "pubmed_qa_labeled": 4.782169274806976,
            "squad": 1.7052219305099354,
            "agi_eval_lsat_rc": 1.7038839855300847,
            "agi_eval_lsat_lr": 1.8910212025922888,
            "coqa": 2.1230326575413394,
            "bigbench_understanding_fables": 2.566969691130219,
            "boolq": 3.568352161562042,
            "agi_eval_sat_en": 1.6871774011445277,
            "winogender_mc_female": 1.123862910270691,
            "winogender_mc_male": 0.8797799001137415,
            "enterprise_pii_classification": 4.432550020035307,
            "bbq": 0.3070845060154428,
            "human_eval_return_complex": 2.439366855020598,
            "human_eval_return_simple": 5.629453620395145,
            "human_eval-0.5": 2.3731348427330574,
            "human_eval-0.25": 2.5017558932304382,
            "human_eval-0.75": 2.4058165884599454,
            "human_eval": 2.7217125849026007,
            "processed_human_eval_cpp": 2.6341301995034545,
            "processed_human_eval_js": 2.582251466628982
        },
        "icl": {
            "mmlu_zeroshot": 0.25522256185088243,
            "hellaswag_zeroshot": 0.5666201710700989,
            "jeopardy": 0.2900988727807999,
            "triviaqa_sm_sub": 0.00033333332976326346,
            "gsm8k": 0.0,
            "agi_eval_sat_math": 0.004545454401522875,
            "aqua": 0.0,
            "bigbench_qa_wikidata": 0.6161606311798096,
            "arc_easy": 0.6658248901367188,
            "arc_challenge": 0.3668941855430603,
            "bigbench_misconceptions": 0.534246563911438,
            "copa": 0.7099999785423279,
            "siqa": 0.5107471942901611,
            "commonsense_qa": 0.315315306186676,
            "piqa": 0.7415668964385986,
            "openbook_qa": 0.3720000088214874,
            "bigbench_novel_concepts": 0.53125,
            "bigbench_strange_stories": 0.522988498210907,
            "bigbench_strategy_qa": 0.514198362827301,
            "lambada_openai": 0.5854842066764832,
            "hellaswag": 0.5687114000320435,
            "winograd": 0.7582417726516724,
            "winogrande": 0.5730071067810059,
            "bigbench_conlang_translation": 0.018292682245373726,
            "bigbench_language_identification": 0.250900000333786,
            "bigbench_conceptual_combinations": 0.20388349890708923,
            "bigbench_elementary_math_qa": 0.2461216002702713,
            "bigbench_dyck_languages": 0.23399999737739563,
            "agi_eval_lsat_ar": 0.24347825348377228,
            "bigbench_cs_algorithms": 0.43409091234207153,
            "bigbench_logical_deduction": 0.2486666738986969,
            "bigbench_operators": 0.21904762089252472,
            "bigbench_repeat_copy_logic": 0.0625,
            "simple_arithmetic_nospaces": 0.006000000052154064,
            "simple_arithmetic_withspaces": 0.004000000189989805,
            "math_qa": 0.2594703435897827,
            "logi_qa": 0.2764976918697357,
            "pubmed_qa_labeled": 0.4909999966621399,
            "squad": 0.39044466614723206,
            "agi_eval_lsat_rc": 0.25,
            "agi_eval_lsat_lr": 0.27843138575553894,
            "coqa": 0.30477264523506165,
            "bigbench_understanding_fables": 0.2539682686328888,
            "boolq": 0.6232416033744812,
            "agi_eval_sat_en": 0.23786407709121704,
            "winogender_mc_female": 0.4000000059604645,
            "winogender_mc_male": 0.5333333611488342,
            "enterprise_pii_classification": 0.49248895049095154,
            "bbq": 0.5049108537760648,
            "mmlu_fewshot": 0.24584277993754333,
            "gsm8k_cot": 0.011372251436114311,
            "agi_eval_sat_math_cot": 0.027272727340459824,
            "aqua_cot": 0.020408162847161293,
            "svamp_cot": 0.07333333045244217,
            "gpqa_main": 0.2165178507566452,
            "gpqa_diamond": 0.1818181872367859
        }
    },
    "aggregated_task_categories_centered": {
        "commonsense reasoning": 0.24560854135770938,
        "language understanding": 0.2784752915323916,
        "reading comprehension": 0.17582077258511594,
        "safety": -0.03463341431184247,
        "symbolic problem solving": 0.08987313598334858,
        "world knowledge": 0.155124657239543
    },
    "aggregated_centered_results": 0.15773673205094382,
    "aggregated_results": 0.34420532681124344,
    "rw_small": 0.5842646559079488,
    "95%_CI_above": 0.4519903742938073,
    "99%_CI_above": 0.46195609012375705,
    "low_variance_datasets": 0.44965459663759577,
    "model_uuid": "579dc2e9-ed2e-40ea-bed8-48dc899e495f",
    "_filename": "exp_data/evals/evaluation_rw_v2_fasttext_openhermes_wo_metamath_platypus_vs_rw_v2_100k_train_4gram_0.1-open_lm_1b-warm=5000-lr=0p003-wd=0p033-cd=3e-05-bs=256-mult=1-seed=124-tokens=28795904000_heavy.json",
    "missing tasks": "[]",
    "rw_small_centered": 0.28449950580708466,
    "95%_CI_above_centered": 0.268035435626459,
    "99%_CI_above_centered": 0.3089260428126626,
    "low_variance_datasets_centered": 0.30932857628061244,
    "Core": 0.30932857628061244,
    "Extended": 0.15773673205094382
}