{
    "name": "/mnt/task_runtime/dcnlp/eval/heavy",
    "uuid": "bfccdf56-6570-4412-8bf7-8cd6fcf48d66",
    "model": "open_lm_1b_swiglutorch",
    "creation_date": "2024_06_02-14_08_16",
    "eval_metrics": {
        "icl": {
            "mmlu_zeroshot": 0.25159899550571774,
            "hellaswag_zeroshot": 0.49900418519973755,
            "jeopardy": 0.27182940393686295,
            "triviaqa_sm_sub": 0.22233332693576813,
            "gsm8k_cot": 0.004548900760710239,
            "agi_eval_sat_math_cot": 0.00909090880304575,
            "aqua_cot": 0.01224489789456129,
            "bigbench_qa_wikidata": 0.6133064031600952,
            "arc_easy": 0.6157407164573669,
            "arc_challenge": 0.313139945268631,
            "mmlu_fewshot": 0.25440075130839096,
            "bigbench_misconceptions": 0.4885844886302948,
            "copa": 0.6800000071525574,
            "siqa": 0.5107471942901611,
            "commonsense_qa": 0.3071253001689911,
            "piqa": 0.7078346014022827,
            "openbook_qa": 0.34599998593330383,
            "bigbench_novel_concepts": 0.5,
            "bigbench_strange_stories": 0.5574712753295898,
            "bigbench_strategy_qa": 0.5010921955108643,
            "lambada_openai": 0.6130409240722656,
            "hellaswag": 0.5044811964035034,
            "winograd": 0.7362637519836426,
            "winogrande": 0.5769534111022949,
            "bigbench_conlang_translation": 0.012195121496915817,
            "bigbench_language_identification": 0.2547999918460846,
            "bigbench_conceptual_combinations": 0.3009708821773529,
            "bigbench_elementary_math_qa": 0.2471960186958313,
            "bigbench_dyck_languages": 0.2409999966621399,
            "agi_eval_lsat_ar": 0.23043477535247803,
            "bigbench_cs_algorithms": 0.4022727310657501,
            "bigbench_logical_deduction": 0.2773333191871643,
            "bigbench_operators": 0.14761905372142792,
            "bigbench_repeat_copy_logic": 0.03125,
            "simple_arithmetic_nospaces": 0.0,
            "simple_arithmetic_withspaces": 0.0020000000949949026,
            "math_qa": 0.24874287843704224,
            "logi_qa": 0.26574501395225525,
            "pubmed_qa_labeled": 0.515999972820282,
            "squad": 0.36244088411331177,
            "agi_eval_lsat_rc": 0.26119402050971985,
            "agi_eval_lsat_lr": 0.2607843279838562,
            "coqa": 0.2723287045955658,
            "bigbench_understanding_fables": 0.24867725372314453,
            "boolq": 0.6198776960372925,
            "agi_eval_sat_en": 0.3106796145439148,
            "winogender_mc_female": 0.5,
            "winogender_mc_male": 0.5,
            "enterprise_pii_classification": 0.5334315299987793,
            "bbq": 0.4545495022426952,
            "gpqa_main": 0.21875,
            "gpqa_diamond": 0.19696970283985138,
            "svamp_cot": 0.05999999865889549
        }
    },
    "aggregated_task_categories_centered": {
        "commonsense reasoning": 0.2245237891134554,
        "language understanding": 0.2713929251183697,
        "reading comprehension": 0.1805841705614799,
        "safety": -0.006009483879262756,
        "symbolic problem solving": 0.07725543194943742,
        "world knowledge": 0.15521049264665931
    },
    "aggregated_centered_results": 0.15280953865165178,
    "aggregated_results": 0.34102029732013933,
    "rw_small": 0.5507859935363134,
    "rw_small_centered": 0.2362385744239852,
    "95%_CI_above": 0.4344190275175618,
    "95%_CI_above_centered": 0.24397333745398503,
    "99%_CI_above": 0.4409293555047201,
    "99%_CI_above_centered": 0.2818625054338522,
    "low_variance_datasets": 0.4248519848016175,
    "low_variance_datasets_centered": 0.27637148195420624,
    "model_uuid": "2525d73f-24a7-4bbb-b1d9-e60a5b067e97",
    "_filename": "exp_data/evals/evaluation_rw_v2_cc_v3_f0.15_resiliparase_fasttext_gpt3_hq_vs_rw_v2_bigram_200k_train_0.1-open_lm_1b_swiglutorch-warm=5000-lr=0p003-wd=0p033-cd=3e-05-bs=256-mult=1-seed=124-tokens=28795904000_heavy.json",
    "missing tasks": "[]",
    "Core": 0.27637148195420624,
    "Extended": 0.15280953865165178
}