{
    "name": "/home/ubuntu/research/openlm/dcnlp/eval/heavy",
    "uuid": "792209ed-7dfb-401a-b14b-a0b3bb16a540",
    "model": "d=1024_l=24_h=8",
    "creation_date": "2024_04_28-21_25_46",
    "eval_metrics": {
        "perplexity": 2.7832403063774107,
        "downstream_perpexity": {
            "mmlu": 1.96526724703715,
            "hellaswag": 2.6499150617738523,
            "jeopardy_all": 2.9134326503701407,
            "triviaqa_sm_sub": 3.408476369579633,
            "gsm8k": 2.436776089794804,
            "agi_eval_sat_math": 1.9659595462408932,
            "aqua": 2.8467173089786453,
            "svamp": 2.8797406140963235,
            "bigbench_qa_wikidata": 4.952676861277129,
            "arc_easy": 3.03516823565117,
            "arc_challenge": 3.050984764465293,
            "bigbench_misconceptions": 5.911111757635526,
            "copa": 2.82778555393219,
            "siqa": 1.9338408421835611,
            "commonsense_qa": 2.291112118915492,
            "piqa": 2.8630362468912502,
            "openbook_qa": 4.540636366844177,
            "bigbench_novel_concepts": 3.2351213544607162,
            "bigbench_strange_stories": 3.4180293775152886,
            "bigbench_strategy_qa": 1.9368433184163338,
            "lambada_openai": 1.9497604518695038,
            "winograd_wsc": 2.7867493952586972,
            "winogrande": 3.2788006965814844,
            "bigbench_conlang_translation": 2.427395034854005,
            "bigbench_language_identification": 3.2341628655072903,
            "bigbench_conceptual_combinations": 1.141144492672485,
            "bigbench_elementary_math_qa": 3.656154944012,
            "bigbench_dyck_languages": 5.310824781417847,
            "agi_eval_lsat_ar": 1.8667573685231416,
            "bigbench_cs_algorithms": 5.411787685480985,
            "bigbench_logical_deduction": 1.1791997694969176,
            "bigbench_operators": 5.855487866628738,
            "bigbench_repeat_copy_logic": 1.9224772341549397,
            "simple_arithmetic_nospaces": 7.227571052074432,
            "simple_arithmetic_withspaces": 6.22911304807663,
            "math_qa": 3.1777612077602395,
            "logi_qa": 2.0369445609240673,
            "pubmed_qa_labeled": 3.2078419713974,
            "squad": 2.4575594274639068,
            "agi_eval_lsat_rc": 1.8421149338359264,
            "agi_eval_lsat_lr": 1.7756949380332347,
            "coqa": 2.1787661179913234,
            "bigbench_understanding_fables": 2.841279193837807,
            "boolq": 3.268060039234453,
            "agi_eval_sat_en": 1.9187373623107244,
            "winogender_mc_female": 1.3642499546209972,
            "winogender_mc_male": 1.5495945890744527,
            "enterprise_pii_classification": 3.6102955788681186,
            "bbq": 0.3985531536567629,
            "human_eval_return_complex": 1.8560650695965986,
            "human_eval_return_simple": 3.149496194478628,
            "human_eval-0.5": 1.762870372795477,
            "human_eval-0.25": 1.808408721191127,
            "human_eval-0.75": 1.810046011354865,
            "human_eval": 1.9018773087641088,
            "processed_human_eval_cpp": 1.890849759119638,
            "processed_human_eval_js": 1.7701232426050233
        },
        "icl": {
            "mmlu_zeroshot": 0.23512291280846848,
            "hellaswag_zeroshot": 0.3766182065010071,
            "jeopardy": 0.030879251100122927,
            "triviaqa_sm_sub": 0.06133333221077919,
            "gsm8k": 0.0030326005071401596,
            "agi_eval_sat_math": 0.004545454401522875,
            "aqua": 0.008163264952600002,
            "bigbench_qa_wikidata": 0.4283253848552704,
            "arc_easy": 0.49663299322128296,
            "arc_challenge": 0.2610921561717987,
            "mmlu_fewshot": 0.25000935479214315,
            "bigbench_misconceptions": 0.4885844886302948,
            "copa": 0.6200000047683716,
            "siqa": 0.48720574378967285,
            "commonsense_qa": 0.2047502100467682,
            "piqa": 0.6806311011314392,
            "openbook_qa": 0.3100000023841858,
            "bigbench_novel_concepts": 0.34375,
            "bigbench_strange_stories": 0.5114942789077759,
            "bigbench_strategy_qa": 0.5002184510231018,
            "lambada_openai": 0.4104405343532562,
            "hellaswag": 0.3778131902217865,
            "winograd": 0.6080586314201355,
            "winogrande": 0.48224151134490967,
            "bigbench_conlang_translation": 0.012195121496915817,
            "bigbench_language_identification": 0.25,
            "bigbench_conceptual_combinations": 0.21359223127365112,
            "bigbench_elementary_math_qa": 0.2439727485179901,
            "bigbench_dyck_languages": 0.17800000309944153,
            "agi_eval_lsat_ar": 0.24347825348377228,
            "bigbench_cs_algorithms": 0.42878788709640503,
            "bigbench_logical_deduction": 0.2566666603088379,
            "bigbench_operators": 0.11428571492433548,
            "bigbench_repeat_copy_logic": 0.03125,
            "simple_arithmetic_nospaces": 0.003000000026077032,
            "simple_arithmetic_withspaces": 0.004999999888241291,
            "math_qa": 0.2665102183818817,
            "logi_qa": 0.24423962831497192,
            "pubmed_qa_labeled": 0.5529999732971191,
            "squad": 0.10586565732955933,
            "agi_eval_lsat_rc": 0.25,
            "agi_eval_lsat_lr": 0.250980406999588,
            "coqa": 0.1501941680908203,
            "bigbench_understanding_fables": 0.2222222238779068,
            "boolq": 0.5639143586158752,
            "agi_eval_sat_en": 0.23786407709121704,
            "winogender_mc_female": 0.5166666507720947,
            "winogender_mc_male": 0.44999998807907104,
            "enterprise_pii_classification": 0.49455082416534424,
            "bbq": 0.4576930457895452,
            "gpqa_main": 0.2299107164144516,
            "gpqa_diamond": 0.24747474491596222,
            "gsm8k_cot": 0.0030326005071401596,
            "agi_eval_sat_math_cot": 0.004545454401522875,
            "aqua_cot": 0.0,
            "svamp_cot": 0.046666666865348816
        }
    },
    "aggregated_task_categories_centered": {
        "commonsense reasoning": 0.14018824457170917,
        "language understanding": 0.13360645047392045,
        "reading comprehension": 0.0999110079566507,
        "safety": -0.04054474559697238,
        "symbolic problem solving": 0.06950433315224434,
        "world knowledge": 0.07913641165255716
    },
    "aggregated_centered_results": 0.08795086331018094,
    "aggregated_results": 0.29133512761712566,
    "rw_small": 0.4667498717705409,
    "rw_small_centered": 0.09489117449487162,
    "95%_CI_above": 0.35393940621515274,
    "95%_CI_above_centered": 0.1389013759179851,
    "99%_CI_above": 0.3543830442444786,
    "99%_CI_above_centered": 0.16858956104799436,
    "low_variance_datasets": 0.3342390554618429,
    "low_variance_datasets_centered": 0.15956253519205624,
    "model_uuid": "5e85b3c4-f8bf-495e-944a-a811ec037264",
    "_filename": "exp_data/evals/evaluation_rw_v2_cc_v3_f0.15_resiliparse_fasttext_openhermes_reddit_eli5_vs_rw_v2_bigram_200k_train_0.2-d=1024_l=24_h=8-warm=2000-lr=0p003-wd=0p033-cd=3e-05-bs=512-mult=1-seed=124-tokens=8232325120_heavy.json",
    "missing tasks": "[]",
    "Core": 0.15956253519205624,
    "Extended": 0.08795086331018094
}