{
    "name": "/mnt/task_runtime/dcnlp/eval/heavy",
    "uuid": "95bda8f7-80d3-4e95-a45b-7cb2c2af9fb9",
    "model": "open_lm_1b",
    "creation_date": "2024_03_05-03_57_08",
    "eval_metrics": {
        "perplexity": 2.6437498291333514,
        "downstream_perpexity": {
            "mmlu": 1.735147616001059,
            "hellaswag": 2.321687843962937,
            "jeopardy_all": 1.5710550376095747,
            "triviaqa_sm_sub": 2.372222487926483,
            "gsm8k": 1.8443848255278938,
            "agi_eval_sat_math": 1.5404541199857538,
            "aqua": 2.2280373670616926,
            "svamp": 2.569123552640279,
            "bigbench_qa_wikidata": 3.6936545599519452,
            "arc_easy": 2.2569122396233907,
            "arc_challenge": 2.4270584629053955,
            "bigbench_misconceptions": 3.5347203337438575,
            "copa": 2.4761976742744447,
            "siqa": 1.607064570045764,
            "commonsense_qa": 1.9178486244293824,
            "piqa": 2.6823762844643992,
            "openbook_qa": 4.079598292350769,
            "bigbench_novel_concepts": 2.323122762143612,
            "bigbench_strange_stories": 2.8453395147433227,
            "bigbench_strategy_qa": 1.9508013442490704,
            "lambada_openai": 1.3679398526028217,
            "winograd_wsc": 2.477767840846554,
            "winogrande": 3.0617686445165453,
            "bigbench_conlang_translation": 1.9558622400935104,
            "bigbench_language_identification": 4.26861200124699,
            "bigbench_conceptual_combinations": 0.8098830412892462,
            "bigbench_elementary_math_qa": 3.840653565266722,
            "bigbench_dyck_languages": 5.209160339355469,
            "agi_eval_lsat_ar": 1.891825008392334,
            "bigbench_cs_algorithms": 4.292965083230626,
            "bigbench_logical_deduction": 0.9573307557503382,
            "bigbench_operators": 4.6813631097475685,
            "bigbench_repeat_copy_logic": 1.4218997918069363,
            "simple_arithmetic_nospaces": 6.592465753555298,
            "simple_arithmetic_withspaces": 6.084174011230469,
            "math_qa": 4.015217081476608,
            "logi_qa": 1.9614724482991912,
            "pubmed_qa_labeled": 3.800184655666351,
            "squad": 2.0814577158995133,
            "agi_eval_lsat_rc": 1.6616764193150535,
            "agi_eval_lsat_lr": 1.7927647964627136,
            "coqa": 2.697147689045752,
            "bigbench_understanding_fables": 3.8279077893211726,
            "boolq": 3.245173334710824,
            "agi_eval_sat_en": 1.6622298220986302,
            "winogender_mc_female": 0.9886294811964035,
            "winogender_mc_male": 0.9040547162294388,
            "enterprise_pii_classification": 4.556297431041285,
            "bbq": 0.2885632070500725,
            "human_eval_return_complex": 2.710980986046979,
            "human_eval_return_simple": 5.71073073309821,
            "human_eval-0.5": 2.6071377011334023,
            "human_eval-0.25": 2.765874140146302,
            "human_eval-0.75": 2.6583101342364057,
            "human_eval": 2.9509541872071057,
            "processed_human_eval_cpp": 2.8668058436849844,
            "processed_human_eval_js": 2.3392219107325483
        },
        "icl": {
            "mmlu_zeroshot": 0.2422744780778885,
            "hellaswag_zeroshot": 0.5948018431663513,
            "jeopardy": 0.2687988817691803,
            "triviaqa_sm_sub": 0.00033333332976326346,
            "gsm8k": 0.0,
            "agi_eval_sat_math": 0.004545454401522875,
            "aqua": 0.0,
            "bigbench_qa_wikidata": 0.6105506420135498,
            "arc_easy": 0.6776094436645508,
            "arc_challenge": 0.36945393681526184,
            "bigbench_misconceptions": 0.456620991230011,
            "copa": 0.75,
            "siqa": 0.48515865206718445,
            "commonsense_qa": 0.25143325328826904,
            "piqa": 0.7366703152656555,
            "openbook_qa": 0.37599998712539673,
            "bigbench_novel_concepts": 0.5,
            "bigbench_strange_stories": 0.545976996421814,
            "bigbench_strategy_qa": 0.5229358077049255,
            "lambada_openai": 0.5849019885063171,
            "hellaswag": 0.5952997207641602,
            "winograd": 0.7692307829856873,
            "winogrande": 0.580110490322113,
            "bigbench_conlang_translation": 0.018292682245373726,
            "bigbench_language_identification": 0.25360000133514404,
            "bigbench_conceptual_combinations": 0.26213592290878296,
            "bigbench_elementary_math_qa": 0.25395703315734863,
            "bigbench_dyck_languages": 0.17599999904632568,
            "agi_eval_lsat_ar": 0.2130434811115265,
            "bigbench_cs_algorithms": 0.3598484992980957,
            "bigbench_logical_deduction": 0.27266666293144226,
            "bigbench_operators": 0.20000000298023224,
            "bigbench_repeat_copy_logic": 0.03125,
            "simple_arithmetic_nospaces": 0.003000000026077032,
            "simple_arithmetic_withspaces": 0.004000000189989805,
            "math_qa": 0.25812938809394836,
            "logi_qa": 0.21966205537319183,
            "pubmed_qa_labeled": 0.46000000834465027,
            "squad": 0.369536429643631,
            "agi_eval_lsat_rc": 0.28731343150138855,
            "agi_eval_lsat_lr": 0.26274511218070984,
            "coqa": 0.30101466178894043,
            "bigbench_understanding_fables": 0.2698412835597992,
            "boolq": 0.6000000238418579,
            "agi_eval_sat_en": 0.24271844327449799,
            "winogender_mc_female": 0.5833333134651184,
            "winogender_mc_male": 0.38333332538604736,
            "enterprise_pii_classification": 0.5248895287513733,
            "bbq": 0.4763668287884105,
            "mmlu_fewshot": 0.24429736770035926,
            "gsm8k_cot": 0.006823351141065359,
            "agi_eval_sat_math_cot": 0.00909090880304575,
            "aqua_cot": 0.008163264952600002,
            "svamp_cot": 0.05666666850447655,
            "gpqa_main": 0.2098214328289032,
            "gpqa_diamond": 0.2070707082748413
        }
    },
    "aggregated_task_categories_centered": {
        "commonsense reasoning": 0.24332271304646175,
        "language understanding": 0.30213396946799187,
        "reading comprehension": 0.1678857031654109,
        "safety": -0.016038501804525207,
        "symbolic problem solving": 0.0688754875353244,
        "world knowledge": 0.1393627996054922
    },
    "aggregated_centered_results": 0.1522517997604831,
    "aggregated_results": 0.3386183653952316,
    "rw_small": 0.5953292896350225,
    "rw_small_centered": 0.2994571826611346,
    "95%_CI_above": 0.4421980191167299,
    "95%_CI_above_centered": 0.2589304073887199,
    "99%_CI_above": 0.45219321393448375,
    "99%_CI_above_centered": 0.3012704779079268,
    "low_variance_datasets": 0.4395070174878294,
    "low_variance_datasets_centered": 0.29992362796784106,
    "model_uuid": "2c9fa184-e2af-417d-9954-3612547e3ef8",
    "_filename": "exp_data/evals/evaluation_mix_rw_v2_fasttext_openhermes_reddit_eli5_vs_rw_v2_bigram_200k_train_0.1_github_fasttext_openhermes_reddit_eli5_vs_rw_v2_bigram_200k_train_0.1-open_lm_1b-warm=5000-lr=0p003-wd=0p033-cd=3e-05-bs=256-mult=1-seed=124-tokens=28795904000_heavy.json",
    "missing tasks": "[]",
    "Core": 0.29992362796784106,
    "Extended": 0.1522517997604831
}