{
    "name": "/mnt/task_runtime/dcnlp/eval/heavy",
    "uuid": "8378743b-0bd4-4aad-85a9-b76698d900eb",
    "model": "open_lm_7b_swiglutorch",
    "creation_date": "2024_06_04-03_14_51",
    "eval_metrics": {
        "icl": {
            "mmlu_zeroshot": 0.24779452043667174,
            "hellaswag_zeroshot": 0.615216076374054,
            "jeopardy": 0.37600621283054353,
            "triviaqa_sm_sub": 0.382999986410141,
            "gsm8k_cot": 0.007581501267850399,
            "agi_eval_sat_math_cot": 0.013636363670229912,
            "aqua_cot": 0.020408162847161293,
            "bigbench_qa_wikidata": 0.6960287094116211,
            "arc_easy": 0.6780303120613098,
            "arc_challenge": 0.3873720169067383,
            "mmlu_fewshot": 0.25017297411696954,
            "bigbench_misconceptions": 0.543379008769989,
            "copa": 0.7200000286102295,
            "siqa": 0.48157626390457153,
            "commonsense_qa": 0.23669123649597168,
            "piqa": 0.737758457660675,
            "openbook_qa": 0.39399999380111694,
            "bigbench_novel_concepts": 0.59375,
            "bigbench_strange_stories": 0.6379310488700867,
            "bigbench_strategy_qa": 0.5408475399017334,
            "lambada_openai": 0.6605860590934753,
            "hellaswag": 0.6220872402191162,
            "winograd": 0.8571428656578064,
            "winogrande": 0.6172059774398804,
            "bigbench_conlang_translation": 0.024390242993831635,
            "bigbench_language_identification": 0.2515999972820282,
            "bigbench_conceptual_combinations": 0.291262149810791,
            "bigbench_elementary_math_qa": 0.24926625192165375,
            "bigbench_dyck_languages": 0.19499999284744263,
            "agi_eval_lsat_ar": 0.2130434811115265,
            "bigbench_cs_algorithms": 0.45606061816215515,
            "bigbench_logical_deduction": 0.2680000066757202,
            "bigbench_operators": 0.16190476715564728,
            "bigbench_repeat_copy_logic": 0.0625,
            "simple_arithmetic_nospaces": 0.0010000000474974513,
            "simple_arithmetic_withspaces": 0.0020000000949949026,
            "math_qa": 0.2527656853199005,
            "logi_qa": 0.24423962831497192,
            "pubmed_qa_labeled": 0.4180000126361847,
            "squad": 0.4809839129447937,
            "agi_eval_lsat_rc": 0.26865673065185547,
            "agi_eval_lsat_lr": 0.25882354378700256,
            "coqa": 0.36577728390693665,
            "bigbench_understanding_fables": 0.25925925374031067,
            "boolq": 0.6743119359016418,
            "agi_eval_sat_en": 0.30582523345947266,
            "winogender_mc_female": 0.5,
            "winogender_mc_male": 0.38333332538604736,
            "enterprise_pii_classification": 0.5157584547996521,
            "bbq": 0.4766074310649525,
            "gpqa_main": 0.2209821492433548,
            "gpqa_diamond": 0.20202019810676575,
            "svamp_cot": 0.05999999865889549
        }
    },
    "aggregated_task_categories_centered": {
        "commonsense reasoning": 0.2782348383484275,
        "language understanding": 0.35605486769975053,
        "reading comprehension": 0.21444317642926125,
        "safety": -0.06215039437467401,
        "symbolic problem solving": 0.07824316704316175,
        "world knowledge": 0.21902891540213637
    },
    "aggregated_centered_results": 0.18689053098093597,
    "aggregated_results": 0.36569009137328246,
    "rw_small": 0.615356057882309,
    "rw_small_centered": 0.34302711661098995,
    "95%_CI_above": 0.47457758554003454,
    "95%_CI_above_centered": 0.3017657141149286,
    "99%_CI_above": 0.48441154982732687,
    "99%_CI_above_centered": 0.3435919362577112,
    "low_variance_datasets": 0.47542305344885044,
    "low_variance_datasets_centered": 0.346807967112208,
    "model_uuid": "6a3da2ae-bb44-4ec1-9fdc-13e17e95f930",
    "_filename": "exp_data/evals/evaluation_rw_v2_cc_v3_f0.15_resiliparase_fasttext_openwebtext2_vs_rw_v2_bigram_200k_train_0.1-open_lm_7b_swiglutorch-warm=5000-lr=0p0003-wd=0p33-cd=3e-05-bs=2048-mult=1-seed=124-tokens=137788211200_heavy.json",
    "missing tasks": "[]",
    "Core": 0.346807967112208,
    "Extended": 0.18689053098093597
}