{
    "name": "/opt/ml/code/eval/heavy",
    "uuid": "773f7493-74b5-44b2-9387-cc71755fbe33",
    "model": "open_lm_1b",
    "creation_date": "2024_02_05-19_25_57",
    "eval_metrics": {
        "perplexity": 2.541414854923884,
        "downstream_perpexity": {
            "mmlu": 1.847630317012469,
            "hellaswag": 2.3939551636576653,
            "jeopardy_all": 2.221357773865263,
            "triviaqa_sm_sub": 2.4262190978974103,
            "gsm8k": 1.9082506467898688,
            "agi_eval_sat_math": 1.7543702499432998,
            "aqua": 2.429387196715997,
            "svamp": 2.480535478591919,
            "bigbench_qa_wikidata": 3.521229249984026,
            "arc_easy": 2.6925081719954806,
            "arc_challenge": 2.747412624955177,
            "bigbench_misconceptions": 5.160675550704678,
            "copa": 2.6266584753990174,
            "siqa": 1.59725860307614,
            "commonsense_qa": 1.9166512742638588,
            "piqa": 2.651909978191058,
            "openbook_qa": 4.28166361284256,
            "bigbench_novel_concepts": 2.6274041682481766,
            "bigbench_strange_stories": 3.3997043686351556,
            "bigbench_strategy_qa": 1.8427058666944505,
            "lambada_openai": 1.494244543540602,
            "winograd_wsc": 2.576787899483691,
            "winogrande": 3.110738946000735,
            "bigbench_conlang_translation": 2.0323762864601322,
            "bigbench_language_identification": 5.523798310756684,
            "bigbench_conceptual_combinations": 1.1085696874312985,
            "bigbench_elementary_math_qa": 4.526433498660723,
            "bigbench_dyck_languages": 4.319935467342535,
            "agi_eval_lsat_ar": 2.1551000418870347,
            "bigbench_cs_algorithms": 4.127384543418884,
            "bigbench_logical_deduction": 1.2142020133634408,
            "bigbench_operators": 5.321746931757246,
            "bigbench_repeat_copy_logic": 1.4809764735400677,
            "simple_arithmetic_nospaces": 6.620050789912542,
            "simple_arithmetic_withspaces": 6.853156783183416,
            "math_qa": 6.201499235630036,
            "logi_qa": 2.071096629224798,
            "pubmed_qa_labeled": 6.307618087530136,
            "squad": 2.210049517204364,
            "agi_eval_lsat_rc": 2.1181236994800283,
            "agi_eval_lsat_lr": 2.0380653778711957,
            "coqa": 3.004097170631091,
            "bigbench_understanding_fables": 5.367500426277282,
            "boolq": 3.132387088735898,
            "agi_eval_sat_en": 2.085073853002011,
            "winogender_mc_female": 1.319611257314682,
            "winogender_mc_male": 0.9520009477933248,
            "enterprise_pii_classification": 4.5682603488365805,
            "bbq": 0.2862094440497458,
            "human_eval_return_complex": 3.0436680992757243,
            "human_eval_return_simple": 5.808547535458127,
            "human_eval-0.5": 2.9846038251388363,
            "human_eval-0.25": 3.1219426858715895,
            "human_eval-0.75": 3.005218986330963,
            "human_eval": 3.301743516107885,
            "processed_human_eval_cpp": 2.9748995703940064,
            "processed_human_eval_js": 2.2945397961430434
        },
        "icl": {
            "mmlu_zeroshot": 0.23650343663859785,
            "hellaswag_zeroshot": 0.5588527917861938,
            "jeopardy": 0.154042586684227,
            "triviaqa_sm_sub": 0.0006666666595265269,
            "gsm8k": 0.0015163002535700798,
            "agi_eval_sat_math": 0.004545454401522875,
            "aqua": 0.0,
            "bigbench_qa_wikidata": 0.5966241955757141,
            "arc_easy": 0.5824915766716003,
            "arc_challenge": 0.2969283163547516,
            "bigbench_misconceptions": 0.5251141786575317,
            "copa": 0.6899999976158142,
            "siqa": 0.48464688658714294,
            "commonsense_qa": 0.22850123047828674,
            "piqa": 0.737758457660675,
            "openbook_qa": 0.3479999899864197,
            "bigbench_novel_concepts": 0.4375,
            "bigbench_strange_stories": 0.5057471394538879,
            "bigbench_strategy_qa": 0.5176933407783508,
            "lambada_openai": 0.5311468839645386,
            "hellaswag": 0.5671181082725525,
            "winograd": 0.7289377450942993,
            "winogrande": 0.5666929483413696,
            "bigbench_conlang_translation": 0.018292682245373726,
            "bigbench_language_identification": 0.2526000142097473,
            "bigbench_conceptual_combinations": 0.20388349890708923,
            "bigbench_elementary_math_qa": 0.2426624745130539,
            "bigbench_dyck_languages": 0.22100000083446503,
            "agi_eval_lsat_ar": 0.25652173161506653,
            "bigbench_cs_algorithms": 0.40303030610084534,
            "bigbench_logical_deduction": 0.24266666173934937,
            "bigbench_operators": 0.20000000298023224,
            "bigbench_repeat_copy_logic": 0.0,
            "simple_arithmetic_nospaces": 0.0020000000949949026,
            "simple_arithmetic_withspaces": 0.0020000000949949026,
            "math_qa": 0.2470667064189911,
            "logi_qa": 0.23963133990764618,
            "pubmed_qa_labeled": 0.3400000035762787,
            "squad": 0.3598864674568176,
            "agi_eval_lsat_rc": 0.2798507511615753,
            "agi_eval_lsat_lr": 0.28823530673980713,
            "coqa": 0.2684454321861267,
            "bigbench_understanding_fables": 0.2539682686328888,
            "boolq": 0.4636085629463196,
            "agi_eval_sat_en": 0.2864077687263489,
            "winogender_mc_female": 0.5,
            "winogender_mc_male": 0.5,
            "enterprise_pii_classification": 0.5089837908744812,
            "bbq": 0.4731763005256653,
            "mmlu_fewshot": 0.23978765125860246,
            "gsm8k_cot": 0.009855951182544231,
            "agi_eval_sat_math_cot": 0.00909090880304575,
            "aqua_cot": 0.008163264952600002,
            "svamp_cot": 0.046666666865348816,
            "gpqa_main": 0.2232142835855484,
            "gpqa_diamond": 0.21212121844291687
        }
    },
    "aggregated_task_categories_centered": {
        "commonsense reasoning": 0.1991153392481847,
        "language understanding": 0.2614522431390534,
        "reading comprehension": 0.11036088621537937,
        "safety": -0.008919954299926758,
        "symbolic problem solving": 0.07309021103540307,
        "world knowledge": 0.11896237835038878
    },
    "aggregated_centered_results": 0.12863631850294657,
    "aggregated_results": 0.322599707449816,
    "rw_small": 0.5264290322860082,
    "95%_CI_above": 0.41001627168485094,
    "99%_CI_above": 0.4177639620459598,
    "model_uuid": "44c95141-5428-47b4-8c3b-9a2c4dd45509",
    "low_variance_datasets": 0.40964487940073013,
    "_filename": "exp_data/evals/evaluation_rw_original-open_lm_1b-warm=5000-lr=0p003-wd=0p033-cd=3e-05-bs=256-mult=1_heavy.json",
    "missing tasks": "[]",
    "rw_small_centered": 0.16992106528310055,
    "95%_CI_above_centered": 0.21001273103071894,
    "99%_CI_above_centered": 0.24803616341791654,
    "low_variance_datasets_centered": 0.2511200893953137,
    "Core": 0.2511200893953137,
    "Extended": 0.12863631850294657
}