{
    "name": "/mnt/task_runtime/dcnlp/eval/heavy",
    "uuid": "4f146f7e-fd67-437c-bebd-9615f6626c36",
    "model": "open_lm_7b_swiglutorch",
    "creation_date": "2024_06_04-02_37_39",
    "eval_metrics": {
        "icl": {
            "mmlu_zeroshot": 0.27255176765876904,
            "hellaswag_zeroshot": 0.722166895866394,
            "jeopardy": 0.46113294959068296,
            "triviaqa_sm_sub": 0.4483333230018616,
            "gsm8k_cot": 0.018195603042840958,
            "agi_eval_sat_math_cot": 0.03181818127632141,
            "aqua_cot": 0.016326529905200005,
            "svamp_cot": 0.07333333045244217,
            "bigbench_qa_wikidata": 0.7008021473884583,
            "arc_easy": 0.7146464586257935,
            "arc_challenge": 0.44965869188308716,
            "mmlu_fewshot": 0.27243801794554057,
            "bigbench_misconceptions": 0.5159817337989807,
            "copa": 0.7799999713897705,
            "siqa": 0.5255885124206543,
            "commonsense_qa": 0.2506142556667328,
            "piqa": 0.7894450426101685,
            "openbook_qa": 0.4259999990463257,
            "bigbench_novel_concepts": 0.5625,
            "bigbench_strange_stories": 0.6321839094161987,
            "bigbench_strategy_qa": 0.5753604173660278,
            "lambada_openai": 0.7065786719322205,
            "hellaswag": 0.7326229810714722,
            "winograd": 0.8424908518791199,
            "winogrande": 0.671665370464325,
            "bigbench_conlang_translation": 0.024390242993831635,
            "bigbench_language_identification": 0.25780001282691956,
            "bigbench_conceptual_combinations": 0.27184465527534485,
            "bigbench_elementary_math_qa": 0.24614779651165009,
            "bigbench_dyck_languages": 0.25200000405311584,
            "agi_eval_lsat_ar": 0.269565224647522,
            "bigbench_cs_algorithms": 0.4530302882194519,
            "bigbench_logical_deduction": 0.23866666853427887,
            "bigbench_operators": 0.22857142984867096,
            "bigbench_repeat_copy_logic": 0.0625,
            "simple_arithmetic_nospaces": 0.023000000044703484,
            "simple_arithmetic_withspaces": 0.023000000044703484,
            "math_qa": 0.24941334128379822,
            "logi_qa": 0.2718893885612488,
            "pubmed_qa_labeled": 0.5550000071525574,
            "squad": 0.49016082286834717,
            "agi_eval_lsat_rc": 0.26119402050971985,
            "agi_eval_lsat_lr": 0.24117647111415863,
            "coqa": 0.3994738757610321,
            "bigbench_understanding_fables": 0.21164020895957947,
            "boolq": 0.6605504751205444,
            "agi_eval_sat_en": 0.1990291327238083,
            "winogender_mc_female": 0.4833333194255829,
            "winogender_mc_male": 0.5166666507720947,
            "enterprise_pii_classification": 0.4977908730506897,
            "bbq": 0.46847734126177704,
            "gpqa_main": 0.2276785671710968,
            "gpqa_diamond": 0.2373737394809723
        }
    },
    "aggregated_task_categories_centered": {
        "commonsense reasoning": 0.32422207074676423,
        "language understanding": 0.4056198874804037,
        "reading comprehension": 0.2032373377220019,
        "safety": -0.016865907744927827,
        "symbolic problem solving": 0.09594032394117144,
        "world knowledge": 0.254136154459931
    },
    "aggregated_centered_results": 0.21467239887416092,
    "aggregated_results": 0.3870528334323885,
    "rw_small": 0.6664479772249857,
    "rw_small_centered": 0.420889753695817,
    "95%_CI_above": 0.5095192532357457,
    "95%_CI_above_centered": 0.3462480537768062,
    "99%_CI_above": 0.5268029255711514,
    "99%_CI_above_centered": 0.39662741643272226,
    "low_variance_datasets": 0.514612564580007,
    "low_variance_datasets_centered": 0.3979703267565764,
    "model_uuid": "8e398690-c428-4d0d-aae7-f47f928a854a",
    "_filename": "exp_data/evals/evaluation_rw_v2_cc_v3_f0.15_resiliparase_fasttext_openhermes_reddit_eli5_vs_rw_v2_bigram_200k_train_0.15-open_lm_7b_swiglutorch-warm=5000-lr=0p0003-wd=0p33-cd=3e-05-bs=2048-mult=1-seed=124-tokens=137788211200_heavy.json",
    "missing tasks": "[]",
    "Core": 0.3979703267565764,
    "Extended": 0.21467239887416092
}