{
    "name": "/mnt/task_runtime/dcnlp/eval/heavy",
    "uuid": "8359d586-33a1-4ea4-b93a-05d92563c9c0",
    "model": "open_lm_1b_swiglutorch",
    "creation_date": "2024_06_04-03_25_17",
    "eval_metrics": {
        "icl": {
            "mmlu_zeroshot": 0.2334438797674681,
            "hellaswag_zeroshot": 0.46305516362190247,
            "jeopardy": 0.11525466665625572,
            "triviaqa_sm_sub": 0.14399999380111694,
            "gsm8k_cot": 0.011372251436114311,
            "agi_eval_sat_math_cot": 0.004545454401522875,
            "aqua_cot": 0.016326529905200005,
            "svamp_cot": 0.06333333253860474,
            "bigbench_qa_wikidata": 0.5887013673782349,
            "arc_easy": 0.5526094436645508,
            "arc_challenge": 0.2875426709651947,
            "mmlu_fewshot": 0.25664525544434263,
            "bigbench_misconceptions": 0.5205479264259338,
            "copa": 0.7099999785423279,
            "siqa": 0.4790174067020416,
            "commonsense_qa": 0.19983619451522827,
            "piqa": 0.6887921690940857,
            "openbook_qa": 0.33000001311302185,
            "bigbench_novel_concepts": 0.40625,
            "bigbench_strange_stories": 0.517241358757019,
            "bigbench_strategy_qa": 0.5028396844863892,
            "lambada_openai": 0.5282359719276428,
            "hellaswag": 0.4676359295845032,
            "winograd": 0.7069597244262695,
            "winogrande": 0.5588003396987915,
            "bigbench_conlang_translation": 0.018292682245373726,
            "bigbench_language_identification": 0.24539999663829803,
            "bigbench_conceptual_combinations": 0.223300963640213,
            "bigbench_elementary_math_qa": 0.2405136227607727,
            "bigbench_dyck_languages": 0.23800000548362732,
            "agi_eval_lsat_ar": 0.321739137172699,
            "bigbench_cs_algorithms": 0.43030303716659546,
            "bigbench_logical_deduction": 0.25,
            "bigbench_operators": 0.17142857611179352,
            "bigbench_repeat_copy_logic": 0.0625,
            "simple_arithmetic_nospaces": 0.0010000000474974513,
            "simple_arithmetic_withspaces": 0.003000000026077032,
            "math_qa": 0.24505531787872314,
            "logi_qa": 0.29032257199287415,
            "pubmed_qa_labeled": 0.5230000019073486,
            "squad": 0.3198675513267517,
            "agi_eval_lsat_rc": 0.25746268033981323,
            "agi_eval_lsat_lr": 0.23333333432674408,
            "coqa": 0.2306150496006012,
            "bigbench_understanding_fables": 0.30687829852104187,
            "boolq": 0.4217125475406647,
            "agi_eval_sat_en": 0.223300963640213,
            "winogender_mc_female": 0.44999998807907104,
            "winogender_mc_male": 0.46666666865348816,
            "enterprise_pii_classification": 0.5045655369758606,
            "bbq": 0.46151818470521405,
            "gpqa_main": 0.2120535671710968,
            "gpqa_diamond": 0.2222222238779068
        }
    },
    "aggregated_task_categories_centered": {
        "commonsense reasoning": 0.17761718259769668,
        "language understanding": 0.22332023002736975,
        "reading comprehension": 0.09539596171918928,
        "safety": -0.058624810793183074,
        "symbolic problem solving": 0.09008556160656947,
        "world knowledge": 0.12417412685415549
    },
    "aggregated_centered_results": 0.11941872536266815,
    "aggregated_results": 0.31937809839026643,
    "rw_small": 0.49895335733890533,
    "rw_small_centered": 0.12556687589974433,
    "95%_CI_above": 0.40376380290352293,
    "95%_CI_above_centered": 0.19605457482533742,
    "99%_CI_above": 0.4096154381075631,
    "99%_CI_above_centered": 0.23090258400679814,
    "low_variance_datasets": 0.3926813424649564,
    "low_variance_datasets_centered": 0.2249311517408007,
    "model_uuid": "cb1eed6b-0bb9-4247-a749-288c6091e85f",
    "_filename": "exp_data/evals/evaluation_rpj_original-open_lm_1b_swiglutorch-warm=5000-lr=0p003-wd=0p33-cd=3e-05-bs=256-mult=1-seed=124-tokens=28795904000_heavy.json",
    "missing tasks": "[]",
    "Core": 0.2249311517408007,
    "Extended": 0.11941872536266815
}