{
    "name": "/mnt/task_runtime/dcnlp/eval/heavy",
    "uuid": "06557a09-3e48-4ff4-bfb6-9334a65d000a",
    "model": "open_lm_7b",
    "creation_date": "2024_03_30-16_32_26",
    "eval_metrics": {
        "icl": {
            "mmlu_zeroshot": 0.270958804509096,
            "hellaswag_zeroshot": 0.7262497544288635,
            "jeopardy": 0.40689328908920286,
            "triviaqa_sm_sub": 0.42399999499320984,
            "gsm8k": 0.013646702282130718,
            "agi_eval_sat_math": 0.00909090880304575,
            "aqua": 0.01224489789456129,
            "bigbench_qa_wikidata": 0.6909601092338562,
            "arc_easy": 0.7230639457702637,
            "arc_challenge": 0.41723549365997314,
            "bigbench_misconceptions": 0.5114155411720276,
            "copa": 0.7599999904632568,
            "siqa": 0.5266121029853821,
            "commonsense_qa": 0.21621622145175934,
            "piqa": 0.7932535409927368,
            "openbook_qa": 0.4180000126361847,
            "bigbench_novel_concepts": 0.5625,
            "bigbench_strange_stories": 0.6264367699623108,
            "bigbench_strategy_qa": 0.5670598745346069,
            "lambada_openai": 0.6819328665733337,
            "hellaswag": 0.7369049787521362,
            "winograd": 0.8388278484344482,
            "winogrande": 0.6582478284835815,
            "bigbench_conlang_translation": 0.03658536449074745,
            "bigbench_language_identification": 0.2515000104904175,
            "bigbench_conceptual_combinations": 0.26213592290878296,
            "bigbench_elementary_math_qa": 0.2510744333267212,
            "bigbench_dyck_languages": 0.19499999284744263,
            "agi_eval_lsat_ar": 0.25652173161506653,
            "bigbench_cs_algorithms": 0.46136364340782166,
            "bigbench_logical_deduction": 0.2666666805744171,
            "bigbench_operators": 0.19523809850215912,
            "bigbench_repeat_copy_logic": 0.09375,
            "simple_arithmetic_nospaces": 0.013000000268220901,
            "simple_arithmetic_withspaces": 0.017000000923871994,
            "math_qa": 0.2641635835170746,
            "logi_qa": 0.26728111505508423,
            "pubmed_qa_labeled": 0.42399999499320984,
            "squad": 0.47795647382736206,
            "agi_eval_lsat_rc": 0.24626865983009338,
            "agi_eval_lsat_lr": 0.25882354378700256,
            "coqa": 0.3841913938522339,
            "bigbench_understanding_fables": 0.21693122386932373,
            "boolq": 0.6678898930549622,
            "agi_eval_sat_en": 0.24757280945777893,
            "winogender_mc_female": 0.5,
            "winogender_mc_male": 0.4333333373069763,
            "enterprise_pii_classification": 0.5219440460205078,
            "bbq": 0.49917436187917535,
            "mmlu_fewshot": 0.2872228159716255,
            "gsm8k_cot": 0.018195603042840958,
            "agi_eval_sat_math_cot": 0.00909090880304575,
            "aqua_cot": 0.020408162847161293,
            "svamp_cot": 0.09000000357627869,
            "gpqa_main": 0.2142857164144516,
            "gpqa_diamond": 0.24242424964904785
        }
    },
    "aggregated_task_categories_centered": {
        "commonsense reasoning": 0.3101460829422321,
        "language understanding": 0.39870309933243425,
        "reading comprehension": 0.1951833659162124,
        "safety": -0.022774127396670257,
        "symbolic problem solving": 0.09382366337239333,
        "world knowledge": 0.24182725102929345
    },
    "aggregated_centered_results": 0.20692059126073933,
    "aggregated_results": 0.3801464668723988,
    "rw_small": 0.6587811509768168,
    "rw_small_centered": 0.4085423217879402,
    "95%_CI_above": 0.4965640150881433,
    "95%_CI_above_centered": 0.3333132129969884,
    "99%_CI_above": 0.5106800499169722,
    "99%_CI_above_centered": 0.3797704243681569,
    "low_variance_datasets": 0.5023271417075937,
    "low_variance_datasets_centered": 0.38379087916998517,
    "model_uuid": "86f6877d-e85b-4968-8df5-afd55d73a095",
    "_filename": "exp_data/evals/evaluation_dfn_10_mean_0.71_2048_baebdddd-open_lm_7b-warm=5000-lr=0p0003-wd=0p33-cd=3e-05-bs=2048-mult=1-seed=124-tokens=137788211200_heavy.json",
    "missing tasks": "[]",
    "Core": 0.38379087916998517,
    "Extended": 0.20692059126073933
}