{
    "name": "/mnt/task_runtime/dcnlp/eval/heavy",
    "uuid": "7e542e4d-40b6-4a09-a820-4be3bf60735e",
    "model": "open_lm_7b_swiglutorch",
    "creation_date": "2024_06_12-07_18_15",
    "eval_metrics": {
        "icl": {
            "mmlu_zeroshot": 0.25996564145673784,
            "hellaswag_zeroshot": 0.6616212129592896,
            "jeopardy": 0.43817063570022585,
            "triviaqa_sm_sub": 0.42800000309944153,
            "gsm8k_cot": 0.030326005071401596,
            "agi_eval_sat_math_cot": 0.03181818127632141,
            "aqua_cot": 0.008163264952600002,
            "svamp_cot": 0.1066666692495346,
            "bigbench_qa_wikidata": 0.7109394073486328,
            "arc_easy": 0.6931818127632141,
            "arc_challenge": 0.3813993036746979,
            "mmlu_fewshot": 0.25111414439845503,
            "bigbench_misconceptions": 0.47031962871551514,
            "copa": 0.8100000023841858,
            "siqa": 0.5076765418052673,
            "commonsense_qa": 0.23013922572135925,
            "piqa": 0.7660500407218933,
            "openbook_qa": 0.4020000100135803,
            "bigbench_novel_concepts": 0.53125,
            "bigbench_strange_stories": 0.5977011322975159,
            "bigbench_strategy_qa": 0.5696811079978943,
            "lambada_openai": 0.6842616200447083,
            "hellaswag": 0.6729735136032104,
            "winograd": 0.8095238208770752,
            "winogrande": 0.6306235194206238,
            "bigbench_conlang_translation": 0.030487805604934692,
            "bigbench_language_identification": 0.25450000166893005,
            "bigbench_conceptual_combinations": 0.3300970792770386,
            "bigbench_elementary_math_qa": 0.24952830374240875,
            "bigbench_dyck_languages": 0.3070000112056732,
            "agi_eval_lsat_ar": 0.3173913061618805,
            "bigbench_cs_algorithms": 0.4689393937587738,
            "bigbench_logical_deduction": 0.2486666738986969,
            "bigbench_operators": 0.24761904776096344,
            "bigbench_repeat_copy_logic": 0.0625,
            "simple_arithmetic_nospaces": 0.020999999716877937,
            "simple_arithmetic_withspaces": 0.01899999938905239,
            "math_qa": 0.2534361481666565,
            "logi_qa": 0.23655913770198822,
            "pubmed_qa_labeled": 0.39500001072883606,
            "squad": 0.5410596132278442,
            "agi_eval_lsat_rc": 0.302238792181015,
            "agi_eval_lsat_lr": 0.272549033164978,
            "coqa": 0.3960916996002197,
            "bigbench_understanding_fables": 0.25925925374031067,
            "boolq": 0.6088684797286987,
            "agi_eval_sat_en": 0.27184465527534485,
            "winogender_mc_female": 0.5166666507720947,
            "winogender_mc_male": 0.5166666507720947,
            "enterprise_pii_classification": 0.5531664490699768,
            "bbq": 0.43183770504864777,
            "gpqa_main": 0.2433035671710968,
            "gpqa_diamond": 0.2373737394809723
        }
    },
    "missing tasks": "[]",
    "aggregated_task_categories_centered": {
        "commonsense reasoning": 0.30039395621816245,
        "language understanding": 0.3743126461665557,
        "reading comprehension": 0.20306786313130143,
        "safety": 0.009168727831407014,
        "symbolic problem solving": 0.10623341412900109,
        "world knowledge": 0.22728669155062292
    },
    "aggregated_centered_results": 0.20613658043198174,
    "aggregated_results": 0.38257014440696957,
    "rw_small": 0.6309490551551183,
    "rw_small_centered": 0.36114833473462116,
    "95%_CI_above": 0.49599804166075473,
    "95%_CI_above_centered": 0.3251815510780535,
    "99%_CI_above": 0.5125443537598071,
    "99%_CI_above_centered": 0.37508680864338834,
    "low_variance_datasets": 0.5043115308338946,
    "low_variance_datasets_centered": 0.3775241672074468,
    "model_uuid": "b6772af7-5fa3-42bb-8869-be32d44267b8",
    "_filename": "exp_data/evals/evaluation_rpj_original-open_lm_7b_swiglutorch-warm=5000-lr=0p002-wd=0p05-cd=3e-05-bs=2048-mult=1-seed=124-tokens=137788211200_heavy.json",
    "Core": 0.3775241672074468,
    "Extended": 0.20613658043198174
}