{
    "name": "mistral-7b-heavy",
    "uuid": "f3a34b75-6b80-43ee-b845-76a9605f8f4e",
    "model": "mistralai/Mistral-7B-v0.1",
    "creation_date": "2024_01_23-20_29_00",
    "eval_metrics": {
        "icl": {
            "mmlu_zeroshot": 0.5571830722323635,
            "hellaswag_zeroshot": 0.8017327189445496,
            "jeopardy": 0.5317397892475129,
            "triviaqa_sm_sub": 0.6473333239555359,
            "gsm8k": 0.11296436935663223,
            "agi_eval_sat_math": 0.06818182021379471,
            "aqua": 0.04897959157824516,
            "gsm8k_cot": 0.3866565525531769,
            "agi_eval_sat_math_cot": 0.2136363685131073,
            "aqua_cot": 0.10204081982374191,
            "bigbench_qa_wikidata": 0.7392844557762146,
            "arc_easy": 0.8026094436645508,
            "arc_challenge": 0.579351544380188,
            "bigbench_misconceptions": 0.689497709274292,
            "copa": 0.8399999737739563,
            "siqa": 0.8029682636260986,
            "commonsense_qa": 0.7788698077201843,
            "piqa": 0.8253536224365234,
            "openbook_qa": 0.4620000123977661,
            "bigbench_novel_concepts": 0.71875,
            "bigbench_strange_stories": 0.7758620977401733,
            "bigbench_strategy_qa": 0.6404543519020081,
            "lambada_openai": 0.7525713443756104,
            "hellaswag": 0.8190599679946899,
            "winograd": 0.8901098966598511,
            "winogrande": 0.7521705031394958,
            "bigbench_conlang_translation": 0.10975609719753265,
            "bigbench_language_identification": 0.5317000150680542,
            "bigbench_conceptual_combinations": 0.6990291476249695,
            "bigbench_elementary_math_qa": 0.363233745098114,
            "bigbench_dyck_languages": 0.414000004529953,
            "agi_eval_lsat_ar": 0.269565224647522,
            "bigbench_cs_algorithms": 0.5136363506317139,
            "bigbench_logical_deduction": 0.38866665959358215,
            "bigbench_operators": 0.6809523701667786,
            "bigbench_repeat_copy_logic": 0.4375,
            "simple_arithmetic_nospaces": 0.3880000114440918,
            "simple_arithmetic_withspaces": 0.38999998569488525,
            "math_qa": 0.2772376835346222,
            "logi_qa": 0.3978494703769684,
            "pubmed_qa_labeled": 0.7540000081062317,
            "squad": 0.6526017189025879,
            "agi_eval_lsat_rc": 0.6791045069694519,
            "agi_eval_lsat_lr": 0.545098066329956,
            "coqa": 0.4218965172767639,
            "bigbench_understanding_fables": 0.6560846567153931,
            "boolq": 0.857798159122467,
            "agi_eval_sat_en": 0.7135922312736511,
            "winogender_mc_female": 0.4833333194255829,
            "winogender_mc_male": 0.6000000238418579,
            "enterprise_pii_classification": 0.830633282661438,
            "bbq": 0.7061807621609081,
            "mmlu_fewshot": 0.6326651855518944,
            "svamp_cot": 0.5266666412353516,
            "gpqa_main": 0.2366071492433548,
            "gpqa_diamond": 0.23232322931289673
        }
    },
    "aggregated_task_categories_centered": {
        "commonsense reasoning": 0.5653289537430033,
        "language understanding": 0.5906003148769355,
        "reading comprehension": 0.5840956107631587,
        "safety": 0.31007369404489343,
        "symbolic problem solving": 0.32344030043169786,
        "world knowledge": 0.43516724867081785
    },
    "aggregated_centered_results": 0.45969378876279243,
    "aggregated_results": 0.5754518464881163,
    "rw_small": 0.7722770571708679,
    "95%_CI_above": 0.6632035874507645,
    "99%_CI_above": 0.669888552893763,
    "low_variance_datasets": 0.6524774291298606,
    "_filename": "exp_data/evals/evaluation_mistral_7b_heavy.json",
    "missing tasks": "[]",
    "rw_small_centered": 0.6202861987359342,
    "95%_CI_above_centered": 0.5599857132741785,
    "99%_CI_above_centered": 0.5897413240258335,
    "low_variance_datasets_centered": 0.5742546535268075,
    "Core": 0.5742546535268075,
    "Extended": 0.45969378876279243
}