{
    "name": "/mnt/task_runtime/dcnlp/eval/heavy",
    "uuid": "3e02dc28-f0fc-4efc-ad11-6d3950265b67",
    "model": "open_lm_1b_swiglutorch",
    "creation_date": "2024_06_04-01_17_15",
    "eval_metrics": {
        "icl": {
            "mmlu_zeroshot": 0.25358735547776806,
            "hellaswag_zeroshot": 0.5592511296272278,
            "jeopardy": 0.2196909472346306,
            "triviaqa_sm_sub": 0.1770000010728836,
            "gsm8k_cot": 0.008339650928974152,
            "agi_eval_sat_math_cot": 0.00909090880304575,
            "aqua_cot": 0.0,
            "svamp_cot": 0.03999999910593033,
            "bigbench_qa_wikidata": 0.5804340243339539,
            "arc_easy": 0.628367006778717,
            "arc_challenge": 0.3506825864315033,
            "mmlu_fewshot": 0.2701445535609597,
            "bigbench_misconceptions": 0.4885844886302948,
            "copa": 0.699999988079071,
            "siqa": 0.5143295526504517,
            "commonsense_qa": 0.30630630254745483,
            "piqa": 0.7431991100311279,
            "openbook_qa": 0.3700000047683716,
            "bigbench_novel_concepts": 0.4375,
            "bigbench_strange_stories": 0.5632184147834778,
            "bigbench_strategy_qa": 0.5377894043922424,
            "lambada_openai": 0.5936347842216492,
            "hellaswag": 0.5623381733894348,
            "winograd": 0.7509157657623291,
            "winogrande": 0.5808997750282288,
            "bigbench_conlang_translation": 0.018292682245373726,
            "bigbench_language_identification": 0.2547999918460846,
            "bigbench_conceptual_combinations": 0.2330097109079361,
            "bigbench_elementary_math_qa": 0.24614779651165009,
            "bigbench_dyck_languages": 0.2590000033378601,
            "agi_eval_lsat_ar": 0.239130437374115,
            "bigbench_cs_algorithms": 0.40909090638160706,
            "bigbench_logical_deduction": 0.23999999463558197,
            "bigbench_operators": 0.20476190745830536,
            "bigbench_repeat_copy_logic": 0.0,
            "simple_arithmetic_nospaces": 0.003000000026077032,
            "simple_arithmetic_withspaces": 0.006000000052154064,
            "math_qa": 0.24840764701366425,
            "logi_qa": 0.28878647089004517,
            "pubmed_qa_labeled": 0.3409999907016754,
            "squad": 0.365184485912323,
            "agi_eval_lsat_rc": 0.25,
            "agi_eval_lsat_lr": 0.2450980395078659,
            "coqa": 0.29700613021850586,
            "bigbench_understanding_fables": 0.21693122386932373,
            "boolq": 0.5868501663208008,
            "agi_eval_sat_en": 0.23786407709121704,
            "winogender_mc_female": 0.4833333194255829,
            "winogender_mc_male": 0.46666666865348816,
            "enterprise_pii_classification": 0.5340206027030945,
            "bbq": 0.4991631264036352,
            "gpqa_main": 0.2276785671710968,
            "gpqa_diamond": 0.2222222238779068
        }
    },
    "aggregated_task_categories_centered": {
        "commonsense reasoning": 0.2437537648612219,
        "language understanding": 0.2827360721807558,
        "reading comprehension": 0.12997619388625026,
        "safety": -0.00840814140709964,
        "symbolic problem solving": 0.07880837414286113,
        "world knowledge": 0.15578703409659933
    },
    "aggregated_centered_results": 0.15015267235672333,
    "aggregated_results": 0.33714622826748486,
    "rw_small": 0.5676751087109247,
    "rw_small_centered": 0.2542717920409308,
    "95%_CI_above": 0.4349290336155659,
    "95%_CI_above_centered": 0.24942189116371805,
    "99%_CI_above": 0.44268540124530376,
    "99%_CI_above_centered": 0.28738920513702476,
    "low_variance_datasets": 0.43461561941287735,
    "low_variance_datasets_centered": 0.29005038785797643,
    "model_uuid": "cb67f803-c22e-4eea-9bc0-bfa42a875e2b",
    "_filename": "exp_data/evals/evaluation_rw_v2_cc_v3_f0.15_resiliparse_fasttext_openhermes_reddit_eli5_vs_rw_v2_bigram_200k_train_0.1-open_lm_1b_swiglutorch-warm=5000-lr=0p03-wd=0p0033-cd=3e-05-bs=256-mult=1-seed=124-tokens=28795904000_heavy.json",
    "missing tasks": "[]",
    "Core": 0.29005038785797643,
    "Extended": 0.15015267235672333
}