{
    "name": "/mnt/task_runtime/dcnlp/eval/heavy",
    "uuid": "612c7668-fb85-45fb-95f6-d99ddbc1bbf8",
    "model": "open_lm_7b_swiglutorch",
    "creation_date": "2024_06_01-16_57_04",
    "eval_metrics": {
        "icl": {
            "mmlu_zeroshot": 0.24052434479981138,
            "hellaswag_zeroshot": 0.6370245218276978,
            "jeopardy": 0.41644322872161865,
            "triviaqa_sm_sub": 0.4046666622161865,
            "gsm8k_cot": 0.01440485194325447,
            "agi_eval_sat_math_cot": 0.0181818176060915,
            "aqua_cot": 0.004081632476300001,
            "bigbench_qa_wikidata": 0.6920919418334961,
            "arc_easy": 0.685606062412262,
            "arc_challenge": 0.37457337975502014,
            "mmlu_fewshot": 0.24949788576678225,
            "bigbench_misconceptions": 0.44748857617378235,
            "copa": 0.7400000095367432,
            "siqa": 0.4984646737575531,
            "commonsense_qa": 0.2153972089290619,
            "piqa": 0.762241542339325,
            "openbook_qa": 0.38600000739097595,
            "bigbench_novel_concepts": 0.53125,
            "bigbench_strange_stories": 0.5517241358757019,
            "bigbench_strategy_qa": 0.5421581268310547,
            "lambada_openai": 0.6631088852882385,
            "hellaswag": 0.6480780839920044,
            "winograd": 0.8131868243217468,
            "winogrande": 0.6329913139343262,
            "bigbench_conlang_translation": 0.018292682245373726,
            "bigbench_language_identification": 0.25440001487731934,
            "bigbench_conceptual_combinations": 0.24271844327449799,
            "bigbench_elementary_math_qa": 0.24541404843330383,
            "bigbench_dyck_languages": 0.2240000069141388,
            "agi_eval_lsat_ar": 0.2869565188884735,
            "bigbench_cs_algorithms": 0.45606061816215515,
            "bigbench_logical_deduction": 0.2566666603088379,
            "bigbench_operators": 0.2142857164144516,
            "bigbench_repeat_copy_logic": 0.0625,
            "simple_arithmetic_nospaces": 0.006000000052154064,
            "simple_arithmetic_withspaces": 0.007000000216066837,
            "math_qa": 0.24103251099586487,
            "logi_qa": 0.25960060954093933,
            "pubmed_qa_labeled": 0.42100000381469727,
            "squad": 0.4714285731315613,
            "agi_eval_lsat_rc": 0.26865673065185547,
            "agi_eval_lsat_lr": 0.2607843279838562,
            "coqa": 0.34535887837409973,
            "bigbench_understanding_fables": 0.24338623881340027,
            "boolq": 0.6333333253860474,
            "agi_eval_sat_en": 0.23786407709121704,
            "winogender_mc_female": 0.5333333611488342,
            "winogender_mc_male": 0.44999998807907104,
            "enterprise_pii_classification": 0.5195876359939575,
            "bbq": 0.4233338372273879,
            "gpqa_main": 0.2477678507566452,
            "gpqa_diamond": 0.23232322931289673,
            "svamp_cot": 0.07333333045244217
        }
    },
    "aggregated_task_categories_centered": {
        "commonsense reasoning": 0.25687036970802496,
        "language understanding": 0.34882632104195327,
        "reading comprehension": 0.18409100562137992,
        "safety": -0.036872588775374665,
        "symbolic problem solving": 0.0902126271443518,
        "world knowledge": 0.21152359888567562
    },
    "aggregated_centered_results": 0.18187238890361132,
    "aggregated_results": 0.36425669691076573,
    "rw_small": 0.6172547688086828,
    "rw_small_centered": 0.3406681606644078,
    "95%_CI_above": 0.47501126086557066,
    "95%_CI_above_centered": 0.2986234660367213,
    "99%_CI_above": 0.4913588820592217,
    "99%_CI_above_centered": 0.3495810914594285,
    "low_variance_datasets": 0.48250303011048923,
    "low_variance_datasets_centered": 0.35272490090584135,
    "model_uuid": "5a30855f-cde1-41e1-88a0-9bc746620eb2",
    "_filename": "exp_data/evals/evaluation_rpj_original-open_lm_7b_swiglutorch-warm=5000-lr=0p0003-wd=0p33-cd=3e-05-bs=2048-mult=1-seed=124-tokens=137788211200_heavy.json",
    "missing tasks": "[]"
}