{
    "name": "/mnt/task_runtime/dcnlp/eval/heavy",
    "uuid": "c5fe158d-4637-44f1-86d0-9f6f3c6a8802",
    "model": "open_lm_7b_swiglutorch",
    "creation_date": "2024_06_12-19_53_12",
    "eval_metrics": {
        "icl": {
            "mmlu_zeroshot": 0.26200627156516965,
            "hellaswag_zeroshot": 0.7291375994682312,
            "jeopardy": 0.42821028232574465,
            "triviaqa_sm_sub": 0.42500001192092896,
            "gsm8k_cot": 0.010614101774990559,
            "agi_eval_sat_math_cot": 0.013636363670229912,
            "aqua_cot": 0.016326529905200005,
            "svamp_cot": 0.1366666704416275,
            "bigbench_qa_wikidata": 0.684956431388855,
            "arc_easy": 0.7095959782600403,
            "arc_challenge": 0.4189419746398926,
            "mmlu_fewshot": 0.264992058538554,
            "bigbench_misconceptions": 0.5159817337989807,
            "copa": 0.8100000023841858,
            "siqa": 0.5184237360954285,
            "commonsense_qa": 0.2907452881336212,
            "piqa": 0.7943416833877563,
            "openbook_qa": 0.39399999380111694,
            "bigbench_novel_concepts": 0.5625,
            "bigbench_strange_stories": 0.6206896305084229,
            "bigbench_strategy_qa": 0.574923574924469,
            "lambada_openai": 0.6679604053497314,
            "hellaswag": 0.7372037172317505,
            "winograd": 0.8388278484344482,
            "winogrande": 0.6448302865028381,
            "bigbench_conlang_translation": 0.03658536449074745,
            "bigbench_language_identification": 0.25589999556541443,
            "bigbench_conceptual_combinations": 0.25242719054222107,
            "bigbench_elementary_math_qa": 0.2484014630317688,
            "bigbench_dyck_languages": 0.21799999475479126,
            "agi_eval_lsat_ar": 0.260869562625885,
            "bigbench_cs_algorithms": 0.4530302882194519,
            "bigbench_logical_deduction": 0.25200000405311584,
            "bigbench_operators": 0.17619048058986664,
            "bigbench_repeat_copy_logic": 0.15625,
            "simple_arithmetic_nospaces": 0.020999999716877937,
            "simple_arithmetic_withspaces": 0.026000000536441803,
            "math_qa": 0.2527656853199005,
            "logi_qa": 0.26420891284942627,
            "pubmed_qa_labeled": 0.515999972820282,
            "squad": 0.517975389957428,
            "agi_eval_lsat_rc": 0.24253731966018677,
            "agi_eval_lsat_lr": 0.2235294133424759,
            "coqa": 0.4033571481704712,
            "bigbench_understanding_fables": 0.24867725372314453,
            "boolq": 0.6859326958656311,
            "agi_eval_sat_en": 0.26213592290878296,
            "winogender_mc_female": 0.550000011920929,
            "winogender_mc_male": 0.4166666567325592,
            "enterprise_pii_classification": 0.5826215147972107,
            "bbq": 0.4582216360352256,
            "gpqa_main": 0.2455357164144516,
            "gpqa_diamond": 0.24242424964904785
        }
    },
    "missing tasks": "[]",
    "aggregated_task_categories_centered": {
        "commonsense reasoning": 0.32955787376896745,
        "language understanding": 0.39312018983002556,
        "reading comprehension": 0.22130635241046548,
        "safety": 0.0037549097429622202,
        "symbolic problem solving": 0.09915515515340927,
        "world knowledge": 0.2428125191989698
    },
    "aggregated_centered_results": 0.21664806577996892,
    "aggregated_results": 0.387542566391433,
    "rw_small": 0.6664064228534698,
    "rw_small_centered": 0.42667806810802883,
    "95%_CI_above": 0.5082592804807348,
    "95%_CI_above_centered": 0.3485508245298514,
    "99%_CI_above": 0.5269121103960535,
    "99%_CI_above_centered": 0.4019436698676883,
    "low_variance_datasets": 0.5125571385025979,
    "low_variance_datasets_centered": 0.39749407002171255,
    "model_uuid": "1f4190c9-1361-4b74-ad31-ef0d95755989",
    "_filename": "exp_data/evals/evaluation_rw_original-open_lm_7b_swiglutorch-warm=5000-lr=0p002-wd=0p05-cd=3e-05-bs=2048-mult=1-seed=124-tokens=137788211200_heavy.json",
    "Core": 0.39749407002171255,
    "Extended": 0.21664806577996892
}