{
    "name": "/mnt/task_runtime/dcnlp/eval/heavy",
    "uuid": "d4baf45b-cbf7-42d0-b5f3-4ef07cfe5fa9",
    "model": "open_lm_7b_swiglutorch",
    "creation_date": "2024_06_01-17_47_29",
    "eval_metrics": {
        "icl": {
            "mmlu_zeroshot": 0.2549155762321071,
            "hellaswag_zeroshot": 0.706632137298584,
            "jeopardy": 0.39134405851364135,
            "triviaqa_sm_sub": 0.3856666684150696,
            "gsm8k_cot": 0.013646702282130718,
            "agi_eval_sat_math_cot": 0.03181818127632141,
            "aqua_cot": 0.016326529905200005,
            "bigbench_qa_wikidata": 0.6866788268089294,
            "arc_easy": 0.7053872346878052,
            "arc_challenge": 0.38481229543685913,
            "mmlu_fewshot": 0.25015356561593843,
            "bigbench_misconceptions": 0.4794520437717438,
            "copa": 0.7699999809265137,
            "siqa": 0.5133060216903687,
            "commonsense_qa": 0.26535627245903015,
            "piqa": 0.783460259437561,
            "openbook_qa": 0.4059999883174896,
            "bigbench_novel_concepts": 0.53125,
            "bigbench_strange_stories": 0.5804597735404968,
            "bigbench_strategy_qa": 0.5491480827331543,
            "lambada_openai": 0.643120527267456,
            "hellaswag": 0.7140011787414551,
            "winograd": 0.8278388381004333,
            "winogrande": 0.6337805986404419,
            "bigbench_conlang_translation": 0.018292682245373726,
            "bigbench_language_identification": 0.2524999976158142,
            "bigbench_conceptual_combinations": 0.26213592290878296,
            "bigbench_elementary_math_qa": 0.24289833009243011,
            "bigbench_dyck_languages": 0.1720000058412552,
            "agi_eval_lsat_ar": 0.2652173936367035,
            "bigbench_cs_algorithms": 0.4333333373069763,
            "bigbench_logical_deduction": 0.25,
            "bigbench_operators": 0.21904762089252472,
            "bigbench_repeat_copy_logic": 0.125,
            "simple_arithmetic_nospaces": 0.014000000432133675,
            "simple_arithmetic_withspaces": 0.01600000075995922,
            "math_qa": 0.24874287843704224,
            "logi_qa": 0.27496159076690674,
            "pubmed_qa_labeled": 0.3440000116825104,
            "squad": 0.4792809784412384,
            "agi_eval_lsat_rc": 0.26492536067962646,
            "agi_eval_lsat_lr": 0.2647058963775635,
            "coqa": 0.37867969274520874,
            "bigbench_understanding_fables": 0.2857142984867096,
            "boolq": 0.6198776960372925,
            "agi_eval_sat_en": 0.3349514603614807,
            "winogender_mc_female": 0.44999998807907104,
            "winogender_mc_male": 0.550000011920929,
            "enterprise_pii_classification": 0.5914580225944519,
            "bbq": 0.44698648019270465,
            "gpqa_main": 0.2165178507566452,
            "gpqa_diamond": 0.19696970283985138,
            "svamp_cot": 0.08666666597127914
        }
    },
    "aggregated_task_categories_centered": {
        "commonsense reasoning": 0.2925272361091015,
        "language understanding": 0.37575152071835255,
        "reading comprehension": 0.19801117357258735,
        "safety": 0.019222251393578277,
        "symbolic problem solving": 0.09288059980374629,
        "world knowledge": 0.21009352753734029
    },
    "aggregated_centered_results": 0.1981387305887593,
    "aggregated_results": 0.374139985286815,
    "rw_small": 0.636748323837916,
    "rw_small_centered": 0.36716914386080024,
    "95%_CI_above": 0.48609960830056825,
    "95%_CI_above_centered": 0.31786460801327926,
    "99%_CI_above": 0.5020133459049723,
    "99%_CI_above_centered": 0.3682999768823635,
    "low_variance_datasets": 0.493788587234237,
    "low_variance_datasets_centered": 0.3691659625262162,
    "model_uuid": "bd931f08-252b-458c-9d57-0ddfeda2880f",
    "_filename": "exp_data/evals/evaluation_rw_original-open_lm_7b_swiglutorch-warm=5000-lr=0p0003-wd=0p33-cd=3e-05-bs=2048-mult=1-seed=124-tokens=137788211200_heavy.json",
    "missing tasks": "[]"
}