{
    "name": "/mnt/task_runtime/dcnlp/eval/heavy",
    "uuid": "b78fae2c-f7d5-4d22-9f0e-9662e5f3e950",
    "model": "open_lm_7b_swiglutorch",
    "creation_date": "2024_05_01-11_29_24",
    "eval_metrics": {
        "icl": {
            "mmlu_zeroshot": 0.2643262814534338,
            "hellaswag_zeroshot": 0.7243577241897583,
            "jeopardy": 0.4279173970222473,
            "triviaqa_sm_sub": 0.41499999165534973,
            "gsm8k": 0.015163002535700798,
            "agi_eval_sat_math": 0.0181818176060915,
            "aqua": 0.020408162847161293,
            "bigbench_qa_wikidata": 0.6870232820510864,
            "arc_easy": 0.7138047218322754,
            "arc_challenge": 0.4155290126800537,
            "mmlu_fewshot": 0.254761085959903,
            "bigbench_misconceptions": 0.5388127565383911,
            "copa": 0.7599999904632568,
            "siqa": 0.5153531432151794,
            "commonsense_qa": 0.3718263804912567,
            "piqa": 0.7883569002151489,
            "openbook_qa": 0.42399999499320984,
            "bigbench_novel_concepts": 0.53125,
            "bigbench_strange_stories": 0.6321839094161987,
            "bigbench_strategy_qa": 0.5517693161964417,
            "lambada_openai": 0.6852319240570068,
            "hellaswag": 0.7370045781135559,
            "winograd": 0.8351648449897766,
            "winogrande": 0.6503551602363586,
            "bigbench_conlang_translation": 0.024390242993831635,
            "bigbench_language_identification": 0.2475000023841858,
            "bigbench_conceptual_combinations": 0.27184465527534485,
            "bigbench_elementary_math_qa": 0.25233229994773865,
            "bigbench_dyck_languages": 0.20800000429153442,
            "agi_eval_lsat_ar": 0.260869562625885,
            "bigbench_cs_algorithms": 0.45075756311416626,
            "bigbench_logical_deduction": 0.2633333206176758,
            "bigbench_operators": 0.20000000298023224,
            "bigbench_repeat_copy_logic": 0.125,
            "simple_arithmetic_nospaces": 0.008999999612569809,
            "simple_arithmetic_withspaces": 0.013000000268220901,
            "math_qa": 0.24840764701366425,
            "logi_qa": 0.25652840733528137,
            "pubmed_qa_labeled": 0.4259999990463257,
            "squad": 0.5031220316886902,
            "agi_eval_lsat_rc": 0.25746268033981323,
            "agi_eval_lsat_lr": 0.23137255012989044,
            "coqa": 0.39133158326148987,
            "bigbench_understanding_fables": 0.23280423879623413,
            "boolq": 0.6828746199607849,
            "agi_eval_sat_en": 0.291262149810791,
            "winogender_mc_female": 0.5166666507720947,
            "winogender_mc_male": 0.4833333194255829,
            "enterprise_pii_classification": 0.5063328146934509,
            "bbq": 0.45916544036431745,
            "gpqa_main": 0.2410714328289032,
            "gpqa_diamond": 0.21212121844291687,
            "gsm8k_cot": 0.02350265346467495,
            "agi_eval_sat_math_cot": 0.027272727340459824,
            "aqua_cot": 0.016326529905200005,
            "svamp_cot": 0.09000000357627869
        }
    },
    "aggregated_task_categories_centered": {
        "commonsense reasoning": 0.3248573399792569,
        "language understanding": 0.3954715008690658,
        "reading comprehension": 0.21162233456740515,
        "safety": -0.017250887372277007,
        "symbolic problem solving": 0.09503891905216864,
        "world knowledge": 0.2409717854735447
    },
    "aggregated_centered_results": 0.21173410366706966,
    "aggregated_results": 0.38390593864298334,
    "rw_small": 0.6578202048937479,
    "rw_small_centered": 0.4096264065357677,
    "95%_CI_above": 0.5016220682917477,
    "95%_CI_above_centered": 0.3371665960663531,
    "99%_CI_above": 0.5206460909998935,
    "99%_CI_above_centered": 0.3910461176621559,
    "low_variance_datasets": 0.5131830582564527,
    "low_variance_datasets_centered": 0.39670737714276805,
    "model_uuid": "e99cfd37-66fc-42a0-a561-40809ae31290",
    "_filename": "exp_data/evals/evaluation_rw_v2_w_substr_cc_v3_f0.15_resiliparse_shard0-open_lm_7b_swiglutorch-warm=5000-lr=0p001-wd=0p1-cd=3e-05-bs=2048-mult=1-seed=125-tokens=137788211200_heavy.json",
    "missing tasks": "[]",
    "Core": 0.39670737714276805,
    "Extended": 0.21173410366706966
}