{
    "name": "/opt/ml/code/eval/heavy",
    "uuid": "2e0d7f56-f88a-4901-8638-2ab659a7dd63",
    "model": "open_lm_7b",
    "creation_date": "2024_04_07-02_25_57",
    "eval_metrics": {
        "perplexity": 2.1265329082806903,
        "downstream_perpexity": {
            "mmlu": 1.767728682631289,
            "hellaswag": 2.1168427675208634,
            "jeopardy_all": 0.839453774613905,
            "triviaqa_sm_sub": 1.5483448001171152,
            "gsm8k": 1.4115550372526444,
            "agi_eval_sat_math": 1.2735292786901646,
            "aqua": 1.8909215075629098,
            "svamp": 2.4560785508155822,
            "bigbench_qa_wikidata": 2.90333988816228,
            "arc_easy": 1.846636175331644,
            "arc_challenge": 2.0475637595909855,
            "bigbench_misconceptions": 4.294237098737394,
            "copa": 2.244960751533508,
            "siqa": 1.4683012329690166,
            "commonsense_qa": 1.9696624774995346,
            "piqa": 2.290737130566702,
            "openbook_qa": 3.7771230776309968,
            "bigbench_novel_concepts": 2.1602055951952934,
            "bigbench_strange_stories": 2.6712611557423385,
            "bigbench_strategy_qa": 1.575218354369314,
            "lambada_openai": 0.9266375803211355,
            "winograd_wsc": 2.266569531007564,
            "winogrande": 2.8999722901534732,
            "bigbench_conlang_translation": 1.5122698603606806,
            "bigbench_language_identification": 1.6663288800662506,
            "bigbench_conceptual_combinations": 0.8544743784423013,
            "bigbench_elementary_math_qa": 2.8884912505870846,
            "bigbench_dyck_languages": 3.6602326414585113,
            "agi_eval_lsat_ar": 1.535519874614218,
            "bigbench_cs_algorithms": 2.242923690604441,
            "bigbench_logical_deduction": 1.0532550333738326,
            "bigbench_operators": 4.216160581225441,
            "bigbench_repeat_copy_logic": 0.9833740014582872,
            "simple_arithmetic_nospaces": 5.857318106174469,
            "simple_arithmetic_withspaces": 5.19152801990509,
            "math_qa": 1.9410750963445722,
            "logi_qa": 1.6435975414999802,
            "pubmed_qa_labeled": 3.169734925031662,
            "squad": 1.5042988760562486,
            "agi_eval_lsat_rc": 1.566863209898792,
            "agi_eval_lsat_lr": 1.6347866126135284,
            "coqa": 1.105300505556559,
            "bigbench_understanding_fables": 1.719332839446093,
            "boolq": 3.0159191974441577,
            "agi_eval_sat_en": 1.644647279989372,
            "winogender_mc_female": 0.9350879589716593,
            "winogender_mc_male": 0.7297037820021312,
            "enterprise_pii_classification": 2.7103489272548806,
            "bbq": 0.26700626874310973,
            "human_eval_return_complex": 0.9752724414735329,
            "human_eval_return_simple": 2.9953659225154565,
            "human_eval-0.5": 0.9358861464552763,
            "human_eval-0.25": 0.9533825851068264,
            "human_eval-0.75": 0.9805490790707309,
            "human_eval": 1.0070895748894388,
            "processed_human_eval_cpp": 1.3772702328166606,
            "processed_human_eval_js": 1.1919417788342732
        },
        "icl": {
            "mmlu_zeroshot": 0.27267155835503026,
            "hellaswag_zeroshot": 0.7235610485076904,
            "jeopardy": 0.4603239417076111,
            "triviaqa_sm_sub": 0.4386666715145111,
            "gsm8k": 0.01743745245039463,
            "agi_eval_sat_math": 0.0181818176060915,
            "aqua": 0.004081632476300001,
            "bigbench_qa_wikidata": 0.6946016550064087,
            "arc_easy": 0.744107723236084,
            "arc_challenge": 0.46587032079696655,
            "bigbench_misconceptions": 0.4611872136592865,
            "copa": 0.8199999928474426,
            "siqa": 0.502047061920166,
            "commonsense_qa": 0.315315306186676,
            "piqa": 0.7954298257827759,
            "openbook_qa": 0.42800000309944153,
            "bigbench_novel_concepts": 0.625,
            "bigbench_strange_stories": 0.6494252681732178,
            "bigbench_strategy_qa": 0.5439056158065796,
            "lambada_openai": 0.7044439911842346,
            "hellaswag": 0.7385978698730469,
            "winograd": 0.8791208863258362,
            "winogrande": 0.6590371131896973,
            "bigbench_conlang_translation": 0.04878048598766327,
            "bigbench_language_identification": 0.24729999899864197,
            "bigbench_conceptual_combinations": 0.28155338764190674,
            "bigbench_elementary_math_qa": 0.2557390034198761,
            "bigbench_dyck_languages": 0.1860000044107437,
            "agi_eval_lsat_ar": 0.2652173936367035,
            "bigbench_cs_algorithms": 0.459090918302536,
            "bigbench_logical_deduction": 0.25066667795181274,
            "bigbench_operators": 0.24761904776096344,
            "bigbench_repeat_copy_logic": 0.125,
            "simple_arithmetic_nospaces": 0.02500000037252903,
            "simple_arithmetic_withspaces": 0.03099999949336052,
            "math_qa": 0.243043914437294,
            "logi_qa": 0.27496159076690674,
            "pubmed_qa_labeled": 0.26499998569488525,
            "squad": 0.5463576316833496,
            "agi_eval_lsat_rc": 0.24626865983009338,
            "agi_eval_lsat_lr": 0.23137255012989044,
            "coqa": 0.4097457230091095,
            "bigbench_understanding_fables": 0.25925925374031067,
            "boolq": 0.6831804513931274,
            "agi_eval_sat_en": 0.2572815418243408,
            "winogender_mc_female": 0.5,
            "winogender_mc_male": 0.5,
            "enterprise_pii_classification": 0.5092783570289612,
            "bbq": 0.4745965003967285,
            "gpqa_main": 0.2254464328289032,
            "gpqa_diamond": 0.2070707082748413,
            "mmlu_fewshot": 0.2701064701143064,
            "gsm8k_cot": 0.02880970388650894,
            "agi_eval_sat_math_cot": 0.022727273404598236,
            "aqua_cot": 0.004081632476300001,
            "svamp_cot": 0.13333334028720856
        }
    },
    "aggregated_task_categories_centered": {
        "commonsense reasoning": 0.3479615932955094,
        "language understanding": 0.41580467639804475,
        "reading comprehension": 0.19602524852706937,
        "safety": -0.008062571287155151,
        "symbolic problem solving": 0.1025194904588367,
        "world knowledge": 0.24296643136886126
    },
    "aggregated_centered_results": 0.21912336851297232,
    "aggregated_results": 0.3893622963463605,
    "rw_small": 0.6826261083285013,
    "rw_small_centered": 0.45039844687222036,
    "95%_CI_above": 0.5116041530455862,
    "95%_CI_above_centered": 0.3535648883078824,
    "99%_CI_above": 0.5271695300288822,
    "99%_CI_above_centered": 0.4035954242178632,
    "low_variance_datasets": 0.5271782203154131,
    "low_variance_datasets_centered": 0.41686751140345063,
    "model_uuid": "cfd67261-a4c3-4968-9549-ea2199c60b70",
    "_filename": "exp_data/evals/evaluation_cc_v4_resiliparse_rw_v2_bff1shards_shard_3_OH_eli5_vs_rw_v2_bigram_200k_train_0.1-open_lm_7b-warm=5000-lr=0p0003-wd=0p33-cd=3e-05-bs=2048-mult=1-seed=124-tokens=137788211200_heavy.json",
    "missing tasks": "[]",
    "Core": 0.41686751140345063,
    "Extended": 0.21912336851297232
}