{
    "name": "/mnt/task_runtime/dcnlp/eval/heavy",
    "uuid": "7bbfaaa8-b5ef-48c2-b299-ceecd457d0ce",
    "model": "open_lm_1b_swiglutorch",
    "creation_date": "2024_06_04-07_47_07",
    "eval_metrics": {
        "icl": {
            "mmlu_zeroshot": 0.23349573319418387,
            "hellaswag_zeroshot": 0.47361084818840027,
            "jeopardy": 0.18247735351324082,
            "triviaqa_sm_sub": 0.16333332657814026,
            "gsm8k_cot": 0.012130402028560638,
            "agi_eval_sat_math_cot": 0.022727273404598236,
            "aqua_cot": 0.004081632476300001,
            "svamp_cot": 0.05000000074505806,
            "bigbench_qa_wikidata": 0.6093696355819702,
            "arc_easy": 0.5652356743812561,
            "arc_challenge": 0.28327643871307373,
            "mmlu_fewshot": 0.24834850430488586,
            "bigbench_misconceptions": 0.47488585114479065,
            "copa": 0.699999988079071,
            "siqa": 0.48822927474975586,
            "commonsense_qa": 0.22194921970367432,
            "piqa": 0.6985853910446167,
            "openbook_qa": 0.3140000104904175,
            "bigbench_novel_concepts": 0.34375,
            "bigbench_strange_stories": 0.5114942789077759,
            "bigbench_strategy_qa": 0.5316731929779053,
            "lambada_openai": 0.5330875515937805,
            "hellaswag": 0.47719576954841614,
            "winograd": 0.6776556968688965,
            "winogrande": 0.5611681342124939,
            "bigbench_conlang_translation": 0.012195121496915817,
            "bigbench_language_identification": 0.24549999833106995,
            "bigbench_conceptual_combinations": 0.26213592290878296,
            "bigbench_elementary_math_qa": 0.24415618181228638,
            "bigbench_dyck_languages": 0.28999999165534973,
            "agi_eval_lsat_ar": 0.260869562625885,
            "bigbench_cs_algorithms": 0.4636363685131073,
            "bigbench_logical_deduction": 0.24266666173934937,
            "bigbench_operators": 0.20476190745830536,
            "bigbench_repeat_copy_logic": 0.03125,
            "simple_arithmetic_nospaces": 0.0020000000949949026,
            "simple_arithmetic_withspaces": 0.0020000000949949026,
            "math_qa": 0.25511229038238525,
            "logi_qa": 0.25038403272628784,
            "pubmed_qa_labeled": 0.3779999911785126,
            "squad": 0.3193944990634918,
            "agi_eval_lsat_rc": 0.25746268033981323,
            "agi_eval_lsat_lr": 0.24901960790157318,
            "coqa": 0.23875735700130463,
            "bigbench_understanding_fables": 0.24338623881340027,
            "boolq": 0.42232415080070496,
            "agi_eval_sat_en": 0.20388349890708923,
            "winogender_mc_female": 0.5,
            "winogender_mc_male": 0.4166666567325592,
            "enterprise_pii_classification": 0.5251840949058533,
            "bbq": 0.49664460258050397,
            "gpqa_main": 0.21875,
            "gpqa_diamond": 0.2373737394809723
        }
    },
    "aggregated_task_categories_centered": {
        "commonsense reasoning": 0.17608632778991823,
        "language understanding": 0.22626925637224243,
        "reading comprehension": 0.06772490434773398,
        "safety": -0.030752322890541778,
        "symbolic problem solving": 0.0872814839416647,
        "world knowledge": 0.12869254713954284
    },
    "aggregated_centered_results": 0.11761853484976205,
    "aggregated_results": 0.31802408188635384,
    "rw_small": 0.5009358723958334,
    "rw_small_centered": 0.12749454274512176,
    "95%_CI_above": 0.4041563352255465,
    "95%_CI_above_centered": 0.19771321175885484,
    "99%_CI_above": 0.4100778102226879,
    "99%_CI_above_centered": 0.23088420850575017,
    "low_variance_datasets": 0.3988229794258421,
    "low_variance_datasets_centered": 0.22963343679571355,
    "model_uuid": "272da333-39a1-4f2c-913e-03742a8b8e76",
    "_filename": "exp_data/evals/evaluation_rpj_original-open_lm_1b_swiglutorch-warm=5000-lr=0p003-wd=0p0033-cd=3e-05-bs=256-mult=1-seed=124-tokens=28795904000_heavy.json",
    "missing tasks": "[]",
    "Core": 0.22963343679571355,
    "Extended": 0.11761853484976205
}