{
    "name": "/mnt/task_runtime/dcnlp/eval/heavy",
    "uuid": "80144489-a71e-4c6f-81c0-4072c33625e8",
    "model": "open_lm_7b_swiglutorch",
    "creation_date": "2024_06_12-20_30_21",
    "eval_metrics": {
        "icl": {
            "mmlu_zeroshot": 0.2542085859336351,
            "hellaswag_zeroshot": 0.7298346757888794,
            "jeopardy": 0.2774503827095032,
            "triviaqa_sm_sub": 0.3646666705608368,
            "gsm8k_cot": 0.01440485194325447,
            "agi_eval_sat_math_cot": 0.0181818176060915,
            "aqua_cot": 0.01224489789456129,
            "svamp_cot": 0.10333333164453506,
            "bigbench_qa_wikidata": 0.6993257999420166,
            "arc_easy": 0.6717171669006348,
            "arc_challenge": 0.3728668987751007,
            "mmlu_fewshot": 0.2550491248829323,
            "bigbench_misconceptions": 0.4931506812572479,
            "copa": 0.8100000023841858,
            "siqa": 0.5174002051353455,
            "commonsense_qa": 0.25307124853134155,
            "piqa": 0.792709469795227,
            "openbook_qa": 0.421999990940094,
            "bigbench_novel_concepts": 0.5,
            "bigbench_strange_stories": 0.6034482717514038,
            "bigbench_strategy_qa": 0.5391000509262085,
            "lambada_openai": 0.643120527267456,
            "hellaswag": 0.7400916218757629,
            "winograd": 0.831501841545105,
            "winogrande": 0.6385161876678467,
            "bigbench_conlang_translation": 0.030487805604934692,
            "bigbench_language_identification": 0.2556999921798706,
            "bigbench_conceptual_combinations": 0.21359223127365112,
            "bigbench_elementary_math_qa": 0.23794549703598022,
            "bigbench_dyck_languages": 0.1379999965429306,
            "agi_eval_lsat_ar": 0.2347826063632965,
            "bigbench_cs_algorithms": 0.45530304312705994,
            "bigbench_logical_deduction": 0.2626666724681854,
            "bigbench_operators": 0.18571428954601288,
            "bigbench_repeat_copy_logic": 0.15625,
            "simple_arithmetic_nospaces": 0.006000000052154064,
            "simple_arithmetic_withspaces": 0.014000000432133675,
            "math_qa": 0.25108951330184937,
            "logi_qa": 0.25652840733528137,
            "pubmed_qa_labeled": 0.5210000276565552,
            "squad": 0.4644276201725006,
            "agi_eval_lsat_rc": 0.24626865983009338,
            "agi_eval_lsat_lr": 0.2647058963775635,
            "coqa": 0.3350870609283447,
            "bigbench_understanding_fables": 0.25925925374031067,
            "boolq": 0.6666666865348816,
            "agi_eval_sat_en": 0.2572815418243408,
            "winogender_mc_female": 0.46666666865348816,
            "winogender_mc_male": 0.5333333611488342,
            "enterprise_pii_classification": 0.5357879400253296,
            "bbq": 0.4951546842401678,
            "gpqa_main": 0.2120535671710968,
            "gpqa_diamond": 0.23232322931289673
        }
    },
    "missing tasks": "[]",
    "aggregated_task_categories_centered": {
        "commonsense reasoning": 0.3047062560370465,
        "language understanding": 0.37994048417811216,
        "reading comprehension": 0.20822784543168127,
        "safety": 0.015471327033909882,
        "symbolic problem solving": 0.0878722235815574,
        "world knowledge": 0.19920356463619143
    },
    "aggregated_centered_results": 0.1983962451584082,
    "aggregated_results": 0.3725560482365839,
    "rw_small": 0.6482669363419215,
    "rw_small_centered": 0.397621850869809,
    "95%_CI_above": 0.4849857306712634,
    "95%_CI_above_centered": 0.3196616440614026,
    "99%_CI_above": 0.5032706558704376,
    "99%_CI_above_centered": 0.37278323876298536,
    "low_variance_datasets": 0.48973350497809326,
    "low_variance_datasets_centered": 0.3710284860931967,
    "model_uuid": "aa6e4114-249a-425a-bfba-f5d820fccc24",
    "_filename": "exp_data/evals/evaluation_c4_original-open_lm_7b_swiglutorch-warm=5000-lr=0p002-wd=0p05-cd=3e-05-bs=2048-mult=1-seed=124-tokens=137788211200_heavy.json",
    "Core": 0.3710284860931967,
    "Extended": 0.1983962451584082
}