{
    "name": "/mnt/task_runtime/dcnlp/eval/heavy",
    "uuid": "17ae48d9-4bee-4a32-885a-b376bab52849",
    "model": "open_lm_1b_swiglutorch",
    "creation_date": "2024_06_04-08_41_51",
    "eval_metrics": {
        "icl": {
            "mmlu_zeroshot": 0.23925518754281497,
            "hellaswag_zeroshot": 0.5325632095336914,
            "jeopardy": 0.003405433427542448,
            "triviaqa_sm_sub": 0.10466666519641876,
            "gsm8k_cot": 0.004548900760710239,
            "agi_eval_sat_math_cot": 0.004545454401522875,
            "aqua_cot": 0.0,
            "svamp_cot": 0.05000000074505806,
            "bigbench_qa_wikidata": 0.5200531482696533,
            "arc_easy": 0.5479797720909119,
            "arc_challenge": 0.2645051181316376,
            "mmlu_fewshot": 0.2551716213163577,
            "bigbench_misconceptions": 0.4840182662010193,
            "copa": 0.6700000166893005,
            "siqa": 0.5133060216903687,
            "commonsense_qa": 0.20065520703792572,
            "piqa": 0.7334058880805969,
            "openbook_qa": 0.3400000035762787,
            "bigbench_novel_concepts": 0.40625,
            "bigbench_strange_stories": 0.5057471394538879,
            "bigbench_strategy_qa": 0.5111402273178101,
            "lambada_openai": 0.4477003812789917,
            "hellaswag": 0.5320653319358826,
            "winograd": 0.692307710647583,
            "winogrande": 0.5398579239845276,
            "bigbench_conlang_translation": 0.018292682245373726,
            "bigbench_language_identification": 0.25450000166893005,
            "bigbench_conceptual_combinations": 0.27184465527534485,
            "bigbench_elementary_math_qa": 0.2351677119731903,
            "bigbench_dyck_languages": 0.1720000058412552,
            "agi_eval_lsat_ar": 0.208695650100708,
            "bigbench_cs_algorithms": 0.40378788113594055,
            "bigbench_logical_deduction": 0.25200000405311584,
            "bigbench_operators": 0.16190476715564728,
            "bigbench_repeat_copy_logic": 0.03125,
            "simple_arithmetic_nospaces": 0.0020000000949949026,
            "simple_arithmetic_withspaces": 0.0,
            "math_qa": 0.2504190504550934,
            "logi_qa": 0.22887864708900452,
            "pubmed_qa_labeled": 0.5320000052452087,
            "squad": 0.23292337357997894,
            "agi_eval_lsat_rc": 0.24253731966018677,
            "agi_eval_lsat_lr": 0.27450981736183167,
            "coqa": 0.19829638302326202,
            "bigbench_understanding_fables": 0.27513226866722107,
            "boolq": 0.5990825891494751,
            "agi_eval_sat_en": 0.2330097109079361,
            "winogender_mc_female": 0.5,
            "winogender_mc_male": 0.4000000059604645,
            "enterprise_pii_classification": 0.5072165131568909,
            "bbq": 0.4819151190194217,
            "gpqa_main": 0.2455357164144516,
            "gpqa_diamond": 0.19696970283985138
        }
    },
    "missing tasks": "[]",
    "aggregated_task_categories_centered": {
        "commonsense reasoning": 0.18619274090615281,
        "language understanding": 0.23651957296872894,
        "reading comprehension": 0.14071806026786043,
        "safety": -0.05543418093161148,
        "symbolic problem solving": 0.06377062736244948,
        "world knowledge": 0.09287179370770199
    },
    "aggregated_centered_results": 0.11643365314960856,
    "aggregated_results": 0.31156638134689196,
    "rw_small": 0.5256647715965906,
    "rw_small_centered": 0.19301125494360227,
    "95%_CI_above": 0.3918458914919453,
    "95%_CI_above_centered": 0.19470512846824922,
    "99%_CI_above": 0.3944198396988213,
    "99%_CI_above_centered": 0.2276097746882062,
    "low_variance_datasets": 0.37667908165180547,
    "low_variance_datasets_centered": 0.22129362613201994,
    "model_uuid": "a47f13d3-64c5-4007-bf4b-8e67ae1c2025",
    "_filename": "exp_data/evals/evaluation_c4_original-open_lm_1b_swiglutorch-warm=5000-lr=0p0003-wd=0p33-cd=3e-05-bs=256-mult=1-seed=124-tokens=28795904000_heavy.json",
    "Core": 0.22129362613201994,
    "Extended": 0.11643365314960856
}