{
    "name": "/mnt/task_runtime/dcnlp/eval/heavy",
    "uuid": "12d06356-bed0-49ed-9d43-d09fee04e5d4",
    "model": "open_lm_7b_swiglutorch",
    "creation_date": "2024_06_06-13_24_02",
    "eval_metrics": {
        "icl": {
            "mmlu_zeroshot": 0.5720491038079847,
            "hellaswag_zeroshot": 0.796454906463623,
            "jeopardy": 0.5219657480716705,
            "triviaqa_sm_sub": 0.562333345413208,
            "gsm8k_cot": 0.006065201014280319,
            "agi_eval_sat_math_cot": 0.19545455276966095,
            "aqua_cot": 0.1061224490404129,
            "svamp_cot": 0.5533333420753479,
            "bigbench_qa_wikidata": 0.7217656373977661,
            "arc_easy": 0.8207070827484131,
            "arc_challenge": 0.6075085401535034,
            "mmlu_fewshot": 0.634373783019551,
            "bigbench_misconceptions": 0.7168949842453003,
            "copa": 0.8799999952316284,
            "siqa": 0.8224155306816101,
            "commonsense_qa": 0.8034397959709167,
            "piqa": 0.8182807564735413,
            "openbook_qa": 0.45399999618530273,
            "bigbench_novel_concepts": 0.6875,
            "bigbench_strange_stories": 0.7701149582862854,
            "bigbench_strategy_qa": 0.615115761756897,
            "lambada_openai": 0.7510188221931458,
            "hellaswag": 0.8081059455871582,
            "winograd": 0.8791208863258362,
            "winogrande": 0.7348066568374634,
            "bigbench_conlang_translation": 0.06707317382097244,
            "bigbench_language_identification": 0.5113999843597412,
            "bigbench_conceptual_combinations": 0.6796116232872009,
            "bigbench_elementary_math_qa": 0.3683438301086426,
            "bigbench_dyck_languages": 0.3630000054836273,
            "agi_eval_lsat_ar": 0.2347826063632965,
            "bigbench_cs_algorithms": 0.49242424964904785,
            "bigbench_logical_deduction": 0.3659999966621399,
            "bigbench_operators": 0.5,
            "bigbench_repeat_copy_logic": 0.40625,
            "simple_arithmetic_nospaces": 0.31299999356269836,
            "simple_arithmetic_withspaces": 0.3310000002384186,
            "math_qa": 0.304726779460907,
            "logi_qa": 0.41474655270576477,
            "pubmed_qa_labeled": 0.7519999742507935,
            "squad": 0.6315988898277283,
            "agi_eval_lsat_rc": 0.6641790866851807,
            "agi_eval_lsat_lr": 0.5352941155433655,
            "coqa": 0.481147438287735,
            "bigbench_understanding_fables": 0.6719576716423035,
            "boolq": 0.8327217102050781,
            "agi_eval_sat_en": 0.7524271607398987,
            "winogender_mc_female": 0.6333333253860474,
            "winogender_mc_male": 0.550000011920929,
            "enterprise_pii_classification": 0.8070692420005798,
            "bbq": 0.6483474265445363,
            "gpqa_main": 0.2611607015132904,
            "gpqa_diamond": 0.2070707082748413
        }
    },
    "missing tasks": "[]",
    "aggregated_task_categories_centered": {
        "commonsense reasoning": 0.5670567626484494,
        "language understanding": 0.5692495767762772,
        "reading comprehension": 0.585466468739405,
        "safety": 0.3193750029260462,
        "symbolic problem solving": 0.2704832838992822,
        "world knowledge": 0.43770145920633574
    },
    "aggregated_centered_results": 0.44313106278433645,
    "aggregated_results": 0.5588606422693447,
    "rw_small": 0.7786998152732849,
    "rw_small_centered": 0.6259391084749099,
    "95%_CI_above": 0.6479817946429377,
    "95%_CI_above_centered": 0.5395380809805861,
    "99%_CI_above": 0.6564421254655589,
    "99%_CI_above_centered": 0.5738985410532725,
    "low_variance_datasets": 0.6386590751734647,
    "low_variance_datasets_centered": 0.5589097371541897,
    "model_uuid": "dd018555-dc06-4b37-97b9-58893752cf04",
    "_filename": "exp_data/evals/evaluation_fasttext_f0.07_ccv3_f0.15_math_lhq_mix3-open_lm_7b_swiglutorch-warm=0-lr=0p001170118158-wd=0p05-cd=3e-05-bs=2048-mult=1p96-seed=64-tokens=270064893952_heavy.json",
    "Core": 0.5589097371541897,
    "Extended": 0.44313106278433645
}