{
    "name": "/mnt/task_runtime/bolt_exp_launcher/dcnlp/eval/heavy",
    "uuid": "6835d23d-b603-48ac-946b-cb62efdb6764",
    "model": "open_lm_7b",
    "creation_date": "2024_04_07-06_18_06",
    "eval_metrics": {
        "icl": {
            "mmlu_zeroshot": 0.2757769132915296,
            "hellaswag_zeroshot": 0.713204562664032,
            "jeopardy": 0.4570415258407593,
            "triviaqa_sm_sub": 0.4326666593551636,
            "gsm8k": 0.013646702282130718,
            "agi_eval_sat_math": 0.0181818176060915,
            "aqua": 0.0,
            "bigbench_qa_wikidata": 0.6917966604232788,
            "arc_easy": 0.7352693676948547,
            "arc_challenge": 0.46416381001472473,
            "bigbench_misconceptions": 0.4885844886302948,
            "copa": 0.800000011920929,
            "siqa": 0.5250767469406128,
            "commonsense_qa": 0.2383292317390442,
            "piqa": 0.7840043306350708,
            "openbook_qa": 0.44200000166893005,
            "bigbench_novel_concepts": 0.59375,
            "bigbench_strange_stories": 0.5977011322975159,
            "bigbench_strategy_qa": 0.5618174076080322,
            "lambada_openai": 0.6955171823501587,
            "hellaswag": 0.7263493537902832,
            "winograd": 0.8278388381004333,
            "winogrande": 0.6582478284835815,
            "bigbench_conlang_translation": 0.012195121496915817,
            "bigbench_language_identification": 0.2513999938964844,
            "bigbench_conceptual_combinations": 0.28155338764190674,
            "bigbench_elementary_math_qa": 0.25552934408187866,
            "bigbench_dyck_languages": 0.21699999272823334,
            "agi_eval_lsat_ar": 0.2652173936367035,
            "bigbench_cs_algorithms": 0.44924241304397583,
            "bigbench_logical_deduction": 0.23000000417232513,
            "bigbench_operators": 0.2380952388048172,
            "bigbench_repeat_copy_logic": 0.09375,
            "simple_arithmetic_nospaces": 0.01899999938905239,
            "simple_arithmetic_withspaces": 0.019999999552965164,
            "math_qa": 0.23533356189727783,
            "logi_qa": 0.26574501395225525,
            "pubmed_qa_labeled": 0.5230000019073486,
            "squad": 0.5094607472419739,
            "agi_eval_lsat_rc": 0.2276119440793991,
            "agi_eval_lsat_lr": 0.24117647111415863,
            "coqa": 0.3950895667076111,
            "bigbench_understanding_fables": 0.26455026865005493,
            "boolq": 0.6859326958656311,
            "agi_eval_sat_en": 0.2669903039932251,
            "winogender_mc_female": 0.6333333253860474,
            "winogender_mc_male": 0.4000000059604645,
            "enterprise_pii_classification": 0.5157584547996521,
            "bbq": 0.41484804586930707,
            "mmlu_fewshot": 0.27823009694877426,
            "gsm8k_cot": 0.019711902365088463,
            "agi_eval_sat_math_cot": 0.027272727340459824,
            "aqua_cot": 0.0,
            "svamp_cot": 0.10333333164453506,
            "gpqa_main": 0.2678571343421936,
            "gpqa_diamond": 0.2373737394809723
        }
    },
    "aggregated_task_categories_centered": {
        "commonsense reasoning": 0.3213894927082048,
        "language understanding": 0.39389412685751307,
        "reading comprehension": 0.22379806296279034,
        "safety": -0.018030083992264495,
        "symbolic problem solving": 0.0942784824395833,
        "world knowledge": 0.25702352385771904
    },
    "aggregated_centered_results": 0.21556501130999903,
    "aggregated_results": 0.38782506191397953,
    "rw_small": 0.6761363794406255,
    "rw_small_centered": 0.4400310715039571,
    "95%_CI_above": 0.5087151094690546,
    "95%_CI_above_centered": 0.3452753429740759,
    "99%_CI_above": 0.5272308352200882,
    "99%_CI_above_centered": 0.39938907655684835,
    "low_variance_datasets": 0.5154068521477959,
    "low_variance_datasets_centered": 0.40035861310685905,
    "model_uuid": "97ff2633-c82d-43d8-a0b8-753c00c16e01",
    "_filename": "exp_data/evals/evaluation_cc_v4_resiliparse_rw_v2_bff_minngram20_32shards_shard3_OH_eli5_vs_rw_v2_bigram_200k_train_0.1-open_lm_7b-warm=5000-lr=0p0003-wd=0p33-cd=3e-05-bs=2048-mult=1-seed=124-tokens=137788211200_heavy.json",
    "missing tasks": "[]",
    "Core": 0.40035861310685905,
    "Extended": 0.21556501130999903
}