{
    "name": "/mnt/task_runtime/dcnlp/eval/heavy",
    "uuid": "d508ae7f-3e11-4c88-a55c-a26acdee8bc7",
    "model": "open_lm_7b_swiglutorch",
    "creation_date": "2024_06_01-03_47_08",
    "eval_metrics": {
        "icl": {
            "mmlu_zeroshot": 0.24615804615773654,
            "hellaswag_zeroshot": 0.6838279366493225,
            "jeopardy": 0.313135889172554,
            "triviaqa_sm_sub": 0.3336666524410248,
            "gsm8k_cot": 0.005307050887495279,
            "agi_eval_sat_math_cot": 0.022727273404598236,
            "aqua_cot": 0.008163264952600002,
            "bigbench_qa_wikidata": 0.6645342111587524,
            "arc_easy": 0.6746633052825928,
            "arc_challenge": 0.38054606318473816,
            "mmlu_fewshot": 0.2670467061954632,
            "bigbench_misconceptions": 0.456620991230011,
            "copa": 0.75,
            "siqa": 0.5102354288101196,
            "commonsense_qa": 0.22440622746944427,
            "piqa": 0.7856365442276001,
            "openbook_qa": 0.3840000033378601,
            "bigbench_novel_concepts": 0.5,
            "bigbench_strange_stories": 0.5747126340866089,
            "bigbench_strategy_qa": 0.5596330165863037,
            "lambada_openai": 0.6275956034660339,
            "hellaswag": 0.6974706053733826,
            "winograd": 0.8058608174324036,
            "winogrande": 0.6211523413658142,
            "bigbench_conlang_translation": 0.018292682245373726,
            "bigbench_language_identification": 0.2572000026702881,
            "bigbench_conceptual_combinations": 0.3106796145439148,
            "bigbench_elementary_math_qa": 0.24764150381088257,
            "bigbench_dyck_languages": 0.24500000476837158,
            "agi_eval_lsat_ar": 0.239130437374115,
            "bigbench_cs_algorithms": 0.4583333432674408,
            "bigbench_logical_deduction": 0.2433333396911621,
            "bigbench_operators": 0.19523809850215912,
            "bigbench_repeat_copy_logic": 0.125,
            "simple_arithmetic_nospaces": 0.003000000026077032,
            "simple_arithmetic_withspaces": 0.004000000189989805,
            "math_qa": 0.2531009018421173,
            "logi_qa": 0.2611367106437683,
            "pubmed_qa_labeled": 0.49900001287460327,
            "squad": 0.42138126492500305,
            "agi_eval_lsat_rc": 0.23880596458911896,
            "agi_eval_lsat_lr": 0.2647058963775635,
            "coqa": 0.35237380862236023,
            "bigbench_understanding_fables": 0.26455026865005493,
            "boolq": 0.6287461519241333,
            "agi_eval_sat_en": 0.2864077687263489,
            "winogender_mc_female": 0.46666666865348816,
            "winogender_mc_male": 0.4333333373069763,
            "enterprise_pii_classification": 0.5558173656463623,
            "bbq": 0.48153134367682715,
            "gpqa_main": 0.2142857164144516,
            "gpqa_diamond": 0.19696970283985138,
            "svamp_cot": 0.06333333253860474
        }
    },
    "aggregated_task_categories_centered": {
        "commonsense reasoning": 0.2737323910410775,
        "language understanding": 0.36734047068699954,
        "reading comprehension": 0.1942990786690069,
        "safety": -0.031325642358173034,
        "symbolic problem solving": 0.08979790697775815,
        "world knowledge": 0.18641381219987982
    },
    "aggregated_centered_results": 0.18431659774356887,
    "aggregated_results": 0.3646433180417711,
    "rw_small": 0.6231559664011002,
    "rw_small_centered": 0.3473395464713113,
    "95%_CI_above": 0.48020824005270935,
    "95%_CI_above_centered": 0.30932383311369005,
    "99%_CI_above": 0.4927326102619585,
    "99%_CI_above_centered": 0.3536945194000283,
    "low_variance_datasets": 0.4788742118261077,
    "low_variance_datasets_centered": 0.35032624949087804,
    "model_uuid": "91576f23-cbfe-458a-b7ef-d74a3565b32a",
    "_filename": "exp_data/evals/evaluation_dolma_v1_no_resample-open_lm_7b_swiglutorch-warm=5000-lr=0p0003-wd=0p33-cd=3e-05-bs=2048-mult=1-seed=124-tokens=137788211200_heavy.json",
    "missing tasks": "[]"
}