{
    "name": "/opt/ml/code/eval/heavy",
    "uuid": "c8cb5777-bc0e-4e5c-a64b-51030901dd7c",
    "model": "open_lm_1b_swiglutorch",
    "creation_date": "2024_06_03-12_06_45",
    "eval_metrics": {
        "perplexity": 2.0958006928364434,
        "downstream_perpexity": {
            "mmlu": 1.8985944422726753,
            "hellaswag": 2.2682790715745234,
            "jeopardy_all": 2.3378388879149377,
            "triviaqa_sm_sub": 2.2781817775070667,
            "gsm8k": 1.7683415700306577,
            "agi_eval_sat_math": 1.555759917606007,
            "aqua": 2.4013322718289434,
            "svamp": 2.8588497265179953,
            "bigbench_qa_wikidata": 3.1527237940599266,
            "arc_easy": 2.5328007763885085,
            "arc_challenge": 2.5723793299124917,
            "bigbench_misconceptions": 5.19548353430343,
            "copa": 2.4897660076618195,
            "siqa": 1.5574716051988982,
            "commonsense_qa": 1.9507447172636678,
            "piqa": 2.460192723813851,
            "openbook_qa": 4.188876825332642,
            "bigbench_novel_concepts": 2.3762838765978813,
            "bigbench_strange_stories": 3.3235980923148407,
            "bigbench_strategy_qa": 1.8746056651485805,
            "lambada_openai": 1.385686828250775,
            "winograd_wsc": 2.478412294780815,
            "winogrande": 3.041136399534808,
            "bigbench_conlang_translation": 1.7321395663226522,
            "bigbench_language_identification": 2.0087091308590126,
            "bigbench_conceptual_combinations": 0.6602995572159591,
            "bigbench_elementary_math_qa": 3.097958561996744,
            "bigbench_dyck_languages": 3.861312130212784,
            "agi_eval_lsat_ar": 2.035051321465036,
            "bigbench_cs_algorithms": 7.621851608608708,
            "bigbench_logical_deduction": 0.6948095013300578,
            "bigbench_operators": 5.0708310411089945,
            "bigbench_repeat_copy_logic": 1.3863724581897259,
            "simple_arithmetic_nospaces": 6.860047616481781,
            "simple_arithmetic_withspaces": 5.50172592830658,
            "math_qa": 3.3202170830143807,
            "logi_qa": 1.8365178265696114,
            "pubmed_qa_labeled": 5.933918231964111,
            "squad": 2.0207059602215254,
            "agi_eval_lsat_rc": 2.037684834715146,
            "agi_eval_lsat_lr": 2.132567287893856,
            "coqa": 1.6864697288058685,
            "bigbench_understanding_fables": 3.0744717852779164,
            "boolq": 3.8070042185098023,
            "agi_eval_sat_en": 2.1259634280667723,
            "winogender_mc_female": 0.9839427590370178,
            "winogender_mc_male": 0.7532886534929275,
            "enterprise_pii_classification": 2.1732683573274794,
            "bbq": 0.3266987380887114,
            "human_eval_return_complex": 0.7515944805670911,
            "human_eval_return_simple": 3.4791950631786035,
            "human_eval-0.5": 0.650698783012425,
            "human_eval-0.25": 0.6965034522297906,
            "human_eval-0.75": 0.6613864729680666,
            "human_eval": 0.7666896810618843,
            "processed_human_eval_cpp": 0.7102339338071598,
            "processed_human_eval_js": 0.710878828495014
        },
        "icl": {
            "mmlu_zeroshot": 0.26586566120386124,
            "hellaswag_zeroshot": 0.6233817934989929,
            "jeopardy": 0.1976624310016632,
            "triviaqa_sm_sub": 0.21133333444595337,
            "gsm8k_cot": 0.0037907506339251995,
            "agi_eval_sat_math_cot": 0.0181818176060915,
            "aqua_cot": 0.020408162847161293,
            "bigbench_qa_wikidata": 0.622164249420166,
            "arc_easy": 0.6292087435722351,
            "arc_challenge": 0.3387371897697449,
            "mmlu_fewshot": 0.2747231094460738,
            "bigbench_misconceptions": 0.4840182662010193,
            "copa": 0.7099999785423279,
            "siqa": 0.49078813195228577,
            "commonsense_qa": 0.24979524314403534,
            "piqa": 0.7649618983268738,
            "openbook_qa": 0.3959999978542328,
            "bigbench_novel_concepts": 0.5,
            "bigbench_strange_stories": 0.5517241358757019,
            "bigbench_strategy_qa": 0.5255570411682129,
            "lambada_openai": 0.5761691927909851,
            "hellaswag": 0.6313483119010925,
            "winograd": 0.7582417726516724,
            "winogrande": 0.5927387475967407,
            "bigbench_conlang_translation": 0.024390242993831635,
            "bigbench_language_identification": 0.2515000104904175,
            "bigbench_conceptual_combinations": 0.27184465527534485,
            "bigbench_elementary_math_qa": 0.24392034113407135,
            "bigbench_dyck_languages": 0.3070000112056732,
            "agi_eval_lsat_ar": 0.30000001192092896,
            "bigbench_cs_algorithms": 0.43939393758773804,
            "bigbench_logical_deduction": 0.24799999594688416,
            "bigbench_operators": 0.190476194024086,
            "bigbench_repeat_copy_logic": 0.0625,
            "simple_arithmetic_nospaces": 0.0020000000949949026,
            "simple_arithmetic_withspaces": 0.004999999888241291,
            "math_qa": 0.24371437728405,
            "logi_qa": 0.27342548966407776,
            "pubmed_qa_labeled": 0.5529999732971191,
            "squad": 0.3902554512023926,
            "agi_eval_lsat_rc": 0.24626865983009338,
            "agi_eval_lsat_lr": 0.23333333432674408,
            "coqa": 0.3100338280200958,
            "bigbench_understanding_fables": 0.29100528359413147,
            "boolq": 0.5981651544570923,
            "agi_eval_sat_en": 0.20873786509037018,
            "winogender_mc_female": 0.44999998807907104,
            "winogender_mc_male": 0.5,
            "enterprise_pii_classification": 0.5134020447731018,
            "bbq": 0.46598033742471173,
            "gpqa_main": 0.2321428507566452,
            "gpqa_diamond": 0.21212121844291687,
            "svamp_cot": 0.05999999865889549
        }
    },
    "aggregated_task_categories_centered": {
        "commonsense reasoning": 0.24662009269154553,
        "language understanding": 0.31431514485273,
        "reading comprehension": 0.16925900624738188,
        "safety": -0.03530881486155771,
        "symbolic problem solving": 0.09386578213325679,
        "world knowledge": 0.16029282448584573
    },
    "aggregated_centered_results": 0.1643628993914026,
    "aggregated_results": 0.3502719097531089,
    "rw_small": 0.5820386012395223,
    "rw_small_centered": 0.27829793914716844,
    "95%_CI_above": 0.4568372742889764,
    "95%_CI_above_centered": 0.27406867497340953,
    "99%_CI_above": 0.46759287637213004,
    "99%_CI_above_centered": 0.3166099775409216,
    "low_variance_datasets": 0.45180609768087215,
    "low_variance_datasets_centered": 0.31267241313200755,
    "model_uuid": "77f05b48-b1a6-43dd-95aa-69760fc7bdae",
    "_filename": "exp_data/evals/evaluation_dolma_v1_no_resample-open_lm_1b_swiglutorch-warm=5000-lr=0p003-wd=0p033-cd=3e-05-bs=256-mult=5p0-seed=124-tokens=143979520000_heavy.json",
    "missing tasks": "[]",
    "Core": 0.31267241313200755,
    "Extended": 0.1643628993914026
}