{
    "name": "/opt/ml/code/eval/heavy",
    "uuid": "5244d579-8a78-4f47-8df8-380e118d9d08",
    "model": "open_lm_1b_swiglutorch",
    "creation_date": "2024_06_04-11_49_49",
    "eval_metrics": {
        "perplexity": 2.30322748819987,
        "downstream_perpexity": {
            "mmlu": 1.6138862452519245,
            "hellaswag": 2.2292045556651336,
            "jeopardy_all": 1.3036886736518323,
            "triviaqa_sm_sub": 1.9674032034029563,
            "gsm8k": 1.6572972697864616,
            "agi_eval_sat_math": 1.4202488633719357,
            "aqua": 2.119524725116029,
            "svamp": 2.292228980064392,
            "bigbench_qa_wikidata": 3.351918142460696,
            "arc_easy": 2.078549680434895,
            "arc_challenge": 2.2344469358388066,
            "bigbench_misconceptions": 3.588883910549286,
            "copa": 2.3636641693115235,
            "siqa": 1.3788619692396362,
            "commonsense_qa": 1.6992346880184053,
            "piqa": 2.4257915118573408,
            "openbook_qa": 3.9105287857055666,
            "bigbench_novel_concepts": 2.362536169588566,
            "bigbench_strange_stories": 2.727639303125184,
            "bigbench_strategy_qa": 1.7223479232708925,
            "lambada_openai": 1.0851017497053383,
            "winograd_wsc": 2.347443857909122,
            "winogrande": 2.9640051784154084,
            "bigbench_conlang_translation": 1.668586286829739,
            "bigbench_language_identification": 1.5096680015104964,
            "bigbench_conceptual_combinations": 1.0188323051026724,
            "bigbench_elementary_math_qa": 3.571080515232226,
            "bigbench_dyck_languages": 3.3888737111091616,
            "agi_eval_lsat_ar": 1.6120947371358456,
            "bigbench_cs_algorithms": 3.7162225230173633,
            "bigbench_logical_deduction": 1.1612366134723027,
            "bigbench_operators": 4.393492031097412,
            "bigbench_repeat_copy_logic": 1.093966206535697,
            "simple_arithmetic_nospaces": 6.398905788183212,
            "simple_arithmetic_withspaces": 5.611139177799225,
            "math_qa": 1.6860735651793752,
            "logi_qa": 1.688207003378099,
            "pubmed_qa_labeled": 5.825701904773712,
            "squad": 1.7615236879325522,
            "agi_eval_lsat_rc": 1.5928736253460842,
            "agi_eval_lsat_lr": 1.5819235376283234,
            "coqa": 1.3006379145153122,
            "bigbench_understanding_fables": 1.452679191947614,
            "boolq": 2.8127733197051814,
            "agi_eval_sat_en": 1.5989504074587406,
            "winogender_mc_female": 0.9770250300566355,
            "winogender_mc_male": 0.9174395004908243,
            "enterprise_pii_classification": 4.578498288844225,
            "bbq": 0.32267290734621823,
            "human_eval_return_complex": 1.135182665088984,
            "human_eval_return_simple": 3.0013317642985164,
            "human_eval-0.5": 1.0666776557521123,
            "human_eval-0.25": 1.08842282142581,
            "human_eval-0.75": 1.1242934043814496,
            "human_eval": 1.1448787156401612,
            "processed_human_eval_cpp": 1.4810255817745044,
            "processed_human_eval_js": 1.282456843591318
        },
        "icl": {
            "mmlu_zeroshot": 0.25550220959019243,
            "hellaswag_zeroshot": 0.654849648475647,
            "jeopardy": 0.37644912898540495,
            "triviaqa_sm_sub": 0.30000001192092896,
            "gsm8k_cot": 0.009855951182544231,
            "agi_eval_sat_math_cot": 0.022727273404598236,
            "aqua_cot": 0.020408162847161293,
            "svamp_cot": 0.06666667014360428,
            "bigbench_qa_wikidata": 0.6557255983352661,
            "arc_easy": 0.683501660823822,
            "arc_challenge": 0.3890784978866577,
            "mmlu_fewshot": 0.2526378388467588,
            "bigbench_misconceptions": 0.456620991230011,
            "copa": 0.8100000023841858,
            "siqa": 0.519959032535553,
            "commonsense_qa": 0.23587223887443542,
            "piqa": 0.7720348238945007,
            "openbook_qa": 0.41200000047683716,
            "bigbench_novel_concepts": 0.5,
            "bigbench_strange_stories": 0.6264367699623108,
            "bigbench_strategy_qa": 0.5618174076080322,
            "lambada_openai": 0.6609742045402527,
            "hellaswag": 0.6655048727989197,
            "winograd": 0.8131868243217468,
            "winogrande": 0.637726902961731,
            "bigbench_conlang_translation": 0.024390242993831635,
            "bigbench_language_identification": 0.25459998846054077,
            "bigbench_conceptual_combinations": 0.28155338764190674,
            "bigbench_elementary_math_qa": 0.24766771495342255,
            "bigbench_dyck_languages": 0.15700000524520874,
            "agi_eval_lsat_ar": 0.239130437374115,
            "bigbench_cs_algorithms": 0.3969697058200836,
            "bigbench_logical_deduction": 0.22599999606609344,
            "bigbench_operators": 0.2142857164144516,
            "bigbench_repeat_copy_logic": 0.03125,
            "simple_arithmetic_nospaces": 0.012000000104308128,
            "simple_arithmetic_withspaces": 0.017999999225139618,
            "math_qa": 0.24941334128379822,
            "logi_qa": 0.2519201338291168,
            "pubmed_qa_labeled": 0.3319999873638153,
            "squad": 0.4685903489589691,
            "agi_eval_lsat_rc": 0.23134328424930573,
            "agi_eval_lsat_lr": 0.25882354378700256,
            "coqa": 0.3776775598526001,
            "bigbench_understanding_fables": 0.27513226866722107,
            "boolq": 0.646177351474762,
            "agi_eval_sat_en": 0.2572815418243408,
            "winogender_mc_female": 0.5333333611488342,
            "winogender_mc_male": 0.46666666865348816,
            "enterprise_pii_classification": 0.5007363557815552,
            "bbq": 0.4727218503301794,
            "gpqa_main": 0.2209821492433548,
            "gpqa_diamond": 0.21717171370983124
        }
    },
    "missing tasks": "[]",
    "aggregated_task_categories_centered": {
        "commonsense reasoning": 0.30708958831630173,
        "language understanding": 0.36288088738684704,
        "reading comprehension": 0.18293603206576223,
        "safety": -0.013270882042971527,
        "symbolic problem solving": 0.07514406043491814,
        "world knowledge": 0.19372488151691114
    },
    "aggregated_centered_results": 0.1855580802957035,
    "aggregated_results": 0.36268595053751657,
    "rw_small": 0.6368890106678009,
    "rw_small_centered": 0.3779302201075861,
    "95%_CI_above": 0.47138338044479294,
    "95%_CI_above_centered": 0.30127007809313294,
    "99%_CI_above": 0.48394442926282466,
    "99%_CI_above_centered": 0.34670345335516833,
    "low_variance_datasets": 0.479662978107279,
    "low_variance_datasets_centered": 0.35548566878850235,
    "model_uuid": "f5411a07-b4bd-4a04-adea-d999ab06a7e7",
    "_filename": "exp_data/evals/evaluation_cc_v4_resiliparse_rw_v2_bff_minngram20_32shards_shard3_OH_eli5_vs_rw_v2_bigram_200k_train_0.1-open_lm_1b_swiglutorch-warm=5000-lr=0p003-wd=0p033-cd=3e-05-bs=256-mult=5p0-seed=124-tokens=143979520000_heavy.json",
    "Core": 0.35548566878850235,
    "Extended": 0.1855580802957035
}