{
    "name": "/mnt/task_runtime/dcnlp/eval/heavy",
    "uuid": "bd75cafc-d8a1-49d3-a05a-36b871c62636",
    "model": "open_lm_1b",
    "creation_date": "2024_05_29-05_03_31",
    "eval_metrics": {
        "icl": {
            "mmlu_zeroshot": 0.24573754244729093,
            "hellaswag_zeroshot": 0.564628541469574,
            "jeopardy": 0.14877472519874574,
            "triviaqa_sm_sub": 0.17233332991600037,
            "gsm8k_cot": 0.007581501267850399,
            "agi_eval_sat_math_cot": 0.004545454401522875,
            "aqua_cot": 0.008163264952600002,
            "bigbench_qa_wikidata": 0.6046454310417175,
            "arc_easy": 0.5930134654045105,
            "arc_challenge": 0.3097269535064697,
            "mmlu_fewshot": 0.24653193668315285,
            "bigbench_misconceptions": 0.4794520437717438,
            "copa": 0.7099999785423279,
            "siqa": 0.4713408350944519,
            "commonsense_qa": 0.229320228099823,
            "piqa": 0.7350381016731262,
            "openbook_qa": 0.3659999966621399,
            "bigbench_novel_concepts": 0.5,
            "bigbench_strange_stories": 0.5114942789077759,
            "bigbench_strategy_qa": 0.5181301832199097,
            "lambada_openai": 0.557151198387146,
            "hellaswag": 0.5685122609138489,
            "winograd": 0.732600748538971,
            "winogrande": 0.5611681342124939,
            "bigbench_conlang_translation": 0.030487805604934692,
            "bigbench_language_identification": 0.24740000069141388,
            "bigbench_conceptual_combinations": 0.27184465527534485,
            "bigbench_elementary_math_qa": 0.2425052374601364,
            "bigbench_dyck_languages": 0.1599999964237213,
            "agi_eval_lsat_ar": 0.239130437374115,
            "bigbench_cs_algorithms": 0.45530304312705994,
            "bigbench_logical_deduction": 0.2540000081062317,
            "bigbench_operators": 0.190476194024086,
            "bigbench_repeat_copy_logic": 0.0625,
            "simple_arithmetic_nospaces": 0.0,
            "simple_arithmetic_withspaces": 0.0010000000474974513,
            "math_qa": 0.2527656853199005,
            "logi_qa": 0.23502303659915924,
            "pubmed_qa_labeled": 0.5429999828338623,
            "squad": 0.3537369966506958,
            "agi_eval_lsat_rc": 0.2798507511615753,
            "agi_eval_lsat_lr": 0.2607843279838562,
            "coqa": 0.2831015884876251,
            "bigbench_understanding_fables": 0.2380952388048172,
            "boolq": 0.6091743111610413,
            "agi_eval_sat_en": 0.28155338764190674,
            "winogender_mc_female": 0.5166666507720947,
            "winogender_mc_male": 0.4166666567325592,
            "enterprise_pii_classification": 0.5428571701049805,
            "bbq": 0.4637564014304768,
            "gpqa_main": 0.2209821492433548,
            "gpqa_diamond": 0.24242424964904785,
            "svamp_cot": 0.06666667014360428
        }
    },
    "aggregated_task_categories_centered": {
        "commonsense reasoning": 0.2153811976118111,
        "language understanding": 0.27756848994015465,
        "reading comprehension": 0.17710424926164642,
        "safety": -0.030026560479944397,
        "symbolic problem solving": 0.0762549457479413,
        "world knowledge": 0.136254596961172
    },
    "aggregated_centered_results": 0.14616406430981055,
    "aggregated_results": 0.3359932597578923,
    "rw_small": 0.5579518973827362,
    "rw_small_centered": 0.2450565863073918,
    "95%_CI_above": 0.4324504914415347,
    "95%_CI_above_centered": 0.2441042661108513,
    "99%_CI_above": 0.43999389060165567,
    "99%_CI_above_centered": 0.2832579879679814,
    "low_variance_datasets": 0.42188192416321146,
    "low_variance_datasets_centered": 0.27537620939549784,
    "model_uuid": "e164650a-6752-4595-aa12-767cd3e3e236",
    "_filename": "exp_data/evals/evaluation_rw_v2_w_substr_resiliparse-open_lm_1b-warm=5000-lr=0p003-wd=0p033-cd=3e-05-bs=256-mult=1-seed=124-tokens=28795904000_heavy.json",
    "missing tasks": "[]",
    "Core": 0.27537620939549784,
    "Extended": 0.14616406430981055
}