{
    "name": "/mnt/task_runtime/dcnlp/eval/heavy",
    "uuid": "fdc45682-7d17-4727-8e24-d37560766dc9",
    "model": "open_lm_7b",
    "creation_date": "2024_03_19-03_31_52",
    "eval_metrics": {
        "icl": {
            "mmlu_zeroshot": 0.25443551153467414,
            "hellaswag_zeroshot": 0.7091217041015625,
            "jeopardy": 0.38825962841510775,
            "triviaqa_sm_sub": 0.40400001406669617,
            "gsm8k": 0.012130402028560638,
            "agi_eval_sat_math": 0.00909090880304575,
            "aqua": 0.01224489789456129,
            "bigbench_qa_wikidata": 0.6897298097610474,
            "arc_easy": 0.7032828330993652,
            "arc_challenge": 0.39675769209861755,
            "bigbench_misconceptions": 0.4840182662010193,
            "copa": 0.8199999928474426,
            "siqa": 0.48567041754722595,
            "commonsense_qa": 0.3136773109436035,
            "piqa": 0.7856365442276001,
            "openbook_qa": 0.3959999978542328,
            "bigbench_novel_concepts": 0.5625,
            "bigbench_strange_stories": 0.5747126340866089,
            "bigbench_strategy_qa": 0.5591961741447449,
            "lambada_openai": 0.6697069406509399,
            "hellaswag": 0.7213702201843262,
            "winograd": 0.8241758346557617,
            "winogrande": 0.6322020292282104,
            "bigbench_conlang_translation": 0.024390242993831635,
            "bigbench_language_identification": 0.25,
            "bigbench_conceptual_combinations": 0.27184465527534485,
            "bigbench_elementary_math_qa": 0.24544024467468262,
            "bigbench_dyck_languages": 0.22300000488758087,
            "agi_eval_lsat_ar": 0.22173912823200226,
            "bigbench_cs_algorithms": 0.4477272629737854,
            "bigbench_logical_deduction": 0.24133333563804626,
            "bigbench_operators": 0.20952381193637848,
            "bigbench_repeat_copy_logic": 0.125,
            "simple_arithmetic_nospaces": 0.004000000189989805,
            "simple_arithmetic_withspaces": 0.008999999612569809,
            "math_qa": 0.2531009018421173,
            "logi_qa": 0.25960060954093933,
            "pubmed_qa_labeled": 0.4779999852180481,
            "squad": 0.48789024353027344,
            "agi_eval_lsat_rc": 0.25746268033981323,
            "agi_eval_lsat_lr": 0.2647058963775635,
            "coqa": 0.3800576329231262,
            "bigbench_understanding_fables": 0.28042328357696533,
            "boolq": 0.6568807363510132,
            "agi_eval_sat_en": 0.3009708821773529,
            "winogender_mc_female": 0.4166666567325592,
            "winogender_mc_male": 0.5333333611488342,
            "enterprise_pii_classification": 0.5184094309806824,
            "bbq": 0.4496210434220054,
            "mmlu_fewshot": 0.25379665222084313,
            "gsm8k_cot": 0.012130402028560638,
            "agi_eval_sat_math_cot": 0.013636363670229912,
            "aqua_cot": 0.008163264952600002,
            "svamp_cot": 0.07000000029802322,
            "gpqa_main": 0.2232142835855484,
            "gpqa_diamond": 0.2070707082748413
        }
    },
    "aggregated_task_categories_centered": {
        "commonsense reasoning": 0.3122337717285518,
        "language understanding": 0.3814440636554419,
        "reading comprehension": 0.22052542907757716,
        "safety": -0.04098475385795941,
        "symbolic problem solving": 0.08733015887856006,
        "world knowledge": 0.2168102892396743
    },
    "aggregated_centered_results": 0.20052344105350703,
    "aggregated_results": 0.37684126908028187,
    "rw_small": 0.653040831287702,
    "rw_small_centered": 0.40227915320480084,
    "95%_CI_above": 0.4964611163387051,
    "95%_CI_above_centered": 0.3302530214554708,
    "99%_CI_above": 0.5129629902217699,
    "99%_CI_above_centered": 0.38093237821481596,
    "low_variance_datasets": 0.502351789040999,
    "low_variance_datasets_centered": 0.3827974247050241,
    "model_uuid": "f6d1a6f1-a351-4e86-b499-f6a435210568",
    "_filename": "exp_data/evals/evaluation_rw_v2_w_substr_cc_v3_f0.15_resiliparse_try3_100_nodes-open_lm_7b-warm=5000-lr=0p0003-wd=0p33-cd=3e-05-bs=2048-mult=1-seed=124-tokens=137788211200_heavy.json",
    "missing tasks": "[]",
    "Core": 0.3827974247050241,
    "Extended": 0.20052344105350703
}