{
    "name": "/mnt/task_runtime/dcnlp/eval/heavy",
    "uuid": "52e5ea95-bb9d-48b4-8e10-1585c0531f67",
    "model": "open_lm_1b_swiglutorch",
    "creation_date": "2024_06_02-22_23_59",
    "eval_metrics": {
        "icl": {
            "mmlu_zeroshot": 0.23794466962939814,
            "hellaswag_zeroshot": 0.5747858881950378,
            "jeopardy": 0.24645184874534606,
            "triviaqa_sm_sub": 0.20900000631809235,
            "gsm8k_cot": 0.01440485194325447,
            "agi_eval_sat_math_cot": 0.00909090880304575,
            "aqua_cot": 0.01224489789456129,
            "bigbench_qa_wikidata": 0.6119285225868225,
            "arc_easy": 0.6296296119689941,
            "arc_challenge": 0.33191126585006714,
            "mmlu_fewshot": 0.2441260114050748,
            "bigbench_misconceptions": 0.47488585114479065,
            "copa": 0.699999988079071,
            "siqa": 0.4948822855949402,
            "commonsense_qa": 0.22276821732521057,
            "piqa": 0.7448313236236572,
            "openbook_qa": 0.3779999911785126,
            "bigbench_novel_concepts": 0.40625,
            "bigbench_strange_stories": 0.477011501789093,
            "bigbench_strategy_qa": 0.5102664828300476,
            "lambada_openai": 0.5839316844940186,
            "hellaswag": 0.5803624987602234,
            "winograd": 0.721611738204956,
            "winogrande": 0.5753749012947083,
            "bigbench_conlang_translation": 0.030487805604934692,
            "bigbench_language_identification": 0.2515000104904175,
            "bigbench_conceptual_combinations": 0.3009708821773529,
            "bigbench_elementary_math_qa": 0.23765723407268524,
            "bigbench_dyck_languages": 0.2460000067949295,
            "agi_eval_lsat_ar": 0.22173912823200226,
            "bigbench_cs_algorithms": 0.45530304312705994,
            "bigbench_logical_deduction": 0.2446666657924652,
            "bigbench_operators": 0.2142857164144516,
            "bigbench_repeat_copy_logic": 0.03125,
            "simple_arithmetic_nospaces": 0.003000000026077032,
            "simple_arithmetic_withspaces": 0.004000000189989805,
            "math_qa": 0.2541066110134125,
            "logi_qa": 0.2534562349319458,
            "pubmed_qa_labeled": 0.5400000214576721,
            "squad": 0.4036896824836731,
            "agi_eval_lsat_rc": 0.24626865983009338,
            "agi_eval_lsat_lr": 0.26862746477127075,
            "coqa": 0.30928221344947815,
            "bigbench_understanding_fables": 0.27513226866722107,
            "boolq": 0.5792049169540405,
            "agi_eval_sat_en": 0.26213592290878296,
            "winogender_mc_female": 0.4833333194255829,
            "winogender_mc_male": 0.4333333373069763,
            "enterprise_pii_classification": 0.5502209067344666,
            "bbq": 0.45783023129809985,
            "gpqa_main": 0.2410714328289032,
            "gpqa_diamond": 0.24242424964904785,
            "svamp_cot": 0.06666667014360428
        }
    },
    "aggregated_task_categories_centered": {
        "commonsense reasoning": 0.19548251206983347,
        "language understanding": 0.2908065995310071,
        "reading comprehension": 0.17491664472771318,
        "safety": -0.037641102617437194,
        "symbolic problem solving": 0.08208636349007555,
        "world knowledge": 0.1586628401715156
    },
    "aggregated_centered_results": 0.15013217913632018,
    "aggregated_results": 0.34149697329123696,
    "rw_small": 0.5651510953903198,
    "rw_small_centered": 0.24863833084441067,
    "95%_CI_above": 0.44219060525685167,
    "95%_CI_above_centered": 0.252620330103439,
    "99%_CI_above": 0.45445926591106084,
    "99%_CI_above_centered": 0.29713325349032926,
    "low_variance_datasets": 0.43699282719330357,
    "low_variance_datasets_centered": 0.28955412107532985,
    "model_uuid": "e680e342-b920-46ae-b641-8cf58f662ca9",
    "_filename": "exp_data/evals/evaluation_perplexity_f0.1_dfn_peS2o_rpjbooks_wikipedia_en_balanced_tokenized_v2_rw_v2_w_substr_cc_v3_f0.15-open_lm_1b_swiglutorch-warm=5000-lr=0p003-wd=0p033-cd=3e-05-bs=256-mult=1-seed=124-tokens=28795904000_heavy.json",
    "missing tasks": "[]",
    "Core": 0.28955412107532985,
    "Extended": 0.15013217913632018
}