{
    "name": "../eval/heavy",
    "uuid": "57c8a72e-002f-4fc9-baf2-4e37acb68c9b",
    "model": "microsoft/Phi-3-medium-128k-instruct",
    "creation_date": "2024_05_23-04_51_09",
    "eval_metrics": {
        "icl": {
            "mmlu_zeroshot": 0.6325179636478424,
            "hellaswag_zeroshot": 0.8188607692718506,
            "jeopardy": 0.5444784104824066,
            "bigbench_qa_wikidata": 0.7329855561256409,
            "arc_easy": 0.8632155060768127,
            "arc_challenge": 0.6535836458206177,
            "bigbench_misconceptions": 0.7214611768722534,
            "copa": 0.8500000238418579,
            "siqa": 0.8459570407867432,
            "commonsense_qa": 0.8484848737716675,
            "piqa": 0.8438519835472107,
            "openbook_qa": 0.49399998784065247,
            "bigbench_novel_concepts": 0.84375,
            "bigbench_strange_stories": 0.7643678188323975,
            "bigbench_strategy_qa": 0.6880733966827393,
            "lambada_openai": 0.7407335638999939,
            "hellaswag": 0.836188018321991,
            "winograd": 0.8644688725471497,
            "winogrande": 0.7569060921669006,
            "bigbench_conlang_translation": 0.03658536449074745,
            "bigbench_language_identification": 0.5365999937057495,
            "bigbench_conceptual_combinations": 0.8349514603614807,
            "bigbench_elementary_math_qa": 0.6273061037063599,
            "bigbench_dyck_languages": 0.4480000138282776,
            "agi_eval_lsat_ar": 0.27391305565834045,
            "bigbench_cs_algorithms": 0.7583333253860474,
            "bigbench_logical_deduction": 0.6740000247955322,
            "bigbench_operators": 0.6904761791229248,
            "bigbench_repeat_copy_logic": 0.5,
            "simple_arithmetic_nospaces": 0.5490000247955322,
            "simple_arithmetic_withspaces": 0.5809999704360962,
            "math_qa": 0.4056318998336792,
            "logi_qa": 0.5130568146705627,
            "pubmed_qa_labeled": 0.7279999852180481,
            "squad": 0.6797540187835693,
            "agi_eval_lsat_rc": 0.7835820913314819,
            "agi_eval_lsat_lr": 0.7431372404098511,
            "coqa": 0.3744206428527832,
            "bigbench_understanding_fables": 0.7089946866035461,
            "boolq": 0.8862385153770447,
            "agi_eval_sat_en": 0.8640776872634888,
            "winogender_mc_female": 0.8999999761581421,
            "winogender_mc_male": 0.8999999761581421,
            "enterprise_pii_classification": 0.7941089868545532,
            "bbq": 0.9450021873820912,
            "gpqa_main": 0.2790178656578064,
            "gpqa_diamond": 0.2373737394809723,
            "mmlu_fewshot": 0.6992675314346949,
            "gsm8k_cot": 0.7573919892311096,
            "agi_eval_sat_math_cot": 0.4000000059604645,
            "aqua_cot": 0.33469387888908386,
            "svamp_cot": 0.7566666603088379,
            "triviaqa_sm_sub": 0.6296666860580444
        }
    },
    "aggregated_task_categories_centered": {
        "commonsense reasoning": 0.6252830488507686,
        "language understanding": 0.6037847753004576,
        "reading comprehension": 0.6682768864393758,
        "safety": 0.7695555632764643,
        "symbolic problem solving": 0.5056386962396914,
        "world knowledge": 0.4836688009235594
    },
    "aggregated_centered_results": 0.5788348752955026,
    "aggregated_results": 0.663662892127204,
    "rw_small": 0.8048007587591807,
    "rw_small_centered": 0.6714421887146799,
    "95%_CI_above": 0.7073512816390434,
    "95%_CI_above_centered": 0.6222977770171264,
    "99%_CI_above": 0.6948261750781018,
    "99%_CI_above_centered": 0.6191569246618827,
    "low_variance_datasets": 0.6816133203831586,
    "low_variance_datasets_centered": 0.6097545601033576,
    "_filename": "exp_data/evals/evaluation_phi-3-medium_heavy.json",
    "missing tasks": "[]",
    "Core": 0.6097545601033576,
    "Extended": 0.5788348752955026
}