{
    "name": "/mnt/task_runtime/dcnlp/eval/heavy",
    "uuid": "2433a919-5d70-4742-ab4d-a645b857c0ce",
    "model": "open_lm_1b_swiglutorch",
    "creation_date": "2024_06_04-09_58_13",
    "eval_metrics": {
        "icl": {
            "mmlu_zeroshot": 0.24170666122645662,
            "hellaswag_zeroshot": 0.554869532585144,
            "jeopardy": 0.0028689878061413767,
            "triviaqa_sm_sub": 0.10700000077486038,
            "gsm8k_cot": 0.006823351141065359,
            "agi_eval_sat_math_cot": 0.004545454401522875,
            "aqua_cot": 0.0,
            "svamp_cot": 0.04333333298563957,
            "bigbench_qa_wikidata": 0.5465282201766968,
            "arc_easy": 0.56144779920578,
            "arc_challenge": 0.286689430475235,
            "mmlu_fewshot": 0.24979000813082644,
            "bigbench_misconceptions": 0.49771690368652344,
            "copa": 0.6899999976158142,
            "siqa": 0.5117707252502441,
            "commonsense_qa": 0.2784602642059326,
            "piqa": 0.7268770337104797,
            "openbook_qa": 0.36000001430511475,
            "bigbench_novel_concepts": 0.40625,
            "bigbench_strange_stories": 0.5,
            "bigbench_strategy_qa": 0.49279162287712097,
            "lambada_openai": 0.4692412316799164,
            "hellaswag": 0.559549868106842,
            "winograd": 0.7106227278709412,
            "winogrande": 0.5666929483413696,
            "bigbench_conlang_translation": 0.018292682245373726,
            "bigbench_language_identification": 0.2624000012874603,
            "bigbench_conceptual_combinations": 0.21359223127365112,
            "bigbench_elementary_math_qa": 0.24242661893367767,
            "bigbench_dyck_languages": 0.1379999965429306,
            "agi_eval_lsat_ar": 0.27826085686683655,
            "bigbench_cs_algorithms": 0.35606059432029724,
            "bigbench_logical_deduction": 0.2666666805744171,
            "bigbench_operators": 0.18571428954601288,
            "bigbench_repeat_copy_logic": 0.03125,
            "simple_arithmetic_nospaces": 0.0010000000474974513,
            "simple_arithmetic_withspaces": 0.003000000026077032,
            "math_qa": 0.2403620481491089,
            "logi_qa": 0.2227342575788498,
            "pubmed_qa_labeled": 0.5350000262260437,
            "squad": 0.15666982531547546,
            "agi_eval_lsat_rc": 0.2723880708217621,
            "agi_eval_lsat_lr": 0.2647058963775635,
            "coqa": 0.20380809903144836,
            "bigbench_understanding_fables": 0.29629629850387573,
            "boolq": 0.5091742873191833,
            "agi_eval_sat_en": 0.22815534472465515,
            "winogender_mc_female": 0.5,
            "winogender_mc_male": 0.5166666507720947,
            "enterprise_pii_classification": 0.5198822021484375,
            "bbq": 0.4607566784728657,
            "gpqa_main": 0.2366071492433548,
            "gpqa_diamond": 0.2373737394809723
        }
    },
    "aggregated_task_categories_centered": {
        "commonsense reasoning": 0.1987392376551683,
        "language understanding": 0.2501757874507539,
        "reading comprehension": 0.10830537041877968,
        "safety": -0.001347234303301026,
        "symbolic problem solving": 0.06597497882055688,
        "world knowledge": 0.10699840664809124
    },
    "aggregated_centered_results": 0.12286760331648447,
    "aggregated_results": 0.31646831400735076,
    "rw_small": 0.5281456659237543,
    "rw_small_centered": 0.18206916043632906,
    "95%_CI_above": 0.39370689370016293,
    "95%_CI_above_centered": 0.19425854371380927,
    "99%_CI_above": 0.4012029666696554,
    "99%_CI_above_centered": 0.23424440892519813,
    "low_variance_datasets": 0.3834175457415933,
    "low_variance_datasets_centered": 0.22733708327538976,
    "model_uuid": "600d57d2-b4c2-4aad-9ee2-70acd262afba",
    "_filename": "exp_data/evals/evaluation_c4_original-open_lm_1b_swiglutorch-warm=5000-lr=0p03-wd=0p0033-cd=3e-05-bs=256-mult=1-seed=124-tokens=28795904000_heavy.json",
    "missing tasks": "[]",
    "Core": 0.22733708327538976,
    "Extended": 0.12286760331648447
}