{
    "name": "/mnt/task_runtime/dcnlp/eval/heavy",
    "uuid": "1da6d245-63b0-4db3-889c-34bb66d2a599",
    "model": "open_lm_1b",
    "creation_date": "2024_02_29-08_23_48",
    "eval_metrics": {
        "perplexity": 2.57388410170873,
        "downstream_perpexity": {
            "mmlu": 1.6676735145603212,
            "hellaswag": 2.3214796562399957,
            "jeopardy_all": 1.9862645605880807,
            "triviaqa_sm_sub": 2.55712003009518,
            "gsm8k": 1.938299327930598,
            "agi_eval_sat_math": 1.683193857019598,
            "aqua": 2.416636049990751,
            "svamp": 2.634698072274526,
            "bigbench_qa_wikidata": 3.375636402926549,
            "arc_easy": 2.5456371252434424,
            "arc_challenge": 2.64317736100825,
            "bigbench_misconceptions": 5.645880520615948,
            "copa": 2.564977089166641,
            "siqa": 1.7122242822861842,
            "commonsense_qa": 1.7201845063038481,
            "piqa": 2.6057379759434647,
            "openbook_qa": 4.293207549095154,
            "bigbench_novel_concepts": 2.801504224538803,
            "bigbench_strange_stories": 3.455371093475956,
            "bigbench_strategy_qa": 1.8152917830795114,
            "lambada_openai": 1.4091295770113008,
            "winograd_wsc": 2.5597825207553067,
            "winogrande": 3.0983059302783897,
            "bigbench_conlang_translation": 2.070709888528033,
            "bigbench_language_identification": 4.120669251490794,
            "bigbench_conceptual_combinations": 0.8744665216473699,
            "bigbench_elementary_math_qa": 3.452857743375456,
            "bigbench_dyck_languages": 5.020108680248261,
            "agi_eval_lsat_ar": 1.7789907020071278,
            "bigbench_cs_algorithms": 4.622824017206828,
            "bigbench_logical_deduction": 0.8846460060675939,
            "bigbench_operators": 5.0866304261343815,
            "bigbench_repeat_copy_logic": 1.5181112587451935,
            "simple_arithmetic_nospaces": 6.787178987979889,
            "simple_arithmetic_withspaces": 6.510893596172333,
            "math_qa": 3.8517095034769064,
            "logi_qa": 1.8202398400152884,
            "pubmed_qa_labeled": 6.4219811878204345,
            "squad": 2.2373367581597567,
            "agi_eval_lsat_rc": 1.6870755406457987,
            "agi_eval_lsat_lr": 1.8002193829592537,
            "coqa": 3.4462711069796836,
            "bigbench_understanding_fables": 3.674629087801333,
            "boolq": 3.2578102534699513,
            "agi_eval_sat_en": 1.732871972241448,
            "winogender_mc_female": 1.0418608069419861,
            "winogender_mc_male": 0.9733985821406047,
            "enterprise_pii_classification": 6.715941071826333,
            "bbq": 0.3310584636977164,
            "human_eval_return_complex": 2.8432690214923046,
            "human_eval_return_simple": 5.998106531194739,
            "human_eval-0.5": 2.7029188573360443,
            "human_eval-0.25": 2.8080211005559783,
            "human_eval-0.75": 2.806424388071386,
            "human_eval": 2.9130253384752973,
            "processed_human_eval_cpp": 2.8907154583782884,
            "processed_human_eval_js": 2.4847409012841015
        },
        "icl": {
            "mmlu_zeroshot": 0.2353772181167937,
            "hellaswag_zeroshot": 0.586735725402832,
            "jeopardy": 0.1936613440513611,
            "triviaqa_sm_sub": 0.00033333332976326346,
            "gsm8k": 0.0,
            "agi_eval_sat_math": 0.00909090880304575,
            "aqua": 0.0,
            "bigbench_qa_wikidata": 0.6138477325439453,
            "arc_easy": 0.6325757503509521,
            "arc_challenge": 0.32252559065818787,
            "bigbench_misconceptions": 0.4840182662010193,
            "copa": 0.7200000286102295,
            "siqa": 0.48157626390457153,
            "commonsense_qa": 0.2661752700805664,
            "piqa": 0.7404787540435791,
            "openbook_qa": 0.34200000762939453,
            "bigbench_novel_concepts": 0.40625,
            "bigbench_strange_stories": 0.5344827771186829,
            "bigbench_strategy_qa": 0.5181301832199097,
            "lambada_openai": 0.5742285847663879,
            "hellaswag": 0.589922308921814,
            "winograd": 0.7545787692070007,
            "winogrande": 0.5856353640556335,
            "bigbench_conlang_translation": 0.018292682245373726,
            "bigbench_language_identification": 0.2492000013589859,
            "bigbench_conceptual_combinations": 0.25242719054222107,
            "bigbench_elementary_math_qa": 0.23443396389484406,
            "bigbench_dyck_languages": 0.18700000643730164,
            "agi_eval_lsat_ar": 0.260869562625885,
            "bigbench_cs_algorithms": 0.45681819319725037,
            "bigbench_logical_deduction": 0.2613333463668823,
            "bigbench_operators": 0.1666666716337204,
            "bigbench_repeat_copy_logic": 0.0625,
            "simple_arithmetic_nospaces": 0.003000000026077032,
            "simple_arithmetic_withspaces": 0.003000000026077032,
            "math_qa": 0.25544753670692444,
            "logi_qa": 0.2764976918697357,
            "pubmed_qa_labeled": 0.4440000057220459,
            "squad": 0.3927152454853058,
            "agi_eval_lsat_rc": 0.26119402050971985,
            "agi_eval_lsat_lr": 0.239215686917305,
            "coqa": 0.31191280484199524,
            "bigbench_understanding_fables": 0.25925925374031067,
            "boolq": 0.5801223516464233,
            "agi_eval_sat_en": 0.223300963640213,
            "winogender_mc_female": 0.5333333611488342,
            "winogender_mc_male": 0.5166666507720947,
            "enterprise_pii_classification": 0.45832106471061707,
            "bbq": 0.485770734873685,
            "mmlu_fewshot": 0.27774492402871453,
            "gsm8k_cot": 0.006823351141065359,
            "agi_eval_sat_math_cot": 0.004545454401522875,
            "aqua_cot": 0.008163264952600002,
            "svamp_cot": 0.046666666865348816,
            "gpqa_main": 0.2209821492433548,
            "gpqa_diamond": 0.2070707082748413
        }
    },
    "aggregated_task_categories_centered": {
        "commonsense reasoning": 0.2140168462214858,
        "language understanding": 0.29405423815769927,
        "reading comprehension": 0.15095929531053753,
        "safety": -0.0029540942473844922,
        "symbolic problem solving": 0.08127933789605964,
        "world knowledge": 0.13042473965575674
    },
    "aggregated_centered_results": 0.14686536085899446,
    "aggregated_results": 0.3348646940011302,
    "rw_small": 0.5712658017873764,
    "rw_small_centered": 0.2603520601116426,
    "95%_CI_above": 0.4350845334688564,
    "95%_CI_above_centered": 0.24588121879404107,
    "99%_CI_above": 0.4453604842009751,
    "99%_CI_above_centered": 0.28725750383577847,
    "low_variance_datasets": 0.435916821252216,
    "low_variance_datasets_centered": 0.2918326299234106,
    "model_uuid": "33cce768-091f-48af-83fa-de5cc97cd509",
    "_filename": "exp_data/evals/evaluation_dfn_rw_v2_peS2o_rpjbooks_wikiped_7719841115__top10_mean_0.7_2048-open_lm_1b-warm=5000-lr=0p003-wd=0p033-cd=3e-05-bs=256-mult=1-seed=124-tokens=28795904000_heavy.json",
    "missing tasks": "[]",
    "Core": 0.2918326299234106,
    "Extended": 0.14686536085899446
}