{
    "name": "/opt/ml/code/eval/heavy",
    "uuid": "5481d009-bbd9-49d2-a9ba-ac68bbeb062d",
    "model": "open_lm_1b_swiglutorch",
    "creation_date": "2024_06_25-17_56_31",
    "eval_metrics": {
        "icl": {
            "mmlu_zeroshot": 0.3542574011442954,
            "hellaswag_zeroshot": 0.7000597715377808,
            "jeopardy": 0.4218239814043045,
            "triviaqa_sm_sub": 0.36033332347869873,
            "gsm8k_cot": 0.03714935481548309,
            "agi_eval_sat_math_cot": 0.0181818176060915,
            "aqua_cot": 0.02448979578912258,
            "svamp_cot": 0.18000000715255737,
            "bigbench_qa_wikidata": 0.668717086315155,
            "arc_easy": 0.7289562225341797,
            "arc_challenge": 0.43430033326148987,
            "mmlu_fewshot": 0.4192936530238704,
            "bigbench_misconceptions": 0.5068492889404297,
            "copa": 0.7900000214576721,
            "siqa": 0.6734902858734131,
            "commonsense_qa": 0.6109746098518372,
            "piqa": 0.7785636782646179,
            "openbook_qa": 0.43799999356269836,
            "bigbench_novel_concepts": 0.53125,
            "bigbench_strange_stories": 0.6839080452919006,
            "bigbench_strategy_qa": 0.5762341618537903,
            "lambada_openai": 0.6937706470489502,
            "hellaswag": 0.7087233662605286,
            "winograd": 0.8351648449897766,
            "winogrande": 0.652722954750061,
            "bigbench_conlang_translation": 0.0731707289814949,
            "bigbench_language_identification": 0.29109999537467957,
            "bigbench_conceptual_combinations": 0.4660194218158722,
            "bigbench_elementary_math_qa": 0.25579139590263367,
            "bigbench_dyck_languages": 0.19900000095367432,
            "agi_eval_lsat_ar": 0.2347826063632965,
            "bigbench_cs_algorithms": 0.4515151381492615,
            "bigbench_logical_deduction": 0.24799999594688416,
            "bigbench_operators": 0.27142858505249023,
            "bigbench_repeat_copy_logic": 0.15625,
            "simple_arithmetic_nospaces": 0.02800000086426735,
            "simple_arithmetic_withspaces": 0.029999999329447746,
            "math_qa": 0.2598055601119995,
            "logi_qa": 0.302611380815506,
            "pubmed_qa_labeled": 0.25600001215934753,
            "squad": 0.5423840880393982,
            "agi_eval_lsat_rc": 0.33208954334259033,
            "agi_eval_lsat_lr": 0.30980393290519714,
            "coqa": 0.4256545305252075,
            "bigbench_understanding_fables": 0.4126984179019928,
            "boolq": 0.7131498456001282,
            "agi_eval_sat_en": 0.3883495032787323,
            "winogender_mc_female": 0.4833333194255829,
            "winogender_mc_male": 0.5,
            "enterprise_pii_classification": 0.5110456347465515,
            "bbq": 0.4669838547706604,
            "gpqa_main": 0.234375,
            "gpqa_diamond": 0.21212121844291687
        }
    },
    "missing tasks": "[]",
    "aggregated_task_categories_centered": {
        "commonsense reasoning": 0.41829242785626475,
        "language understanding": 0.43282321622191516,
        "reading comprehension": 0.2777344594268422,
        "safety": -0.0193185955286026,
        "symbolic problem solving": 0.11257748480154771,
        "world knowledge": 0.2642311406954687
    },
    "aggregated_centered_results": 0.2506509457528994,
    "aggregated_results": 0.4128807237171418,
    "rw_small": 0.6698648581902186,
    "rw_small_centered": 0.4358331491375527,
    "95%_CI_above": 0.5202173847172942,
    "95%_CI_above_centered": 0.36442082740177684,
    "99%_CI_above": 0.5314342588186264,
    "99%_CI_above_centered": 0.40741676581919783,
    "low_variance_datasets": 0.5339564682407812,
    "low_variance_datasets_centered": 0.4233011972864572,
    "model_uuid": "338f8ba3-3b96-44de-83fd-277d39d08705",
    "_filename": "exp_data/evals/evaluation_hero1_cc_v4_resiliparse_rw_v2_bff_all_fasttext_OH_eli5_vs_rw_v2_bigram_200k_train_0.11-starcoder-math-open_lm_1b_swiglutorch-warm=5000-lr=0p004662-wd=0p01-cd=3e-05-bs=512-mult=7-seed=124-tokens=201571328000_cooldown1.1_heavy.json"
}