{
    "name": "/mnt/task_runtime/dcnlp/eval/heavy",
    "uuid": "a86264a8-96c7-4c84-bddd-1b9440f883d5",
    "model": "open_lm_1b",
    "creation_date": "2024_05_29-07_54_59",
    "eval_metrics": {
        "icl": {
            "mmlu_zeroshot": 0.24997411955866897,
            "hellaswag_zeroshot": 0.542421817779541,
            "jeopardy": 0.1279731884598732,
            "triviaqa_sm_sub": 0.14666666090488434,
            "gsm8k_cot": 0.010614101774990559,
            "agi_eval_sat_math_cot": 0.00909090880304575,
            "aqua_cot": 0.0,
            "bigbench_qa_wikidata": 0.5720682740211487,
            "arc_easy": 0.5833333134651184,
            "arc_challenge": 0.2704778015613556,
            "mmlu_fewshot": 0.2581412287657721,
            "bigbench_misconceptions": 0.45205479860305786,
            "copa": 0.7099999785423279,
            "siqa": 0.48618218302726746,
            "commonsense_qa": 0.3349713385105133,
            "piqa": 0.7295973896980286,
            "openbook_qa": 0.3499999940395355,
            "bigbench_novel_concepts": 0.40625,
            "bigbench_strange_stories": 0.5114942789077759,
            "bigbench_strategy_qa": 0.5286151170730591,
            "lambada_openai": 0.5286241173744202,
            "hellaswag": 0.5492929816246033,
            "winograd": 0.7142857313156128,
            "winogrande": 0.5627466440200806,
            "bigbench_conlang_translation": 0.018292682245373726,
            "bigbench_language_identification": 0.24449999630451202,
            "bigbench_conceptual_combinations": 0.24271844327449799,
            "bigbench_elementary_math_qa": 0.24289833009243011,
            "bigbench_dyck_languages": 0.2160000056028366,
            "agi_eval_lsat_ar": 0.24347825348377228,
            "bigbench_cs_algorithms": 0.4234848618507385,
            "bigbench_logical_deduction": 0.2473333328962326,
            "bigbench_operators": 0.17142857611179352,
            "bigbench_repeat_copy_logic": 0.0,
            "simple_arithmetic_nospaces": 0.0020000000949949026,
            "simple_arithmetic_withspaces": 0.0020000000949949026,
            "math_qa": 0.24237345159053802,
            "logi_qa": 0.22887864708900452,
            "pubmed_qa_labeled": 0.3930000066757202,
            "squad": 0.29754021763801575,
            "agi_eval_lsat_rc": 0.25,
            "agi_eval_lsat_lr": 0.2647058963775635,
            "coqa": 0.2544156312942505,
            "bigbench_understanding_fables": 0.2539682686328888,
            "boolq": 0.45688074827194214,
            "agi_eval_sat_en": 0.25242719054222107,
            "winogender_mc_female": 0.550000011920929,
            "winogender_mc_male": 0.4333333373069763,
            "enterprise_pii_classification": 0.5343151688575745,
            "bbq": 0.42659376426176593,
            "gpqa_main": 0.2165178507566452,
            "gpqa_diamond": 0.21717171370983124,
            "svamp_cot": 0.0533333346247673
        }
    },
    "aggregated_task_categories_centered": {
        "commonsense reasoning": 0.21861649653560172,
        "language understanding": 0.2561365945607411,
        "reading comprehension": 0.09122170339616245,
        "safety": -0.027878858826377168,
        "symbolic problem solving": 0.07011502524072381,
        "world knowledge": 0.1144972424348544
    },
    "aggregated_centered_results": 0.12477322119988557,
    "aggregated_results": 0.32102765451761306,
    "rw_small": 0.5209767172733942,
    "rw_small_centered": 0.16297932779579832,
    "95%_CI_above": 0.40712114328204035,
    "95%_CI_above_centered": 0.20630181963216737,
    "99%_CI_above": 0.41592765392168707,
    "99%_CI_above_centered": 0.2467069586851186,
    "low_variance_datasets": 0.4037964027713645,
    "low_variance_datasets_centered": 0.24461348127227656,
    "model_uuid": "a99184dc-dd38-43da-9c5c-9d3127b7f12c",
    "_filename": "exp_data/evals/evaluation_rw_v2_wo_dedup_trafilatura-open_lm_1b-warm=5000-lr=0p003-wd=0p033-cd=3e-05-bs=256-mult=1-seed=124-tokens=28795904000_heavy.json",
    "missing tasks": "[]",
    "Core": 0.24461348127227656,
    "Extended": 0.12477322119988557
}