{
    "name": "/mnt/task_runtime/dcnlp/eval/heavy",
    "uuid": "bdd13997-b97f-4397-afb2-69c9e268aaf9",
    "model": "open_lm_7b_swiglutorch",
    "creation_date": "2024_06_05-22_52_21",
    "eval_metrics": {
        "icl": {
            "mmlu_zeroshot": 0.5467890919300548,
            "hellaswag_zeroshot": 0.7876917123794556,
            "jeopardy": 0.5197222888469696,
            "triviaqa_sm_sub": 0.5496666431427002,
            "gsm8k_cot": 0.02653525397181511,
            "agi_eval_sat_math_cot": 0.20454545319080353,
            "aqua_cot": 0.09795918315649033,
            "svamp_cot": 0.5433333516120911,
            "bigbench_qa_wikidata": 0.7300329804420471,
            "arc_easy": 0.8148148059844971,
            "arc_challenge": 0.585324227809906,
            "mmlu_fewshot": 0.6270889038579506,
            "bigbench_misconceptions": 0.7168949842453003,
            "copa": 0.8500000238418579,
            "siqa": 0.8224155306816101,
            "commonsense_qa": 0.7870597839355469,
            "piqa": 0.809575617313385,
            "openbook_qa": 0.4740000069141388,
            "bigbench_novel_concepts": 0.65625,
            "bigbench_strange_stories": 0.8045976758003235,
            "bigbench_strategy_qa": 0.6256006956100464,
            "lambada_openai": 0.7461673021316528,
            "hellaswag": 0.8030272722244263,
            "winograd": 0.8974359035491943,
            "winogrande": 0.744277834892273,
            "bigbench_conlang_translation": 0.08536585420370102,
            "bigbench_language_identification": 0.5074999928474426,
            "bigbench_conceptual_combinations": 0.6213592290878296,
            "bigbench_elementary_math_qa": 0.3480607867240906,
            "bigbench_dyck_languages": 0.3490000069141388,
            "agi_eval_lsat_ar": 0.28260868787765503,
            "bigbench_cs_algorithms": 0.5462121367454529,
            "bigbench_logical_deduction": 0.37933334708213806,
            "bigbench_operators": 0.4809523820877075,
            "bigbench_repeat_copy_logic": 0.375,
            "simple_arithmetic_nospaces": 0.30000001192092896,
            "simple_arithmetic_withspaces": 0.3100000023841858,
            "math_qa": 0.30539724230766296,
            "logi_qa": 0.4208909273147583,
            "pubmed_qa_labeled": 0.7310000061988831,
            "squad": 0.634437084197998,
            "agi_eval_lsat_rc": 0.6268656849861145,
            "agi_eval_lsat_lr": 0.5078431367874146,
            "coqa": 0.4876612722873688,
            "bigbench_understanding_fables": 0.6666666865348816,
            "boolq": 0.8434250950813293,
            "agi_eval_sat_en": 0.7572815418243408,
            "winogender_mc_female": 0.6499999761581421,
            "winogender_mc_male": 0.6000000238418579,
            "enterprise_pii_classification": 0.7331369519233704,
            "bbq": 0.6117855310440063,
            "gpqa_main": 0.2388392835855484,
            "gpqa_diamond": 0.21717171370983124
        }
    },
    "missing tasks": "[]",
    "aggregated_task_categories_centered": {
        "commonsense reasoning": 0.5645135435937108,
        "language understanding": 0.5653242578984077,
        "reading comprehension": 0.5773942392123372,
        "safety": 0.29746124148368835,
        "symbolic problem solving": 0.2722991841602815,
        "world knowledge": 0.4273249250092702
    },
    "aggregated_centered_results": 0.437838458567308,
    "aggregated_results": 0.5545019079834588,
    "rw_small": 0.7709222833315531,
    "rw_small_centered": 0.6156040259272034,
    "95%_CI_above": 0.6410160630941392,
    "95%_CI_above_centered": 0.5283628219807731,
    "99%_CI_above": 0.6527201471121414,
    "99%_CI_above_centered": 0.5672708053451563,
    "low_variance_datasets": 0.6389057462865656,
    "low_variance_datasets_centered": 0.5594613829366513,
    "model_uuid": "471d9dc6-7076-4175-bfc5-854328c7d0bc",
    "_filename": "exp_data/evals/evaluation_fasttext_f0.07_ccv3_f0.15_math_lhq_mix3-open_lm_7b_swiglutorch-warm=0-lr=0p001170118158-wd=0p05-cd=3e-05-bs=2048-mult=1p456-seed=62-tokens=200619635507_heavy.json",
    "Core": 0.5594613829366513,
    "Extended": 0.437838458567308
}