{
    "name": "/home/ubuntu/research/openlm/dcnlp/eval/heavy",
    "uuid": "3b4fa1b6-fd07-4fc1-bab5-6b05e3436fec",
    "model": "d=1024_l=24_h=8",
    "creation_date": "2024_04_28-13_42_58",
    "eval_metrics": {
        "perplexity": 2.7743650913238525,
        "downstream_perpexity": {
            "mmlu": 1.6361924366654876,
            "hellaswag": 2.6517067459612056,
            "jeopardy_all": 2.683749995594268,
            "triviaqa_sm_sub": 3.4226153182586034,
            "gsm8k": 2.374717602953936,
            "agi_eval_sat_math": 1.882766207781705,
            "aqua": 2.765933054320666,
            "svamp": 2.6727703110376995,
            "bigbench_qa_wikidata": 5.182737869209945,
            "arc_easy": 2.8955027021542943,
            "arc_challenge": 2.9807680086471113,
            "bigbench_misconceptions": 5.302122615788081,
            "copa": 2.841957392692566,
            "siqa": 1.2641028807619576,
            "commonsense_qa": 1.530496760433956,
            "piqa": 2.878796807700065,
            "openbook_qa": 4.475152445316315,
            "bigbench_novel_concepts": 2.883006066083908,
            "bigbench_strange_stories": 3.6920696387345764,
            "bigbench_strategy_qa": 1.7792390719830808,
            "lambada_openai": 1.906660649045657,
            "winograd_wsc": 2.8032544960469115,
            "winogrande": 3.2822203916551187,
            "bigbench_conlang_translation": 2.377263241424793,
            "bigbench_language_identification": 2.135580901826327,
            "bigbench_conceptual_combinations": 1.3468746178358504,
            "bigbench_elementary_math_qa": 4.8770148078975435,
            "bigbench_dyck_languages": 4.380588770866394,
            "agi_eval_lsat_ar": 1.575874317728955,
            "bigbench_cs_algorithms": 4.724868513598587,
            "bigbench_logical_deduction": 1.228980333884557,
            "bigbench_operators": 5.597661377134777,
            "bigbench_repeat_copy_logic": 1.8088353946805,
            "simple_arithmetic_nospaces": 7.463042949199677,
            "simple_arithmetic_withspaces": 6.087855855941773,
            "math_qa": 2.531794776342637,
            "logi_qa": 1.6880426091898788,
            "pubmed_qa_labeled": 6.778680191040039,
            "squad": 2.4175775541600575,
            "agi_eval_lsat_rc": 1.6325054657993032,
            "agi_eval_lsat_lr": 1.6356056533607781,
            "coqa": 2.2546411697673094,
            "bigbench_understanding_fables": 1.998283511747128,
            "boolq": 3.289477429331625,
            "agi_eval_sat_en": 1.6994007270313003,
            "winogender_mc_female": 1.8028198679288228,
            "winogender_mc_male": 1.9982890784740448,
            "enterprise_pii_classification": 3.313367221000795,
            "bbq": 0.4110137633655781,
            "human_eval_return_complex": 1.683632503344318,
            "human_eval_return_simple": 2.9785095614355965,
            "human_eval-0.5": 1.6120320006114681,
            "human_eval-0.25": 1.6518277256954006,
            "human_eval-0.75": 1.6404514334550717,
            "human_eval": 1.7399982402964336,
            "processed_human_eval_cpp": 1.741186519587262,
            "processed_human_eval_js": 1.6756614206767664
        },
        "icl": {
            "mmlu_zeroshot": 0.24444072419091276,
            "hellaswag_zeroshot": 0.3766182065010071,
            "jeopardy": 0.035717956349253656,
            "triviaqa_sm_sub": 0.06366666406393051,
            "gsm8k": 0.004548900760710239,
            "agi_eval_sat_math": 0.004545454401522875,
            "aqua": 0.004081632476300001,
            "bigbench_qa_wikidata": 0.4221248924732208,
            "arc_easy": 0.5096801519393921,
            "arc_challenge": 0.255972683429718,
            "mmlu_fewshot": 0.24607977741643003,
            "bigbench_misconceptions": 0.5068492889404297,
            "copa": 0.5899999737739563,
            "siqa": 0.4994882345199585,
            "commonsense_qa": 0.259623259305954,
            "piqa": 0.6746463775634766,
            "openbook_qa": 0.3199999928474426,
            "bigbench_novel_concepts": 0.375,
            "bigbench_strange_stories": 0.5517241358757019,
            "bigbench_strategy_qa": 0.4984709620475769,
            "lambada_openai": 0.4240248501300812,
            "hellaswag": 0.3752240538597107,
            "winograd": 0.6593406796455383,
            "winogrande": 0.5051302313804626,
            "bigbench_conlang_translation": 0.012195121496915817,
            "bigbench_language_identification": 0.24889999628067017,
            "bigbench_conceptual_combinations": 0.2330097109079361,
            "bigbench_elementary_math_qa": 0.24792976677417755,
            "bigbench_dyck_languages": 0.18799999356269836,
            "agi_eval_lsat_ar": 0.22608695924282074,
            "bigbench_cs_algorithms": 0.35606059432029724,
            "bigbench_logical_deduction": 0.2653333246707916,
            "bigbench_operators": 0.16190476715564728,
            "bigbench_repeat_copy_logic": 0.03125,
            "simple_arithmetic_nospaces": 0.0,
            "simple_arithmetic_withspaces": 0.0020000000949949026,
            "math_qa": 0.2507542669773102,
            "logi_qa": 0.2150537669658661,
            "pubmed_qa_labeled": 0.503000020980835,
            "squad": 0.11825922131538391,
            "agi_eval_lsat_rc": 0.2537313401699066,
            "agi_eval_lsat_lr": 0.26274511218070984,
            "coqa": 0.15633220970630646,
            "bigbench_understanding_fables": 0.30158731341362,
            "boolq": 0.5201835036277771,
            "agi_eval_sat_en": 0.25242719054222107,
            "winogender_mc_female": 0.5166666507720947,
            "winogender_mc_male": 0.46666666865348816,
            "enterprise_pii_classification": 0.5119293332099915,
            "bbq": 0.4668775634332137,
            "gpqa_main": 0.234375,
            "gpqa_diamond": 0.21212121844291687,
            "gsm8k_cot": 0.004548900760710239,
            "agi_eval_sat_math_cot": 0.004545454401522875,
            "aqua_cot": 0.004081632476300001,
            "svamp_cot": 0.07000000029802322
        }
    },
    "aggregated_task_categories_centered": {
        "commonsense reasoning": 0.15823785555704883,
        "language understanding": 0.1565006402519924,
        "reading comprehension": 0.09884155285136219,
        "safety": -0.01892989196560599,
        "symbolic problem solving": 0.06565019518506955,
        "world knowledge": 0.08054341646597574
    },
    "aggregated_centered_results": 0.09477562101616234,
    "aggregated_results": 0.2960826358318736,
    "rw_small": 0.4595974584420522,
    "rw_small_centered": 0.07510224594707378,
    "95%_CI_above": 0.3560543541312701,
    "95%_CI_above_centered": 0.14136006372998772,
    "99%_CI_above": 0.35570043097047704,
    "99%_CI_above_centered": 0.16985031585404428,
    "low_variance_datasets": 0.33704911610958255,
    "low_variance_datasets_centered": 0.16151845199489104,
    "model_uuid": "90c533c5-fe6a-4965-8968-ecb43dcee364",
    "_filename": "exp_data/evals/evaluation_fasttext_openhermes_reddit_eli5_vs_rw_v2_bigram_200k_train_minhash.b15.r93_substr-d=1024_l=24_h=8-warm=2000-lr=0p003-wd=0p033-cd=3e-05-bs=512-mult=1-seed=124-tokens=8232325120_heavy.json",
    "missing tasks": "[]",
    "Core": 0.16151845199489104,
    "Extended": 0.09477562101616234
}