{
    "name": "/home/ubuntu/research/openlm/dcnlp/eval/heavy",
    "uuid": "6a32016f-e45c-404d-a5f4-ad6295063f3a",
    "model": "d=1024_l=24_h=8",
    "creation_date": "2024_04_28-08_33_52",
    "eval_metrics": {
        "perplexity": 2.8041843195756275,
        "downstream_perpexity": {
            "mmlu": 1.5390199320622955,
            "hellaswag": 2.6558137934798145,
            "jeopardy_all": 2.638284302906546,
            "triviaqa_sm_sub": 3.410614393353462,
            "gsm8k": 2.333499167885538,
            "agi_eval_sat_math": 1.869917483221401,
            "aqua": 2.7447591966512253,
            "svamp": 2.6963399028778077,
            "bigbench_qa_wikidata": 5.256789724820125,
            "arc_easy": 2.7988038234638446,
            "arc_challenge": 2.8984955769960385,
            "bigbench_misconceptions": 5.959820433838726,
            "copa": 2.830462467670441,
            "siqa": 1.5293341383963304,
            "commonsense_qa": 1.555295037110256,
            "piqa": 2.907631940110075,
            "openbook_qa": 4.432296818256378,
            "bigbench_novel_concepts": 3.0394163131713867,
            "bigbench_strange_stories": 3.6033928120273284,
            "bigbench_strategy_qa": 1.7068621767509864,
            "lambada_openai": 1.9299620702767313,
            "winograd_wsc": 2.775799262217986,
            "winogrande": 3.2724684564354107,
            "bigbench_conlang_translation": 2.402945933545508,
            "bigbench_language_identification": 2.1625474833993823,
            "bigbench_conceptual_combinations": 1.3912493384000166,
            "bigbench_elementary_math_qa": 2.776567786575863,
            "bigbench_dyck_languages": 4.767960895061493,
            "agi_eval_lsat_ar": 1.5533005636671315,
            "bigbench_cs_algorithms": 6.321562229142044,
            "bigbench_logical_deduction": 1.4023916138013204,
            "bigbench_operators": 5.563516210374378,
            "bigbench_repeat_copy_logic": 1.8569326102733612,
            "simple_arithmetic_nospaces": 6.978910529613495,
            "simple_arithmetic_withspaces": 5.90445046377182,
            "math_qa": 2.5411757129652566,
            "logi_qa": 1.5556375793597665,
            "pubmed_qa_labeled": 5.159672538280487,
            "squad": 2.3116232939113845,
            "agi_eval_lsat_rc": 1.5470064024427044,
            "agi_eval_lsat_lr": 1.5633456293274375,
            "coqa": 2.242374281820223,
            "bigbench_understanding_fables": 1.7972293316371857,
            "boolq": 2.4552577570308602,
            "agi_eval_sat_en": 1.6392989233859534,
            "winogender_mc_female": 1.8648616969585419,
            "winogender_mc_male": 1.9143540700276693,
            "enterprise_pii_classification": 4.695180650803758,
            "bbq": 0.45325159471081305,
            "human_eval_return_complex": 1.6938121703666027,
            "human_eval_return_simple": 2.9708296576061763,
            "human_eval-0.5": 1.6133714979741631,
            "human_eval-0.25": 1.6486613263444203,
            "human_eval-0.75": 1.6529460135029583,
            "human_eval": 1.7394247992736538,
            "processed_human_eval_cpp": 1.7906225853084778,
            "processed_human_eval_js": 1.6829030106707317
        },
        "icl": {
            "mmlu_zeroshot": 0.25322241270751283,
            "hellaswag_zeroshot": 0.37562239170074463,
            "jeopardy": 0.04221641477197409,
            "triviaqa_sm_sub": 0.0663333311676979,
            "gsm8k": 0.0022744503803551197,
            "agi_eval_sat_math": 0.004545454401522875,
            "aqua": 0.0,
            "bigbench_qa_wikidata": 0.41070812940597534,
            "arc_easy": 0.5180976390838623,
            "arc_challenge": 0.2508532404899597,
            "mmlu_fewshot": 0.24331639184240708,
            "bigbench_misconceptions": 0.5022830963134766,
            "copa": 0.6100000143051147,
            "siqa": 0.5066530108451843,
            "commonsense_qa": 0.30630630254745483,
            "piqa": 0.6779107451438904,
            "openbook_qa": 0.328000009059906,
            "bigbench_novel_concepts": 0.375,
            "bigbench_strange_stories": 0.5114942789077759,
            "bigbench_strategy_qa": 0.5041502714157104,
            "lambada_openai": 0.43431010842323303,
            "hellaswag": 0.3792073428630829,
            "winograd": 0.6483516693115234,
            "winogrande": 0.5019731521606445,
            "bigbench_conlang_translation": 0.018292682245373726,
            "bigbench_language_identification": 0.2531000077724457,
            "bigbench_conceptual_combinations": 0.28155338764190674,
            "bigbench_elementary_math_qa": 0.24101153016090393,
            "bigbench_dyck_languages": 0.1720000058412552,
            "agi_eval_lsat_ar": 0.2652173936367035,
            "bigbench_cs_algorithms": 0.415909081697464,
            "bigbench_logical_deduction": 0.2540000081062317,
            "bigbench_operators": 0.11428571492433548,
            "bigbench_repeat_copy_logic": 0.03125,
            "simple_arithmetic_nospaces": 0.0020000000949949026,
            "simple_arithmetic_withspaces": 0.003000000026077032,
            "math_qa": 0.2534361481666565,
            "logi_qa": 0.2534562349319458,
            "pubmed_qa_labeled": 0.5090000033378601,
            "squad": 0.12403027713298798,
            "agi_eval_lsat_rc": 0.2798507511615753,
            "agi_eval_lsat_lr": 0.24313725531101227,
            "coqa": 0.1483151763677597,
            "bigbench_understanding_fables": 0.25925925374031067,
            "boolq": 0.5819571614265442,
            "agi_eval_sat_en": 0.21359223127365112,
            "winogender_mc_female": 0.4333333373069763,
            "winogender_mc_male": 0.4333333373069763,
            "enterprise_pii_classification": 0.495728999376297,
            "bbq": 0.487846084616401,
            "gpqa_main": 0.2388392835855484,
            "gpqa_diamond": 0.21212121844291687,
            "gsm8k_cot": 0.0022744503803551197,
            "agi_eval_sat_math_cot": 0.004545454401522875,
            "aqua_cot": 0.004081632476300001,
            "svamp_cot": 0.05666666850447655
        }
    },
    "aggregated_task_categories_centered": {
        "commonsense reasoning": 0.16538660642576924,
        "language understanding": 0.16417805473596817,
        "reading comprehension": 0.10756226342269465,
        "safety": -0.07487912069667468,
        "symbolic problem solving": 0.07002877777072358,
        "world knowledge": 0.08124243161755434
    },
    "aggregated_centered_results": 0.09547839427594632,
    "aggregated_results": 0.29683839101628107,
    "rw_small": 0.47308393319447833,
    "rw_small_centered": 0.10832188247937208,
    "95%_CI_above": 0.3658306054148049,
    "95%_CI_above_centered": 0.15745611884343097,
    "99%_CI_above": 0.36266308578298145,
    "99%_CI_above_centered": 0.18202696190884124,
    "low_variance_datasets": 0.34498281718485735,
    "low_variance_datasets_centered": 0.1756586346884872,
    "model_uuid": "27881617-c7d0-4eec-ad35-1d9998d5ad58",
    "_filename": "exp_data/evals/evaluation_cc_v4_resiliparse_rw_v2_bff_minngram20_10shards_shard3_OH_eli5_vs_rw_v2_bigram_200k_train_0.1-d=1024_l=24_h=8-warm=2000-lr=0p003-wd=0p033-cd=3e-05-bs=512-mult=1-seed=124-tokens=8232325120_heavy.json",
    "missing tasks": "[]",
    "Core": 0.1756586346884872,
    "Extended": 0.09547839427594632
}