{
    "name": "/mnt/task_runtime/dcnlp/eval/heavy",
    "uuid": "d5a0a876-6a99-4514-805b-0208b7881d25",
    "model": "open_lm_1b",
    "creation_date": "2024_03_03-17_54_19",
    "eval_metrics": {
        "perplexity": 2.598953288793564,
        "downstream_perpexity": {
            "mmlu": 1.794532339901619,
            "hellaswag": 2.3907626862783307,
            "jeopardy_all": 2.101667125606852,
            "triviaqa_sm_sub": 2.318941624253988,
            "gsm8k": 2.0372291442749626,
            "agi_eval_sat_math": 1.8088577899065885,
            "aqua": 2.508714946921991,
            "svamp": 2.667708730697632,
            "bigbench_qa_wikidata": 3.7466418830790884,
            "arc_easy": 2.7448496276682075,
            "arc_challenge": 2.786923491558117,
            "bigbench_misconceptions": 6.05911998226218,
            "copa": 2.5392772686481475,
            "siqa": 1.5403459220972129,
            "commonsense_qa": 1.9030018623103673,
            "piqa": 2.707676102598811,
            "openbook_qa": 4.29904683637619,
            "bigbench_novel_concepts": 2.643911361694336,
            "bigbench_strange_stories": 3.4056518934238915,
            "bigbench_strategy_qa": 2.009771534583099,
            "lambada_openai": 1.4709298098689372,
            "winograd_wsc": 2.5359250868196455,
            "winogrande": 3.1013806304690776,
            "bigbench_conlang_translation": 2.0976527071580655,
            "bigbench_language_identification": 3.737054538574188,
            "bigbench_conceptual_combinations": 0.9331735957016065,
            "bigbench_elementary_math_qa": 3.494931786546417,
            "bigbench_dyck_languages": 5.32736376953125,
            "agi_eval_lsat_ar": 1.8678211191426153,
            "bigbench_cs_algorithms": 4.569588737415545,
            "bigbench_logical_deduction": 0.8763173140287399,
            "bigbench_operators": 5.303258709112803,
            "bigbench_repeat_copy_logic": 1.5387052595615387,
            "simple_arithmetic_nospaces": 6.874329383850098,
            "simple_arithmetic_withspaces": 10.311976623535156,
            "math_qa": 4.024789847745777,
            "logi_qa": 2.199955413235314,
            "pubmed_qa_labeled": 4.711640423774719,
            "squad": 2.1603336151185304,
            "agi_eval_lsat_rc": 1.6683686086490972,
            "agi_eval_lsat_lr": 1.7671451912206761,
            "coqa": 2.7170164155120853,
            "bigbench_understanding_fables": 3.314542569811382,
            "boolq": 3.1723116665440596,
            "agi_eval_sat_en": 1.694680793771466,
            "winogender_mc_female": 1.2669775774081549,
            "winogender_mc_male": 1.089157634973526,
            "enterprise_pii_classification": 3.1678213519797236,
            "bbq": 0.29295209861664095,
            "human_eval_return_complex": 2.9028251809398022,
            "human_eval_return_simple": 5.553769034308356,
            "human_eval-0.5": 2.864288723323403,
            "human_eval-0.25": 3.0033270077007574,
            "human_eval-0.75": 2.916221410036087,
            "human_eval": 3.1947177706695182,
            "processed_human_eval_cpp": 2.9681717001873515,
            "processed_human_eval_js": 2.825090954943401
        },
        "icl": {
            "mmlu_zeroshot": 0.23166574041048685,
            "hellaswag_zeroshot": 0.5433180928230286,
            "jeopardy": 0.18765889704227448,
            "triviaqa_sm_sub": 0.0006666666595265269,
            "gsm8k": 0.0,
            "agi_eval_sat_math": 0.004545454401522875,
            "aqua": 0.0,
            "bigbench_qa_wikidata": 0.5951478481292725,
            "arc_easy": 0.569865345954895,
            "arc_challenge": 0.29522183537483215,
            "bigbench_misconceptions": 0.4794520437717438,
            "copa": 0.7200000286102295,
            "siqa": 0.5061412453651428,
            "commonsense_qa": 0.2719082832336426,
            "piqa": 0.72633296251297,
            "openbook_qa": 0.328000009059906,
            "bigbench_novel_concepts": 0.375,
            "bigbench_strange_stories": 0.540229856967926,
            "bigbench_strategy_qa": 0.5037134289741516,
            "lambada_openai": 0.5536580681800842,
            "hellaswag": 0.5518820881843567,
            "winograd": 0.7472527623176575,
            "winogrande": 0.580110490322113,
            "bigbench_conlang_translation": 0.012195121496915817,
            "bigbench_language_identification": 0.2522999942302704,
            "bigbench_conceptual_combinations": 0.223300963640213,
            "bigbench_elementary_math_qa": 0.24276728928089142,
            "bigbench_dyck_languages": 0.1509999930858612,
            "agi_eval_lsat_ar": 0.24347825348377228,
            "bigbench_cs_algorithms": 0.4333333373069763,
            "bigbench_logical_deduction": 0.25333333015441895,
            "bigbench_operators": 0.17619048058986664,
            "bigbench_repeat_copy_logic": 0.0,
            "simple_arithmetic_nospaces": 0.0010000000474974513,
            "simple_arithmetic_withspaces": 0.003000000026077032,
            "math_qa": 0.2564532458782196,
            "logi_qa": 0.2626728117465973,
            "pubmed_qa_labeled": 0.4779999852180481,
            "squad": 0.3390728533267975,
            "agi_eval_lsat_rc": 0.23507462441921234,
            "agi_eval_lsat_lr": 0.26274511218070984,
            "coqa": 0.26305899024009705,
            "bigbench_understanding_fables": 0.28042328357696533,
            "boolq": 0.6269113421440125,
            "agi_eval_sat_en": 0.276699036359787,
            "winogender_mc_female": 0.46666666865348816,
            "winogender_mc_male": 0.550000011920929,
            "enterprise_pii_classification": 0.49926361441612244,
            "bbq": 0.4522970508445393,
            "mmlu_fewshot": 0.2520744089494672,
            "gsm8k_cot": 0.015163002535700798,
            "agi_eval_sat_math_cot": 0.00909090880304575,
            "aqua_cot": 0.016326529905200005,
            "svamp_cot": 0.06666667014360428,
            "gpqa_main": 0.2209821492433548,
            "gpqa_diamond": 0.21717171370983124
        }
    },
    "aggregated_task_categories_centered": {
        "commonsense reasoning": 0.20659624965771145,
        "language understanding": 0.2695036199475599,
        "reading comprehension": 0.16959025770458475,
        "safety": -0.015886327082460572,
        "symbolic problem solving": 0.07378492178384759,
        "world knowledge": 0.11250190908983841
    },
    "aggregated_centered_results": 0.1383729929774548,
    "aggregated_results": 0.3272818579519383,
    "rw_small": 0.5559045225381851,
    "rw_small_centered": 0.24938041320321158,
    "95%_CI_above": 0.41777320774151133,
    "95%_CI_above_centered": 0.22696354446533654,
    "99%_CI_above": 0.42959415485029634,
    "99%_CI_above_centered": 0.272601923683529,
    "low_variance_datasets": 0.4161682707342234,
    "low_variance_datasets_centered": 0.27139839859536424,
    "model_uuid": "2895723a-fd72-4cf6-8ea4-1c8c6b69b484",
    "_filename": "exp_data/evals/evaluation_rw_v2_semdedup_0.75-open_lm_1b-warm=5000-lr=0p003-wd=0p033-cd=3e-05-bs=256-mult=1-seed=124-tokens=28795904000_heavy.json",
    "missing tasks": "[]",
    "Core": 0.27139839859536424,
    "Extended": 0.1383729929774548
}