{
    "name": "heavy",
    "uuid": "bbf37615-d872-45e2-bc03-30befa291db4",
    "model": "m-a-p/neo_7b",
    "creation_date": "2024_06_03-20_50_02",
    "eval_metrics": {
        "icl": {
            "mmlu_zeroshot": 0.4939521619102411,
            "hellaswag_zeroshot": 0.7151961922645569,
            "jeopardy": 0.4715523302555084,
            "bigbench_qa_wikidata": 0.6986860632896423,
            "arc_easy": 0.7643097639083862,
            "arc_challenge": 0.511945366859436,
            "mmlu_fewshot": 0.5706548319573987,
            "bigbench_misconceptions": 0.5662100315093994,
            "copa": 0.7699999809265137,
            "siqa": 0.8428863883018494,
            "commonsense_qa": 0.8558558821678162,
            "piqa": 0.7791077494621277,
            "openbook_qa": 0.39800000190734863,
            "bigbench_novel_concepts": 0.5625,
            "bigbench_strange_stories": 0.6781609058380127,
            "bigbench_strategy_qa": 0.6574923396110535,
            "lambada_openai": 0.6477779746055603,
            "hellaswag": 0.7253535389900208,
            "winograd": 0.7362637519836426,
            "winogrande": 0.6629834175109863,
            "bigbench_conlang_translation": 0.10975609719753265,
            "bigbench_language_identification": 0.3984000086784363,
            "bigbench_conceptual_combinations": 0.6116504669189453,
            "bigbench_elementary_math_qa": 0.34449684619903564,
            "bigbench_dyck_languages": 0.49399998784065247,
            "agi_eval_lsat_ar": 0.30434781312942505,
            "bigbench_cs_algorithms": 0.5727272629737854,
            "bigbench_logical_deduction": 0.28866666555404663,
            "bigbench_operators": 0.5523809790611267,
            "bigbench_repeat_copy_logic": 0.21875,
            "simple_arithmetic_nospaces": 0.3449999988079071,
            "simple_arithmetic_withspaces": 0.35899999737739563,
            "math_qa": 0.3348977565765381,
            "logi_qa": 0.37019968032836914,
            "pubmed_qa_labeled": 0.6869999766349792,
            "squad": 0.6852412223815918,
            "agi_eval_lsat_rc": 0.6007462739944458,
            "agi_eval_lsat_lr": 0.46078431606292725,
            "coqa": 0.45183515548706055,
            "bigbench_understanding_fables": 0.5449735522270203,
            "boolq": 0.8412843942642212,
            "agi_eval_sat_en": 0.6941747665405273,
            "winogender_mc_female": 0.6499999761581421,
            "winogender_mc_male": 0.699999988079071,
            "enterprise_pii_classification": 0.7189985513687134,
            "bbq": 0.6122629750858654,
            "gpqa_main": 0.2589285671710968,
            "gpqa_diamond": 0.2525252401828766,
            "gsm8k_cot": 0.4389689266681671,
            "agi_eval_sat_math_cot": 0.16363635659217834,
            "aqua_cot": 0.1469387710094452,
            "svamp_cot": 0.5199999809265137,
            "triviaqa_sm_sub": 0.49933332204818726
        }
    },
    "aggregated_task_categories_centered": {
        "commonsense reasoning": 0.5005309373793797,
        "language understanding": 0.4538086460774193,
        "reading comprehension": 0.5320958634675071,
        "safety": 0.34063074534589594,
        "symbolic problem solving": 0.3026115632764825,
        "world knowledge": 0.3605079687931384
    },
    "aggregated_centered_results": 0.4037407489406917,
    "aggregated_results": 0.5347319725808628,
    "rw_small": 0.7109531859556834,
    "rw_small_centered": 0.5172604301519561,
    "95%_CI_above": 0.6099179578291906,
    "95%_CI_above_centered": 0.48020508574073856,
    "99%_CI_above": 0.620156406837961,
    "99%_CI_above_centered": 0.5145063614226951,
    "low_variance_datasets": 0.6025454017249021,
    "low_variance_datasets_centered": 0.5021283209217525,
    "_filename": "exp_data/evals/evaluation_map_neo_7b_heavy.json",
    "missing tasks": "[]",
    "Core": 0.5021283209217525,
    "Extended": 0.4037407489406917
}