{
    "name": "/mnt/task_runtime/dcnlp/eval/heavy",
    "uuid": "db28d98e-67d4-4e7a-a548-d29484c0f2e4",
    "model": "open_lm_7b_swiglutorch",
    "creation_date": "2024_06_03-16_05_29",
    "eval_metrics": {
        "icl": {
            "mmlu_zeroshot": 0.2699267485162668,
            "hellaswag_zeroshot": 0.724158525466919,
            "jeopardy": 0.4533386409282684,
            "triviaqa_sm_sub": 0.4480000138282776,
            "gsm8k_cot": 0.021986354142427444,
            "agi_eval_sat_math_cot": 0.036363635212183,
            "aqua_cot": 0.02448979578912258,
            "bigbench_qa_wikidata": 0.7029673457145691,
            "arc_easy": 0.7377946376800537,
            "arc_challenge": 0.4581911265850067,
            "mmlu_fewshot": 0.28314723963277383,
            "bigbench_misconceptions": 0.4794520437717438,
            "copa": 0.800000011920929,
            "siqa": 0.5133060216903687,
            "commonsense_qa": 0.20311219990253448,
            "piqa": 0.7867246866226196,
            "openbook_qa": 0.4259999990463257,
            "bigbench_novel_concepts": 0.65625,
            "bigbench_strange_stories": 0.6321839094161987,
            "bigbench_strategy_qa": 0.554390549659729,
            "lambada_openai": 0.7067727446556091,
            "hellaswag": 0.7360087633132935,
            "winograd": 0.8534798622131348,
            "winogrande": 0.6669297814369202,
            "bigbench_conlang_translation": 0.024390242993831635,
            "bigbench_language_identification": 0.25099998712539673,
            "bigbench_conceptual_combinations": 0.33980581164360046,
            "bigbench_elementary_math_qa": 0.2563154995441437,
            "bigbench_dyck_languages": 0.20000000298023224,
            "agi_eval_lsat_ar": 0.33043476939201355,
            "bigbench_cs_algorithms": 0.4439393877983093,
            "bigbench_logical_deduction": 0.24133333563804626,
            "bigbench_operators": 0.22857142984867096,
            "bigbench_repeat_copy_logic": 0.03125,
            "simple_arithmetic_nospaces": 0.029999999329447746,
            "simple_arithmetic_withspaces": 0.02800000086426735,
            "math_qa": 0.25175997614860535,
            "logi_qa": 0.24423962831497192,
            "pubmed_qa_labeled": 0.2840000092983246,
            "squad": 0.5030274391174316,
            "agi_eval_lsat_rc": 0.26865673065185547,
            "agi_eval_lsat_lr": 0.272549033164978,
            "coqa": 0.39734435081481934,
            "bigbench_understanding_fables": 0.25925925374031067,
            "boolq": 0.6730886697769165,
            "agi_eval_sat_en": 0.3009708821773529,
            "winogender_mc_female": 0.5333333611488342,
            "winogender_mc_male": 0.5333333611488342,
            "enterprise_pii_classification": 0.5089837908744812,
            "bbq": 0.4603570049459284,
            "gpqa_main": 0.2455357164144516,
            "gpqa_diamond": 0.25757575035095215,
            "svamp_cot": 0.12333333492279053
        }
    },
    "aggregated_task_categories_centered": {
        "commonsense reasoning": 0.3282239501390593,
        "language understanding": 0.41849549955558296,
        "reading comprehension": 0.20532765914277548,
        "safety": 0.01800375905903903,
        "symbolic problem solving": 0.09883001576003418,
        "world knowledge": 0.2566105046920609
    },
    "aggregated_centered_results": 0.22145183377842678,
    "aggregated_results": 0.3905162905153788,
    "rw_small": 0.6766937921444575,
    "rw_small_centered": 0.438959833125622,
    "95%_CI_above": 0.5039700417839862,
    "95%_CI_above_centered": 0.34347212863477783,
    "99%_CI_above": 0.5154833989298863,
    "99%_CI_above_centered": 0.38838952568528035,
    "low_variance_datasets": 0.514278834651817,
    "low_variance_datasets_centered": 0.40031859487776617,
    "model_uuid": "a2f369ee-f1db-4279-a91f-6c5200a066e3",
    "_filename": "exp_data/evals/evaluation_rw_v2_cc_v3_f0.15_resiliparase_fasttext_openhermes_reddit_eli5_vs_rw_v2_unigram_200k_train_0.1-open_lm_7b_swiglutorch-warm=5000-lr=0p0003-wd=0p33-cd=3e-05-bs=2048-mult=1-seed=124-tokens=137788211200_heavy.json",
    "missing tasks": "[]",
    "Core": 0.40031859487776617,
    "Extended": 0.22145183377842678
}