{
    "name": "/home/ubuntu/research/openlm/dcnlp/eval/heavy",
    "uuid": "6f26a3b7-3016-4863-a93b-95aefc6d6ec1",
    "model": "d=1024_l=24_h=8",
    "creation_date": "2024_04_28-11_10_48",
    "eval_metrics": {
        "perplexity": 2.8096909205118816,
        "downstream_perpexity": {
            "mmlu": 1.6169331145072625,
            "hellaswag": 2.6630513331634167,
            "jeopardy_all": 2.644184217173703,
            "triviaqa_sm_sub": 3.4209511437018714,
            "gsm8k": 2.354220731950692,
            "agi_eval_sat_math": 1.8712081762877377,
            "aqua": 2.7582710528860286,
            "svamp": 2.824273689587911,
            "bigbench_qa_wikidata": 5.195358598638805,
            "arc_easy": 2.8177749626965634,
            "arc_challenge": 2.9419064166806255,
            "bigbench_misconceptions": 5.640460299574621,
            "copa": 2.8277157163619995,
            "siqa": 1.5592399268823856,
            "commonsense_qa": 1.4995902538494825,
            "piqa": 2.901048310692863,
            "openbook_qa": 4.53951427268982,
            "bigbench_novel_concepts": 3.1174430400133133,
            "bigbench_strange_stories": 3.3616565657758164,
            "bigbench_strategy_qa": 1.8342357237508797,
            "lambada_openai": 1.931205788110729,
            "winograd_wsc": 2.770917080697559,
            "winogrande": 3.2827995273195674,
            "bigbench_conlang_translation": 2.3724419656323223,
            "bigbench_language_identification": 2.036699171709189,
            "bigbench_conceptual_combinations": 1.5997968993140657,
            "bigbench_elementary_math_qa": 3.7415782993757,
            "bigbench_dyck_languages": 5.01832944726944,
            "agi_eval_lsat_ar": 1.6744363681129788,
            "bigbench_cs_algorithms": 5.595924424041401,
            "bigbench_logical_deduction": 1.6229386794567109,
            "bigbench_operators": 6.229876007352557,
            "bigbench_repeat_copy_logic": 1.965187955647707,
            "simple_arithmetic_nospaces": 7.082056801319123,
            "simple_arithmetic_withspaces": 6.095559588909149,
            "math_qa": 2.230891549383439,
            "logi_qa": 1.662886638795176,
            "pubmed_qa_labeled": 2.490658093690872,
            "squad": 2.212236019531961,
            "agi_eval_lsat_rc": 1.7295888826918246,
            "agi_eval_lsat_lr": 1.6239691425772274,
            "coqa": 2.097936933043307,
            "bigbench_understanding_fables": 1.7654672911558202,
            "boolq": 3.133063874259272,
            "agi_eval_sat_en": 1.770538027425414,
            "winogender_mc_female": 1.64942409992218,
            "winogender_mc_male": 1.759807393948237,
            "enterprise_pii_classification": 3.047292584417846,
            "bbq": 0.4365667902987372,
            "human_eval_return_complex": 1.6854458305779405,
            "human_eval_return_simple": 3.120382273519361,
            "human_eval-0.5": 1.6177799556313492,
            "human_eval-0.25": 1.6527063163315379,
            "human_eval-0.75": 1.6469479664796736,
            "human_eval": 1.7481375801854018,
            "processed_human_eval_cpp": 1.774551492300093,
            "processed_human_eval_js": 1.6890091147364639
        },
        "icl": {
            "mmlu_zeroshot": 0.2501719383555546,
            "hellaswag_zeroshot": 0.3717387020587921,
            "jeopardy": 0.04031806346029043,
            "triviaqa_sm_sub": 0.0663333311676979,
            "gsm8k": 0.0037907506339251995,
            "agi_eval_sat_math": 0.004545454401522875,
            "aqua": 0.0,
            "bigbench_qa_wikidata": 0.41897544264793396,
            "arc_easy": 0.506313145160675,
            "arc_challenge": 0.2619453966617584,
            "mmlu_fewshot": 0.250323417678214,
            "bigbench_misconceptions": 0.47031962871551514,
            "copa": 0.6200000047683716,
            "siqa": 0.502047061920166,
            "commonsense_qa": 0.29565930366516113,
            "piqa": 0.681175172328949,
            "openbook_qa": 0.3059999942779541,
            "bigbench_novel_concepts": 0.4375,
            "bigbench_strange_stories": 0.5,
            "bigbench_strategy_qa": 0.5185670852661133,
            "lambada_openai": 0.4271298348903656,
            "hellaswag": 0.37203744053840637,
            "winograd": 0.6446886658668518,
            "winogrande": 0.5090765357017517,
            "bigbench_conlang_translation": 0.018292682245373726,
            "bigbench_language_identification": 0.25529998540878296,
            "bigbench_conceptual_combinations": 0.25242719054222107,
            "bigbench_elementary_math_qa": 0.2556079626083374,
            "bigbench_dyck_languages": 0.20600000023841858,
            "agi_eval_lsat_ar": 0.2652173936367035,
            "bigbench_cs_algorithms": 0.4371212124824524,
            "bigbench_logical_deduction": 0.2613333463668823,
            "bigbench_operators": 0.13333334028720856,
            "bigbench_repeat_copy_logic": 0.03125,
            "simple_arithmetic_nospaces": 0.003000000026077032,
            "simple_arithmetic_withspaces": 0.0010000000474974513,
            "math_qa": 0.24840764701366425,
            "logi_qa": 0.26728111505508423,
            "pubmed_qa_labeled": 0.5410000085830688,
            "squad": 0.14153264462947845,
            "agi_eval_lsat_rc": 0.24626865983009338,
            "agi_eval_lsat_lr": 0.24901960790157318,
            "coqa": 0.1580859273672104,
            "bigbench_understanding_fables": 0.27513226866722107,
            "boolq": 0.4926605522632599,
            "agi_eval_sat_en": 0.2572815418243408,
            "winogender_mc_female": 0.5833333134651184,
            "winogender_mc_male": 0.4833333194255829,
            "enterprise_pii_classification": 0.5007363557815552,
            "bbq": 0.5311406227675352,
            "gpqa_main": 0.2321428507566452,
            "gpqa_diamond": 0.2373737394809723,
            "gsm8k_cot": 0.0037907506339251995,
            "agi_eval_sat_math_cot": 0.004545454401522875,
            "aqua_cot": 0.004081632476300001,
            "svamp_cot": 0.0533333346247673
        }
    },
    "aggregated_task_categories_centered": {
        "commonsense reasoning": 0.173005523036296,
        "language understanding": 0.1577465112351303,
        "reading comprehension": 0.09103114545966187,
        "safety": 0.04927180571989581,
        "symbolic problem solving": 0.07746261082170743,
        "world knowledge": 0.07839600788320453
    },
    "aggregated_centered_results": 0.10409909248841406,
    "aggregated_results": 0.30340914388621504,
    "rw_small": 0.4602890561024348,
    "rw_small_centered": 0.07384093271361457,
    "95%_CI_above": 0.3703182553902704,
    "95%_CI_above_centered": 0.15947406239539358,
    "99%_CI_above": 0.36356500596941815,
    "99%_CI_above_centered": 0.1769335468205205,
    "low_variance_datasets": 0.3443435799245807,
    "low_variance_datasets_centered": 0.16853395070369678,
    "model_uuid": "3e3fd626-5207-4f28-9ac6-34921e6b116c",
    "_filename": "exp_data/evals/evaluation_cc_v4_resiliparse_rw_v2_bff_minngram20_32shards_shard3_OH_eli5_vs_rw_v2_bigram_200k_train_0.1-d=1024_l=24_h=8-warm=2000-lr=0p003-wd=0p033-cd=3e-05-bs=512-mult=1-seed=124-tokens=8232325120_heavy.json",
    "missing tasks": "[]",
    "Core": 0.16853395070369678,
    "Extended": 0.10409909248841406
}