{
    "name": "/mnt/task_runtime/dcnlp/eval/heavy",
    "uuid": "6fa65330-53c4-4cfa-86f2-5a893e42c873",
    "model": "open_lm_1b_swiglutorch",
    "creation_date": "2024_06_04-02_39_19",
    "eval_metrics": {
        "icl": {
            "mmlu_zeroshot": 0.2609938351731551,
            "hellaswag_zeroshot": 0.555267870426178,
            "jeopardy": 0.27509607672691344,
            "triviaqa_sm_sub": 0.2280000001192093,
            "gsm8k_cot": 0.009097801521420479,
            "agi_eval_sat_math_cot": 0.004545454401522875,
            "aqua_cot": 0.01224489789456129,
            "bigbench_qa_wikidata": 0.6143398284912109,
            "arc_easy": 0.7079124450683594,
            "arc_challenge": 0.394197940826416,
            "mmlu_fewshot": 0.26344268128537296,
            "bigbench_misconceptions": 0.5022830963134766,
            "copa": 0.699999988079071,
            "siqa": 0.5056294798851013,
            "commonsense_qa": 0.2063882052898407,
            "piqa": 0.7295973896980286,
            "openbook_qa": 0.4300000071525574,
            "bigbench_novel_concepts": 0.375,
            "bigbench_strange_stories": 0.5344827771186829,
            "bigbench_strategy_qa": 0.530362606048584,
            "lambada_openai": 0.46535998582839966,
            "hellaswag": 0.5563632845878601,
            "winograd": 0.7362637519836426,
            "winogrande": 0.5659037232398987,
            "bigbench_conlang_translation": 0.03658536449074745,
            "bigbench_language_identification": 0.2558000087738037,
            "bigbench_conceptual_combinations": 0.19417475163936615,
            "bigbench_elementary_math_qa": 0.2331760972738266,
            "bigbench_dyck_languages": 0.15399999916553497,
            "agi_eval_lsat_ar": 0.20000000298023224,
            "bigbench_cs_algorithms": 0.3590908944606781,
            "bigbench_logical_deduction": 0.26600000262260437,
            "bigbench_operators": 0.190476194024086,
            "bigbench_repeat_copy_logic": 0.0,
            "simple_arithmetic_nospaces": 0.007000000216066837,
            "simple_arithmetic_withspaces": 0.010999999940395355,
            "math_qa": 0.2567884624004364,
            "logi_qa": 0.29032257199287415,
            "pubmed_qa_labeled": 0.5149999856948853,
            "squad": 0.3681173026561737,
            "agi_eval_lsat_rc": 0.25746268033981323,
            "agi_eval_lsat_lr": 0.24117647111415863,
            "coqa": 0.28022047877311707,
            "bigbench_understanding_fables": 0.24867725372314453,
            "boolq": 0.48256880044937134,
            "agi_eval_sat_en": 0.2330097109079361,
            "winogender_mc_female": 0.4333333373069763,
            "winogender_mc_male": 0.46666666865348816,
            "enterprise_pii_classification": 0.4438880681991577,
            "bbq": 0.46892269633033057,
            "gpqa_main": 0.2075892835855484,
            "gpqa_diamond": 0.1666666716337204,
            "svamp_cot": 0.06666667014360428
        }
    },
    "aggregated_task_categories_centered": {
        "commonsense reasoning": 0.21430445005740228,
        "language understanding": 0.2535816228044874,
        "reading comprehension": 0.12039606291964128,
        "safety": -0.09359461475502362,
        "symbolic problem solving": 0.06912778387203404,
        "world knowledge": 0.1789739241394383
    },
    "aggregated_centered_results": 0.1350666910699443,
    "aggregated_results": 0.3301349727670102,
    "rw_small": 0.5676417946815491,
    "rw_small_centered": 0.22999734104725353,
    "95%_CI_above": 0.42102981606474177,
    "95%_CI_above_centered": 0.2231563907565801,
    "99%_CI_above": 0.43174140103485276,
    "99%_CI_above_centered": 0.26424577657352144,
    "low_variance_datasets": 0.4194074626673352,
    "low_variance_datasets_centered": 0.2661897672074056,
    "model_uuid": "ffe09048-a076-4a8e-a27f-0005306cf146",
    "_filename": "exp_data/evals/evaluation_fineweb_edu_sample_350BT-open_lm_1b_swiglutorch-warm=5000-lr=0p003-wd=0p033-cd=3e-05-bs=256-mult=1-seed=124-tokens=28795904000_heavy.json",
    "missing tasks": "[]",
    "Core": 0.2661897672074056,
    "Extended": 0.1350666910699443
}