{
    "name": "/mnt/task_runtime/dcnlp/eval/heavy",
    "uuid": "726c4110-ff03-4629-9147-934ec47fe163",
    "model": "open_lm_1b",
    "creation_date": "2024_02_18-17_07_11",
    "eval_metrics": {
        "perplexity": 2.533242787917455,
        "downstream_perpexity": {
            "mmlu": 1.6251263209870528,
            "hellaswag": 2.3498136461600203,
            "jeopardy_all": 1.3686247127386664,
            "triviaqa_sm_sub": 2.2808034617503483,
            "gsm8k": 1.8641447771490298,
            "agi_eval_sat_math": 1.5786615160378543,
            "aqua": 2.297220013579544,
            "svamp": 2.552319801648458,
            "bigbench_qa_wikidata": 3.2290060026698106,
            "arc_easy": 2.2659492255862714,
            "arc_challenge": 2.426584872827188,
            "bigbench_misconceptions": 4.403821383437065,
            "copa": 2.4370217323303223,
            "siqa": 1.3385526483598238,
            "commonsense_qa": 1.758722456530603,
            "piqa": 2.653154898130855,
            "openbook_qa": 4.104940714836121,
            "bigbench_novel_concepts": 2.522528313100338,
            "bigbench_strange_stories": 3.196014805086728,
            "bigbench_strategy_qa": 1.8453788516718312,
            "lambada_openai": 1.3169503366770199,
            "winograd_wsc": 2.4478141383810357,
            "winogrande": 3.065218512054118,
            "bigbench_conlang_translation": 1.9517877661600345,
            "bigbench_language_identification": 4.412464175922533,
            "bigbench_conceptual_combinations": 1.1016827376143445,
            "bigbench_elementary_math_qa": 4.368720866233673,
            "bigbench_dyck_languages": 4.601310142993927,
            "agi_eval_lsat_ar": 1.6830074439878049,
            "bigbench_cs_algorithms": 4.401852535478996,
            "bigbench_logical_deduction": 1.2131315627892811,
            "bigbench_operators": 4.931615086964198,
            "bigbench_repeat_copy_logic": 1.4172720909118652,
            "simple_arithmetic_nospaces": 6.998166738986969,
            "simple_arithmetic_withspaces": 6.551539298534394,
            "math_qa": 4.068568622190761,
            "logi_qa": 1.8503759061136553,
            "pubmed_qa_labeled": 5.878102424621582,
            "squad": 2.069276778102485,
            "agi_eval_lsat_rc": 1.6686289230389382,
            "agi_eval_lsat_lr": 1.7283958561280195,
            "coqa": 2.531733445396672,
            "bigbench_understanding_fables": 3.9196958819394387,
            "boolq": 3.1304116729567175,
            "agi_eval_sat_en": 1.6397677752578144,
            "winogender_mc_female": 1.2058218091726303,
            "winogender_mc_male": 0.9333762566248576,
            "enterprise_pii_classification": 5.188726878131085,
            "bbq": 0.26607333875263733,
            "human_eval_return_complex": 2.4552447514271174,
            "human_eval_return_simple": 5.734111760113691,
            "human_eval-0.5": 2.3457200926978414,
            "human_eval-0.25": 2.4502826681951198,
            "human_eval-0.75": 2.428033908692802,
            "human_eval": 2.5195501046936686,
            "processed_human_eval_cpp": 2.3973050043449637,
            "processed_human_eval_js": 2.394928786812759
        },
        "icl": {
            "mmlu_zeroshot": 0.24252695263477794,
            "hellaswag_zeroshot": 0.5671181082725525,
            "jeopardy": 0.30481619834899903,
            "triviaqa_sm_sub": 0.0010000000474974513,
            "gsm8k": 0.0,
            "agi_eval_sat_math": 0.004545454401522875,
            "aqua": 0.0,
            "bigbench_qa_wikidata": 0.6257073879241943,
            "arc_easy": 0.6540403962135315,
            "arc_challenge": 0.345563143491745,
            "bigbench_misconceptions": 0.47031962871551514,
            "copa": 0.7400000095367432,
            "siqa": 0.48259979486465454,
            "commonsense_qa": 0.25143325328826904,
            "piqa": 0.7334058880805969,
            "openbook_qa": 0.38600000739097595,
            "bigbench_novel_concepts": 0.53125,
            "bigbench_strange_stories": 0.5344827771186829,
            "bigbench_strategy_qa": 0.527304470539093,
            "lambada_openai": 0.5959635376930237,
            "hellaswag": 0.5680143237113953,
            "winograd": 0.7728937864303589,
            "winogrande": 0.5872138738632202,
            "bigbench_conlang_translation": 0.018292682245373726,
            "bigbench_language_identification": 0.24959999322891235,
            "bigbench_conceptual_combinations": 0.21359223127365112,
            "bigbench_elementary_math_qa": 0.23763102293014526,
            "bigbench_dyck_languages": 0.18799999356269836,
            "agi_eval_lsat_ar": 0.25652173161506653,
            "bigbench_cs_algorithms": 0.4537878930568695,
            "bigbench_logical_deduction": 0.2566666603088379,
            "bigbench_operators": 0.20476190745830536,
            "bigbench_repeat_copy_logic": 0.0625,
            "simple_arithmetic_nospaces": 0.0010000000474974513,
            "simple_arithmetic_withspaces": 0.003000000026077032,
            "math_qa": 0.2504190504550934,
            "logi_qa": 0.23655913770198822,
            "pubmed_qa_labeled": 0.48399999737739563,
            "squad": 0.39508041739463806,
            "agi_eval_lsat_rc": 0.24253731966018677,
            "agi_eval_lsat_lr": 0.25294119119644165,
            "coqa": 0.3025178611278534,
            "bigbench_understanding_fables": 0.20105819404125214,
            "boolq": 0.6226299405097961,
            "agi_eval_sat_en": 0.23786407709121704,
            "winogender_mc_female": 0.4000000059604645,
            "winogender_mc_male": 0.6666666865348816,
            "enterprise_pii_classification": 0.4371134042739868,
            "bbq": 0.501359988342632,
            "mmlu_fewshot": 0.24634675577021484,
            "gsm8k_cot": 0.006823351141065359,
            "agi_eval_sat_math_cot": 0.0181818176060915,
            "aqua_cot": 0.004081632476300001,
            "svamp_cot": 0.0533333346247673,
            "gpqa_main": 0.2120535671710968,
            "gpqa_diamond": 0.19696970283985138
        }
    },
    "aggregated_task_categories_centered": {
        "commonsense reasoning": 0.24429515610890706,
        "language understanding": 0.28840606647894007,
        "reading comprehension": 0.16162610281945058,
        "safety": 0.0025700425559824214,
        "symbolic problem solving": 0.08008057408185769,
        "world knowledge": 0.1402163534580011
    },
    "aggregated_centered_results": 0.15411831923189032,
    "aggregated_results": 0.3402933035323863,
    "rw_small": 0.5860942453145981,
    "95%_CI_above": 0.4481838888742707,
    "99%_CI_above": 0.45822100263574844,
    "model_uuid": "71a62540-2730-4d6e-9153-7763515ee414",
    "low_variance_datasets": 0.4485258932818066,
    "_filename": "exp_data/evals/evaluation_rw_v2_fasttext_openhermes_vs_rw_v2_1M_4gram_0.1-open_lm_1b-warm=5000-lr=0p003-wd=0p033-cd=3e-05-bs=256-mult=1-seed=124-tokens=28795904000_heavy.json",
    "missing tasks": "[]",
    "rw_small_centered": 0.2917184766970183,
    "95%_CI_above_centered": 0.26327166821482334,
    "99%_CI_above_centered": 0.30411166888239,
    "low_variance_datasets_centered": 0.30958268266661065,
    "Core": 0.30958268266661065,
    "Extended": 0.15411831923189032
}