{
    "name": "/mnt/task_runtime/dcnlp/eval/heavy",
    "uuid": "42e44ebc-bd62-4856-8d2d-a0c62ef17339",
    "model": "open_lm_1b",
    "creation_date": "2024_02_19-22_06_29",
    "eval_metrics": {
        "perplexity": 2.5795983095963795,
        "downstream_perpexity": {
            "mmlu": 1.5721389677106545,
            "hellaswag": 2.341629642482014,
            "jeopardy_all": 1.4388781124879912,
            "triviaqa_sm_sub": 2.230882943411668,
            "gsm8k": 1.7630943736856501,
            "agi_eval_sat_math": 1.5160169850696217,
            "aqua": 2.2337294330402298,
            "svamp": 2.526359446843465,
            "bigbench_qa_wikidata": 3.2636481794595986,
            "arc_easy": 2.1838683799059706,
            "arc_challenge": 2.380106938932943,
            "bigbench_misconceptions": 4.337499232052668,
            "copa": 2.468104159832001,
            "siqa": 1.3277356783223615,
            "commonsense_qa": 1.635247448836068,
            "piqa": 2.6537779109132953,
            "openbook_qa": 4.103002191543579,
            "bigbench_novel_concepts": 2.5450822934508324,
            "bigbench_strange_stories": 3.4406964333578087,
            "bigbench_strategy_qa": 1.8540134499196976,
            "lambada_openai": 1.3580914249254383,
            "winograd_wsc": 2.479666687411703,
            "winogrande": 3.073933194167236,
            "bigbench_conlang_translation": 1.828023166918173,
            "bigbench_language_identification": 2.6517015999616396,
            "bigbench_conceptual_combinations": 0.9416644179705277,
            "bigbench_elementary_math_qa": 3.8360348249693836,
            "bigbench_dyck_languages": 3.7166440420150755,
            "agi_eval_lsat_ar": 1.6664326869923136,
            "bigbench_cs_algorithms": 5.1918776634967685,
            "bigbench_logical_deduction": 1.0354820414384207,
            "bigbench_operators": 4.617685781206403,
            "bigbench_repeat_copy_logic": 1.357882121577859,
            "simple_arithmetic_nospaces": 6.644328372478485,
            "simple_arithmetic_withspaces": 6.34190496969223,
            "math_qa": 2.584703540386388,
            "logi_qa": 1.7089948569940898,
            "pubmed_qa_labeled": 5.1318587632179264,
            "squad": 2.1649235847995545,
            "agi_eval_lsat_rc": 1.5709776473579122,
            "agi_eval_lsat_lr": 1.6394532741284837,
            "coqa": 2.8685134562217964,
            "bigbench_understanding_fables": 2.7091004772791787,
            "boolq": 2.684811743173395,
            "agi_eval_sat_en": 1.6014054110906657,
            "winogender_mc_female": 1.257312509417534,
            "winogender_mc_male": 1.2968729118506113,
            "enterprise_pii_classification": 4.156673865114642,
            "bbq": 0.2985255256448567,
            "human_eval_return_complex": 2.6833884190386676,
            "human_eval_return_simple": 6.455283770690093,
            "human_eval-0.5": 2.6491594750706744,
            "human_eval-0.25": 2.790155761125611,
            "human_eval-0.75": 2.6951673844965494,
            "human_eval": 2.985906347995851,
            "processed_human_eval_cpp": 2.8814855021719605,
            "processed_human_eval_js": 2.321649664785804
        },
        "icl": {
            "mmlu_zeroshot": 0.25205603686341066,
            "hellaswag_zeroshot": 0.5732921957969666,
            "jeopardy": 0.31557082533836367,
            "triviaqa_sm_sub": 0.00033333332976326346,
            "gsm8k": 0.0,
            "agi_eval_sat_math": 0.00909090880304575,
            "aqua": 0.0,
            "bigbench_qa_wikidata": 0.6236897706985474,
            "arc_easy": 0.6742424368858337,
            "arc_challenge": 0.37030717730522156,
            "bigbench_misconceptions": 0.4429223835468292,
            "copa": 0.7400000095367432,
            "siqa": 0.5117707252502441,
            "commonsense_qa": 0.24488124251365662,
            "piqa": 0.7410228252410889,
            "openbook_qa": 0.3779999911785126,
            "bigbench_novel_concepts": 0.5625,
            "bigbench_strange_stories": 0.49425286054611206,
            "bigbench_strategy_qa": 0.5255570411682129,
            "lambada_openai": 0.5769454836845398,
            "hellaswag": 0.5745867490768433,
            "winograd": 0.7252747416496277,
            "winogrande": 0.5682715177536011,
            "bigbench_conlang_translation": 0.030487805604934692,
            "bigbench_language_identification": 0.2524000108242035,
            "bigbench_conceptual_combinations": 0.18446601927280426,
            "bigbench_elementary_math_qa": 0.2435796707868576,
            "bigbench_dyck_languages": 0.2070000022649765,
            "agi_eval_lsat_ar": 0.24347825348377228,
            "bigbench_cs_algorithms": 0.4522727131843567,
            "bigbench_logical_deduction": 0.23600000143051147,
            "bigbench_operators": 0.18571428954601288,
            "bigbench_repeat_copy_logic": 0.0625,
            "simple_arithmetic_nospaces": 0.004000000189989805,
            "simple_arithmetic_withspaces": 0.004000000189989805,
            "math_qa": 0.24941334128379822,
            "logi_qa": 0.28264209628105164,
            "pubmed_qa_labeled": 0.49300000071525574,
            "squad": 0.383159875869751,
            "agi_eval_lsat_rc": 0.2798507511615753,
            "agi_eval_lsat_lr": 0.272549033164978,
            "coqa": 0.3141676187515259,
            "bigbench_understanding_fables": 0.23280423879623413,
            "boolq": 0.6272171139717102,
            "agi_eval_sat_en": 0.2864077687263489,
            "winogender_mc_female": 0.5,
            "winogender_mc_male": 0.38333332538604736,
            "enterprise_pii_classification": 0.5175257921218872,
            "bbq": 0.48994449051943695,
            "mmlu_fewshot": 0.24691130508456316,
            "gsm8k_cot": 0.01440485194325447,
            "agi_eval_sat_math_cot": 0.00909090880304575,
            "aqua_cot": 0.01224489789456129,
            "svamp_cot": 0.06666667014360428,
            "gpqa_main": 0.2254464328289032,
            "gpqa_diamond": 0.21717171370983124
        }
    },
    "aggregated_task_categories_centered": {
        "commonsense reasoning": 0.243697594733502,
        "language understanding": 0.2685679409968512,
        "reading comprehension": 0.1861710776329825,
        "safety": -0.05459819598631424,
        "symbolic problem solving": 0.08338675720013303,
        "world knowledge": 0.14736188333640174
    },
    "aggregated_centered_results": 0.1527079304590083,
    "aggregated_results": 0.3416099687037715,
    "rw_small": 0.5922217418750128,
    "95%_CI_above": 0.4513296526360821,
    "99%_CI_above": 0.46052698376386064,
    "model_uuid": "6b6225ff-ba0a-44b1-b3fe-c28435b04fa7",
    "low_variance_datasets": 0.4469997656616298,
    "_filename": "exp_data/evals/evaluation_mix_cc95books05-open_lm_1b-warm=5000-lr=0p003-wd=0p033-cd=3e-05-bs=256-mult=1-seed=124-tokens=28795904000_heavy.json",
    "missing tasks": "[]",
    "rw_small_centered": 0.298776312181127,
    "95%_CI_above_centered": 0.2679389603816415,
    "99%_CI_above_centered": 0.30818363165953155,
    "low_variance_datasets_centered": 0.306260441404254,
    "Core": 0.306260441404254,
    "Extended": 0.1527079304590083
}