{
    "name": "/mnt/task_runtime/dcnlp/eval/heavy",
    "uuid": "597f32e8-21a1-43db-b06a-ac055167f92d",
    "model": "open_lm_7b_swiglutorch",
    "creation_date": "2024_06_06-15_29_15",
    "eval_metrics": {
        "icl": {
            "mmlu_zeroshot": 0.2814285174796456,
            "hellaswag_zeroshot": 0.6938856840133667,
            "jeopardy": 0.4501815319061279,
            "triviaqa_sm_sub": 0.38733333349227905,
            "gsm8k_cot": 0.02956785447895527,
            "agi_eval_sat_math_cot": 0.00909090880304575,
            "aqua_cot": 0.02448979578912258,
            "svamp_cot": 0.16333332657814026,
            "bigbench_qa_wikidata": 0.6603021621704102,
            "arc_easy": 0.7668350338935852,
            "arc_challenge": 0.5068259239196777,
            "mmlu_fewshot": 0.2629428124218656,
            "bigbench_misconceptions": 0.5525113940238953,
            "copa": 0.7900000214576721,
            "siqa": 0.5327533483505249,
            "commonsense_qa": 0.2325962334871292,
            "piqa": 0.7763873934745789,
            "openbook_qa": 0.43799999356269836,
            "bigbench_novel_concepts": 0.53125,
            "bigbench_strange_stories": 0.6149425506591797,
            "bigbench_strategy_qa": 0.5316731929779053,
            "lambada_openai": 0.5878129005432129,
            "hellaswag": 0.7021509408950806,
            "winograd": 0.7985348105430603,
            "winogrande": 0.6566693186759949,
            "bigbench_conlang_translation": 0.05487804859876633,
            "bigbench_language_identification": 0.24719999730587006,
            "bigbench_conceptual_combinations": 0.3106796145439148,
            "bigbench_elementary_math_qa": 0.24596436321735382,
            "bigbench_dyck_languages": 0.17499999701976776,
            "agi_eval_lsat_ar": 0.260869562625885,
            "bigbench_cs_algorithms": 0.4598484933376312,
            "bigbench_logical_deduction": 0.24199999868869781,
            "bigbench_operators": 0.20000000298023224,
            "bigbench_repeat_copy_logic": 0.125,
            "simple_arithmetic_nospaces": 0.03200000151991844,
            "simple_arithmetic_withspaces": 0.03099999949336052,
            "math_qa": 0.2467314749956131,
            "logi_qa": 0.25652840733528137,
            "pubmed_qa_labeled": 0.5109999775886536,
            "squad": 0.512393593788147,
            "agi_eval_lsat_rc": 0.28358209133148193,
            "agi_eval_lsat_lr": 0.2647058963775635,
            "coqa": 0.37204059958457947,
            "bigbench_understanding_fables": 0.2380952388048172,
            "boolq": 0.6782874464988708,
            "agi_eval_sat_en": 0.3009708821773529,
            "winogender_mc_female": 0.5333333611488342,
            "winogender_mc_male": 0.550000011920929,
            "enterprise_pii_classification": 0.5219440460205078,
            "bbq": 0.5304466919465498,
            "gpqa_main": 0.2410714328289032,
            "gpqa_diamond": 0.2373737394809723
        }
    },
    "missing tasks": "[]",
    "aggregated_task_categories_centered": {
        "commonsense reasoning": 0.30387013118322204,
        "language understanding": 0.37506975511722146,
        "reading comprehension": 0.23122029968030883,
        "safety": 0.0678620555184104,
        "symbolic problem solving": 0.09835552619217329,
        "world knowledge": 0.26648097623161404
    },
    "aggregated_centered_results": 0.22062023330412078,
    "aggregated_results": 0.38951781046712475,
    "rw_small": 0.6820839047431946,
    "rw_small_centered": 0.4450203699675219,
    "95%_CI_above": 0.5013265562425187,
    "95%_CI_above_centered": 0.3388769639023433,
    "99%_CI_above": 0.5163724203472553,
    "99%_CI_above_centered": 0.386426121879065,
    "low_variance_datasets": 0.5041282564401627,
    "low_variance_datasets_centered": 0.3865795415610618,
    "model_uuid": "6246ccdf-d876-4e01-ad9a-df6861108bff",
    "_filename": "exp_data/evals/evaluation_fineweb_edu_sample_350BT-open_lm_7b_swiglutorch-warm=5000-lr=0p002-wd=0p05-cd=3e-05-bs=2048-mult=1-seed=125-tokens=137788211200_heavy.json",
    "Core": 0.3865795415610618,
    "Extended": 0.22062023330412078
}