{
    "name": "/opt/ml/code/eval/heavy",
    "uuid": "ab6a7bae-f1a0-4e92-907e-c1323513d177",
    "model": "open_lm_1b",
    "creation_date": "2024_01_16-15_29_02",
    "eval_metrics": {
        "icl": {
            "mmlu_zeroshot": 0.24352657219819857,
            "hellaswag_zeroshot": 0.4555865228176117,
            "jeopardy": 0.21392357498407363,
            "triviaqa_sm_sub": 0.00033333332976326346,
            "gsm8k": 0.005307050887495279,
            "agi_eval_sat_math": 0.004545454401522875,
            "aqua": 0.004081632476300001,
            "bigbench_qa_wikidata": 0.6169971823692322,
            "arc_easy": 0.5778619647026062,
            "arc_challenge": 0.28924915194511414,
            "bigbench_misconceptions": 0.47488585114479065,
            "copa": 0.6800000071525574,
            "siqa": 0.5127942562103271,
            "commonsense_qa": 0.21212121844291687,
            "piqa": 0.6730141639709473,
            "openbook_qa": 0.335999995470047,
            "bigbench_novel_concepts": 0.375,
            "bigbench_strange_stories": 0.5114942789077759,
            "bigbench_strategy_qa": 0.4884229004383087,
            "lambada_openai": 0.5437608957290649,
            "hellaswag": 0.4616610109806061,
            "winograd": 0.732600748538971,
            "winogrande": 0.5516968965530396,
            "bigbench_conlang_translation": 0.012195121496915817,
            "bigbench_language_identification": 0.25529998540878296,
            "bigbench_conceptual_combinations": 0.3106796145439148,
            "bigbench_elementary_math_qa": 0.2435796707868576,
            "bigbench_dyck_languages": 0.2409999966621399,
            "agi_eval_lsat_ar": 0.28260868787765503,
            "bigbench_cs_algorithms": 0.45530304312705994,
            "bigbench_logical_deduction": 0.2540000081062317,
            "bigbench_operators": 0.1666666716337204,
            "bigbench_repeat_copy_logic": 0.03125,
            "simple_arithmetic_nospaces": 0.0020000000949949026,
            "simple_arithmetic_withspaces": 0.0020000000949949026,
            "math_qa": 0.2470667064189911,
            "logi_qa": 0.27342548966407776,
            "pubmed_qa_labeled": 0.3100000023841858,
            "squad": 0.356859028339386,
            "agi_eval_lsat_rc": 0.25746268033981323,
            "agi_eval_lsat_lr": 0.2705882489681244,
            "coqa": 0.2699486315250397,
            "bigbench_understanding_fables": 0.25925925374031067,
            "boolq": 0.48654434084892273,
            "agi_eval_sat_en": 0.24757280945777893,
            "winogender_mc_female": 0.4166666567325592,
            "winogender_mc_male": 0.5,
            "enterprise_pii_classification": 0.5369661450386047,
            "bbq": 0.4761679037050767,
            "mmlu_fewshot": 0.24994173985824247,
            "gsm8k_cot": 0.009855951182544231,
            "agi_eval_sat_math_cot": 0.0181818176060915,
            "aqua_cot": 0.004081632476300001,
            "svamp_cot": 0.05000000074505806,
            "gpqa_main": 0.2321428507566452,
            "gpqa_diamond": 0.2222222238779068
        }
    },
    "model_uuid": "8a81fa72-0871-4721-bc99-efff24bdebf6",
    "aggregated_task_categories_centered": {
        "commonsense reasoning": 0.1654984363290048,
        "language understanding": 0.2428169454943811,
        "reading comprehension": 0.10206375424668454,
        "safety": -0.03509964726187967,
        "symbolic problem solving": 0.08460669378031334,
        "world knowledge": 0.12009517974242682
    },
    "aggregated_centered_results": 0.12099408874796251,
    "aggregated_results": 0.31891447998839395,
    "rw_small": 0.5068231473366419,
    "95%_CI_above": 0.4073327067658886,
    "99%_CI_above": 0.4122443426562392,
    "low_variance_datasets": 0.4040888054127043,
    "_filename": "exp_data/evals/evaluation_rpj_rpjCC_as_CC-open_lm_1b-warm=5000-lr=0p003-wd=0p033-cd=3e-05-bs=256-mult=1-seed=124_heavy.json",
    "missing tasks": "[]",
    "rw_small_centered": 0.14596525950041433,
    "95%_CI_above_centered": 0.20412452272482037,
    "99%_CI_above_centered": 0.23834593146471098,
    "low_variance_datasets_centered": 0.2399441904537497,
    "Core": 0.2399441904537497,
    "Extended": 0.12099408874796251
}