{
    "name": "/mnt/task_runtime/dcnlp/eval/heavy",
    "uuid": "f8cbdf37-40c0-4de4-ad3d-5def154f079a",
    "model": "open_lm_7b_swiglutorch",
    "creation_date": "2024_06_03-07_21_50",
    "eval_metrics": {
        "icl": {
            "mmlu_zeroshot": 0.26843325401607315,
            "hellaswag_zeroshot": 0.6014738082885742,
            "jeopardy": 0.4775877594947815,
            "triviaqa_sm_sub": 0.5173333287239075,
            "gsm8k_cot": 0.009855951182544231,
            "agi_eval_sat_math_cot": 0.022727273404598236,
            "aqua_cot": 0.01224489789456129,
            "svamp_cot": 0.06666667014360428,
            "bigbench_qa_wikidata": 0.7251611351966858,
            "arc_easy": 0.7239057421684265,
            "arc_challenge": 0.447098970413208,
            "mmlu_fewshot": 0.2698562634095811,
            "bigbench_misconceptions": 0.49771690368652344,
            "copa": 0.7400000095367432,
            "siqa": 0.4948822855949402,
            "commonsense_qa": 0.2841932773590088,
            "piqa": 0.745375394821167,
            "openbook_qa": 0.40400001406669617,
            "bigbench_novel_concepts": 0.5625,
            "bigbench_strange_stories": 0.5344827771186829,
            "bigbench_strategy_qa": 0.5224989056587219,
            "lambada_openai": 0.6072190999984741,
            "hellaswag": 0.6123282313346863,
            "winograd": 0.8021978139877319,
            "winogrande": 0.6306235194206238,
            "bigbench_conlang_translation": 0.024390242993831635,
            "bigbench_language_identification": 0.25200000405311584,
            "bigbench_conceptual_combinations": 0.20388349890708923,
            "bigbench_elementary_math_qa": 0.2477201223373413,
            "bigbench_dyck_languages": 0.21400000154972076,
            "agi_eval_lsat_ar": 0.269565224647522,
            "bigbench_cs_algorithms": 0.3636363744735718,
            "bigbench_logical_deduction": 0.24266666173934937,
            "bigbench_operators": 0.20000000298023224,
            "bigbench_repeat_copy_logic": 0.09375,
            "simple_arithmetic_nospaces": 0.009999999776482582,
            "simple_arithmetic_withspaces": 0.017000000923871994,
            "math_qa": 0.2567884624004364,
            "logi_qa": 0.299539178609848,
            "pubmed_qa_labeled": 0.3709999918937683,
            "squad": 0.49716177582740784,
            "agi_eval_lsat_rc": 0.2276119440793991,
            "agi_eval_lsat_lr": 0.25294119119644165,
            "coqa": 0.3635224997997284,
            "bigbench_understanding_fables": 0.19576719403266907,
            "boolq": 0.6412844061851501,
            "agi_eval_sat_en": 0.30582523345947266,
            "winogender_mc_female": 0.6166666746139526,
            "winogender_mc_male": 0.44999998807907104,
            "enterprise_pii_classification": 0.5328423976898193,
            "bbq": 0.46400110017169605,
            "gpqa_main": 0.2142857164144516,
            "gpqa_diamond": 0.20202019810676575
        }
    },
    "aggregated_task_categories_centered": {
        "commonsense reasoning": 0.2613895250515066,
        "language understanding": 0.32057713884327504,
        "reading comprehension": 0.18219123987415642,
        "safety": 0.03175508027726953,
        "symbolic problem solving": 0.08808475929784447,
        "world knowledge": 0.254964955682643
    },
    "aggregated_centered_results": 0.1907774433500883,
    "aggregated_results": 0.3700044032804293,
    "rw_small": 0.630731076002121,
    "rw_small_centered": 0.36009389127207075,
    "95%_CI_above": 0.4785839333743244,
    "95%_CI_above_centered": 0.3042917843448999,
    "99%_CI_above": 0.49338815004929254,
    "99%_CI_above_centered": 0.35282908651685096,
    "low_variance_datasets": 0.486185684800148,
    "low_variance_datasets_centered": 0.3570682690383734,
    "model_uuid": "fb693d56-3f1d-4b9e-b594-3363bd2f1f17",
    "_filename": "exp_data/evals/evaluation_rw_v2_cc_v3_f0.15_resiliparse_fasttext_wiki_vs_rw_v2_bigram_200k_train_0.1-open_lm_7b_swiglutorch-warm=5000-lr=0p0003-wd=0p33-cd=3e-05-bs=2048-mult=1-seed=124-tokens=137788211200_heavy.json",
    "missing tasks": "[]",
    "Core": 0.3570682690383734,
    "Extended": 0.1907774433500883
}