{
    "name": "../eval/heavy",
    "uuid": "27499867-df87-44db-b8e6-6a6eadc74f6c",
    "model": "togethercomputer/RedPajama-INCITE-7B-Base",
    "creation_date": "2024_06_03-22_41_32",
    "eval_metrics": {
        "icl": {
            "mmlu_zeroshot": 0.248767642859827,
            "hellaswag_zeroshot": 0.7041426301002502,
            "jeopardy": 0.47113447487354276,
            "bigbench_qa_wikidata": 0.7254072427749634,
            "arc_easy": 0.7327440977096558,
            "arc_challenge": 0.42320817708969116,
            "mmlu_fewshot": 0.25205653853583754,
            "bigbench_misconceptions": 0.49771690368652344,
            "copa": 0.8100000023841858,
            "siqa": 0.5235414505004883,
            "commonsense_qa": 0.23587223887443542,
            "piqa": 0.7801958918571472,
            "openbook_qa": 0.41600000858306885,
            "bigbench_novel_concepts": 0.53125,
            "bigbench_strange_stories": 0.6609195470809937,
            "bigbench_strategy_qa": 0.5395368933677673,
            "lambada_openai": 0.7141470909118652,
            "hellaswag": 0.7186815142631531,
            "winograd": 0.8644688725471497,
            "winogrande": 0.6440410614013672,
            "bigbench_conlang_translation": 0.060975611209869385,
            "bigbench_language_identification": 0.24969999492168427,
            "bigbench_conceptual_combinations": 0.3883495032787323,
            "bigbench_elementary_math_qa": 0.2577567994594574,
            "bigbench_dyck_languages": 0.32600000500679016,
            "agi_eval_lsat_ar": 0.24347825348377228,
            "bigbench_cs_algorithms": 0.4674242436885834,
            "bigbench_logical_deduction": 0.2240000069141388,
            "bigbench_operators": 0.27142858505249023,
            "bigbench_repeat_copy_logic": 0.09375,
            "simple_arithmetic_nospaces": 0.0430000014603138,
            "simple_arithmetic_withspaces": 0.032999999821186066,
            "math_qa": 0.25779417157173157,
            "logi_qa": 0.24116744101047516,
            "pubmed_qa_labeled": 0.5680000185966492,
            "squad": 0.5441816449165344,
            "agi_eval_lsat_rc": 0.25746268033981323,
            "agi_eval_lsat_lr": 0.2568627595901489,
            "coqa": 0.42164599895477295,
            "bigbench_understanding_fables": 0.22751322388648987,
            "boolq": 0.560244619846344,
            "agi_eval_sat_en": 0.2572815418243408,
            "winogender_mc_female": 0.5166666507720947,
            "winogender_mc_male": 0.4166666567325592,
            "enterprise_pii_classification": 0.5552282929420471,
            "bbq": 0.4542135840112513,
            "gpqa_main": 0.2366071492433548,
            "gpqa_diamond": 0.23232322931289673,
            "gsm8k_cot": 0.024260804057121277,
            "agi_eval_sat_math_cot": 0.00909090880304575,
            "aqua_cot": 0.020408162847161293,
            "svamp_cot": 0.14666666090488434,
            "triviaqa_sm_sub": 0.5173333287239075
        }
    },
    "aggregated_task_categories_centered": {
        "commonsense reasoning": 0.3184012692288562,
        "language understanding": 0.4227035275042647,
        "reading comprehension": 0.19544796428332725,
        "safety": -0.028612407771023834,
        "symbolic problem solving": 0.10828795031852782,
        "world knowledge": 0.2543584633413811
    },
    "aggregated_centered_results": 0.21784672349507964,
    "aggregated_results": 0.3938549964638973,
    "rw_small": 0.6457300980885824,
    "rw_small_centered": 0.3718262778388129,
    "95%_CI_above": 0.5159265138402388,
    "95%_CI_above_centered": 0.34735092983538546,
    "99%_CI_above": 0.5344097811242808,
    "99%_CI_above_centered": 0.3990997057570063,
    "low_variance_datasets": 0.5189953022382476,
    "low_variance_datasets_centered": 0.3943374582313441,
    "_filename": "exp_data/evals/evaluation_togethercomputer_RedPajama-INCITE-7B-Base.json",
    "missing tasks": "[]",
    "Core": 0.3943374582313441,
    "Extended": 0.21784672349507964
}