{
    "name": "/home/ubuntu/research/openlm/dcnlp/eval/heavy",
    "uuid": "5f971c96-25ec-4762-8656-8bf331195c47",
    "model": "d=1024_l=24_h=8",
    "creation_date": "2024_04_28-03_30_05",
    "eval_metrics": {
        "perplexity": 3.659498624006907,
        "downstream_perpexity": {
            "mmlu": 4.671496068967779,
            "hellaswag": 2.6572029300715148,
            "jeopardy_all": 3.371321959263545,
            "triviaqa_sm_sub": 3.6586726653575896,
            "gsm8k": 2.673432135780803,
            "agi_eval_sat_math": 3.2153244441205806,
            "aqua": 3.333262115595292,
            "svamp": 3.5696671001116433,
            "bigbench_qa_wikidata": 4.7308026618548285,
            "arc_easy": 3.4492815225212663,
            "arc_challenge": 3.40974997111148,
            "bigbench_misconceptions": 5.621940114182424,
            "copa": 2.9235366010665893,
            "siqa": 5.04960084547162,
            "commonsense_qa": 5.033684455987179,
            "piqa": 2.870740978710021,
            "openbook_qa": 4.68520430278778,
            "bigbench_novel_concepts": 3.3806373924016953,
            "bigbench_strange_stories": 3.835994989022441,
            "bigbench_strategy_qa": 2.259877217706503,
            "lambada_openai": 2.3610391674916444,
            "winograd_wsc": 2.8934223632236105,
            "winogrande": 3.3310770726900167,
            "bigbench_conlang_translation": 2.4694140313602073,
            "bigbench_language_identification": 4.194763191534677,
            "bigbench_conceptual_combinations": 0.7002669873746853,
            "bigbench_elementary_math_qa": 3.6930759470855166,
            "bigbench_dyck_languages": 6.223578155994415,
            "agi_eval_lsat_ar": 5.128473638451617,
            "bigbench_cs_algorithms": 6.39785812515201,
            "bigbench_logical_deduction": 0.8342769031922023,
            "bigbench_operators": 5.646616470246088,
            "bigbench_repeat_copy_logic": 2.0216869674623013,
            "simple_arithmetic_nospaces": 7.35440629529953,
            "simple_arithmetic_withspaces": 6.6401065063476565,
            "math_qa": 4.396003908092768,
            "logi_qa": 3.984406775593208,
            "pubmed_qa_labeled": 6.978504987716675,
            "squad": 2.4535996696017435,
            "agi_eval_lsat_rc": 4.682285274142649,
            "agi_eval_lsat_lr": 4.739936017990113,
            "coqa": 2.633787206938642,
            "bigbench_understanding_fables": 4.547551561284949,
            "boolq": 4.488371339121361,
            "agi_eval_sat_en": 4.840347317815985,
            "winogender_mc_female": 1.4925357182820638,
            "winogender_mc_male": 1.5708851834138235,
            "enterprise_pii_classification": 5.0184962067583,
            "bbq": 0.4714875829471109,
            "human_eval_return_complex": 4.18973968160434,
            "human_eval_return_simple": 6.749118044569686,
            "human_eval-0.5": 4.021766937360531,
            "human_eval-0.25": 4.089769636712423,
            "human_eval-0.75": 4.268919685991799,
            "human_eval": 4.142163743333119,
            "processed_human_eval_cpp": 4.518223294560213,
            "processed_human_eval_js": 4.382520101419309
        },
        "icl": {
            "mmlu_zeroshot": 0.23198151562297553,
            "hellaswag_zeroshot": 0.38010355830192566,
            "jeopardy": 0.0010204545687884092,
            "triviaqa_sm_sub": 0.03400000184774399,
            "gsm8k": 0.0007581501267850399,
            "agi_eval_sat_math": 0.004545454401522875,
            "aqua": 0.004081632476300001,
            "bigbench_qa_wikidata": 0.4389055669307709,
            "arc_easy": 0.42171716690063477,
            "arc_challenge": 0.23208190500736237,
            "mmlu_fewshot": 0.24908833859259621,
            "bigbench_misconceptions": 0.4840182662010193,
            "copa": 0.6100000143051147,
            "siqa": 0.5174002051353455,
            "commonsense_qa": 0.3439803421497345,
            "piqa": 0.6784548163414001,
            "openbook_qa": 0.30799999833106995,
            "bigbench_novel_concepts": 0.4375,
            "bigbench_strange_stories": 0.4482758641242981,
            "bigbench_strategy_qa": 0.5255570411682129,
            "lambada_openai": 0.33456239104270935,
            "hellaswag": 0.38289186358451843,
            "winograd": 0.5824176073074341,
            "winogrande": 0.503551721572876,
            "bigbench_conlang_translation": 0.012195121496915817,
            "bigbench_language_identification": 0.25099998712539673,
            "bigbench_conceptual_combinations": 0.24271844327449799,
            "bigbench_elementary_math_qa": 0.2534591257572174,
            "bigbench_dyck_languages": 0.017000000923871994,
            "agi_eval_lsat_ar": 0.17826086282730103,
            "bigbench_cs_algorithms": 0.35681816935539246,
            "bigbench_logical_deduction": 0.25,
            "bigbench_operators": 0.10952381044626236,
            "bigbench_repeat_copy_logic": 0.0,
            "simple_arithmetic_nospaces": 0.0010000000474974513,
            "simple_arithmetic_withspaces": 0.003000000026077032,
            "math_qa": 0.25243043899536133,
            "logi_qa": 0.26574501395225525,
            "pubmed_qa_labeled": 0.5440000295639038,
            "squad": 0.0541154220700264,
            "agi_eval_lsat_rc": 0.24253731966018677,
            "agi_eval_lsat_lr": 0.23725490272045135,
            "coqa": 0.10046348720788956,
            "bigbench_understanding_fables": 0.25925925374031067,
            "boolq": 0.5287461876869202,
            "agi_eval_sat_en": 0.2864077687263489,
            "winogender_mc_female": 0.5,
            "winogender_mc_male": 0.5,
            "enterprise_pii_classification": 0.49248895049095154,
            "bbq": 0.4742392735047774,
            "gpqa_main": 0.2142857164144516,
            "gpqa_diamond": 0.19696970283985138,
            "gsm8k_cot": 0.0007581501267850399,
            "agi_eval_sat_math_cot": 0.004545454401522875,
            "aqua_cot": 0.0,
            "svamp_cot": 0.05999999865889549
        }
    },
    "aggregated_task_categories_centered": {
        "commonsense reasoning": 0.16940266341724985,
        "language understanding": 0.12945819726394134,
        "reading comprehension": 0.08509942053474093,
        "safety": -0.01663588800213553,
        "symbolic problem solving": 0.047633658030036344,
        "world knowledge": 0.05034616829198376
    },
    "aggregated_centered_results": 0.07968123115262825,
    "aggregated_results": 0.2836741741712802,
    "rw_small": 0.44603342562913895,
    "rw_small_centered": 0.06091645011427808,
    "95%_CI_above": 0.3408880035291643,
    "95%_CI_above_centered": 0.12560303246017748,
    "99%_CI_above": 0.330395840300733,
    "99%_CI_above_centered": 0.1406936856456638,
    "low_variance_datasets": 0.30970978790851816,
    "low_variance_datasets_centered": 0.13104520122277985,
    "model_uuid": "dbb82ae2-9221-4c52-b4d6-c65bd4e8c53c",
    "_filename": "exp_data/evals/evaluation_c4_original-d=1024_l=24_h=8-warm=2000-lr=0p003-wd=0p033-cd=3e-05-bs=512-mult=1-seed=124-tokens=8232325120_heavy.json",
    "missing tasks": "[]",
    "Core": 0.13104520122277985,
    "Extended": 0.07968123115262825
}