{
    "name": "/opt/ml/code/eval/heavy",
    "uuid": "760abdfe-15fa-4427-af27-6ecb45014ca0",
    "model": "open_lm_1b_arcade100k",
    "creation_date": "2024_03_06-12_57_34",
    "eval_metrics": {
        "icl": {
            "mmlu_zeroshot": 0.24593321613052435,
            "hellaswag_zeroshot": 0.5713005661964417,
            "jeopardy": 0.3069639265537262,
            "triviaqa_sm_sub": 0.00033333332976326346,
            "gsm8k": 0.016679301857948303,
            "agi_eval_sat_math": 0.004545454401522875,
            "aqua": 0.004081632476300001,
            "bigbench_qa_wikidata": 0.6207863688468933,
            "arc_easy": 0.6620370149612427,
            "arc_challenge": 0.34812286496162415,
            "bigbench_misconceptions": 0.49771690368652344,
            "copa": 0.7099999785423279,
            "siqa": 0.5071647763252258,
            "commonsense_qa": 0.229320228099823,
            "piqa": 0.7393906712532043,
            "openbook_qa": 0.38600000739097595,
            "bigbench_novel_concepts": 0.53125,
            "bigbench_strange_stories": 0.5804597735404968,
            "bigbench_strategy_qa": 0.5316731929779053,
            "lambada_openai": 0.5806326270103455,
            "hellaswag": 0.570802628993988,
            "winograd": 0.7692307829856873,
            "winogrande": 0.5643251538276672,
            "bigbench_conlang_translation": 0.0,
            "bigbench_language_identification": 0.2590000033378601,
            "bigbench_conceptual_combinations": 0.3009708821773529,
            "bigbench_elementary_math_qa": 0.25568658113479614,
            "bigbench_dyck_languages": 0.009999999776482582,
            "agi_eval_lsat_ar": 0.208695650100708,
            "bigbench_cs_algorithms": 0.4575757682323456,
            "bigbench_logical_deduction": 0.2613333463668823,
            "bigbench_operators": 0.21904762089252472,
            "bigbench_repeat_copy_logic": 0.03125,
            "simple_arithmetic_nospaces": 0.006000000052154064,
            "simple_arithmetic_withspaces": 0.007000000216066837,
            "math_qa": 0.2567884624004364,
            "logi_qa": 0.24116744101047516,
            "pubmed_qa_labeled": 0.3840000033378601,
            "squad": 0.37578052282333374,
            "agi_eval_lsat_rc": 0.23880596458911896,
            "agi_eval_lsat_lr": 0.24705882370471954,
            "coqa": 0.29061755537986755,
            "bigbench_understanding_fables": 0.2380952388048172,
            "boolq": 0.6290519833564758,
            "agi_eval_sat_en": 0.2330097109079361,
            "winogender_mc_female": 0.4333333373069763,
            "winogender_mc_male": 0.5,
            "enterprise_pii_classification": 0.4642120897769928,
            "bbq": 0.495865214954723,
            "mmlu_fewshot": 0.25176423212938137,
            "gsm8k_cot": 0.005307050887495279,
            "agi_eval_sat_math_cot": 0.00909090880304575,
            "aqua_cot": 0.0,
            "svamp_cot": 0.006666666828095913,
            "gpqa_main": 0.21875,
            "gpqa_diamond": 0.2222222238779068
        }
    },
    "aggregated_task_categories_centered": {
        "commonsense reasoning": 0.25202624589067024,
        "language understanding": 0.2945827194976203,
        "reading comprehension": 0.1508144256822242,
        "safety": -0.05329467898065393,
        "symbolic problem solving": 0.06270476063611369,
        "world knowledge": 0.1521956838851002
    },
    "aggregated_centered_results": 0.14771201247234358,
    "aggregated_results": 0.33418096790153246,
    "rw_small": 0.5808062603076299,
    "rw_small_centered": 0.2801808669553166,
    "95%_CI_above": 0.4367882408721783,
    "95%_CI_above_centered": 0.2520571624345008,
    "99%_CI_above": 0.44039756579567557,
    "99%_CI_above_centered": 0.2852172483571448,
    "low_variance_datasets": 0.4336332692510702,
    "low_variance_datasets_centered": 0.29238140976557647,
    "model_uuid": "41188528-0f94-4d88-ac8a-f0c166045a42",
    "_filename": "exp_data/evals/evaluation_rw_v2_fasttext_openhermes_vs_rw_v2_bigram_0.1_arcade100k-open_lm_1b_arcade100k-warm=5000-lr=0p003-wd=0p033-cd=3e-05-bs=256-mult=1-seed=124-tokens=28795904000_heavy.json",
    "missing tasks": "[]",
    "Core": 0.29238140976557647,
    "Extended": 0.14771201247234358
}