{
    "name": "/mnt/task_runtime/dcnlp/eval/heavy",
    "uuid": "bcd4f1b9-f272-4cb9-816e-00055b5efedc",
    "model": "open_lm_1b_swiglutorch",
    "creation_date": "2024_06_02-05_23_58",
    "eval_metrics": {
        "icl": {
            "mmlu_zeroshot": 0.2414426766989524,
            "hellaswag_zeroshot": 0.4619597792625427,
            "jeopardy": 0.32387701869010926,
            "triviaqa_sm_sub": 0.2473333328962326,
            "gsm8k_cot": 0.007581501267850399,
            "agi_eval_sat_math_cot": 0.013636363670229912,
            "aqua_cot": 0.008163264952600002,
            "bigbench_qa_wikidata": 0.6570050716400146,
            "arc_easy": 0.6384680271148682,
            "arc_challenge": 0.3310580253601074,
            "mmlu_fewshot": 0.25284162686582196,
            "bigbench_misconceptions": 0.4611872136592865,
            "copa": 0.7099999785423279,
            "siqa": 0.48618218302726746,
            "commonsense_qa": 0.19656018912792206,
            "piqa": 0.6741023063659668,
            "openbook_qa": 0.36800000071525574,
            "bigbench_novel_concepts": 0.5,
            "bigbench_strange_stories": 0.522988498210907,
            "bigbench_strategy_qa": 0.49890783429145813,
            "lambada_openai": 0.48767706751823425,
            "hellaswag": 0.46903008222579956,
            "winograd": 0.7142857313156128,
            "winogrande": 0.5382794141769409,
            "bigbench_conlang_translation": 0.024390242993831635,
            "bigbench_language_identification": 0.25060001015663147,
            "bigbench_conceptual_combinations": 0.3106796145439148,
            "bigbench_elementary_math_qa": 0.2422693967819214,
            "bigbench_dyck_languages": 0.1589999943971634,
            "agi_eval_lsat_ar": 0.25217390060424805,
            "bigbench_cs_algorithms": 0.37272727489471436,
            "bigbench_logical_deduction": 0.25333333015441895,
            "bigbench_operators": 0.17619048058986664,
            "bigbench_repeat_copy_logic": 0.03125,
            "simple_arithmetic_nospaces": 0.004999999888241291,
            "simple_arithmetic_withspaces": 0.004000000189989805,
            "math_qa": 0.23734495043754578,
            "logi_qa": 0.27342548966407776,
            "pubmed_qa_labeled": 0.4690000116825104,
            "squad": 0.3763481676578522,
            "agi_eval_lsat_rc": 0.2761194109916687,
            "agi_eval_lsat_lr": 0.2666666805744171,
            "coqa": 0.28109732270240784,
            "bigbench_understanding_fables": 0.23280423879623413,
            "boolq": 0.5596330165863037,
            "agi_eval_sat_en": 0.24757280945777893,
            "winogender_mc_female": 0.4833333194255829,
            "winogender_mc_male": 0.38333332538604736,
            "enterprise_pii_classification": 0.522533118724823,
            "bbq": 0.45575151118365204,
            "gpqa_main": 0.2321428507566452,
            "gpqa_diamond": 0.21717171370983124,
            "svamp_cot": 0.03999999910593033
        }
    },
    "aggregated_task_categories_centered": {
        "commonsense reasoning": 0.196211156354559,
        "language understanding": 0.23104180897533794,
        "reading comprehension": 0.14797958478396922,
        "safety": -0.07752436263994736,
        "symbolic problem solving": 0.07024288686825872,
        "world knowledge": 0.17014230778865647
    },
    "aggregated_centered_results": 0.13295904398606767,
    "aggregated_results": 0.32917847867235017,
    "rw_small": 0.5398997068405151,
    "rw_small_centered": 0.20772434640349002,
    "95%_CI_above": 0.42175072962781046,
    "95%_CI_above_centered": 0.2243774697272609,
    "99%_CI_above": 0.42479373825633004,
    "99%_CI_above_centered": 0.25707181987361905,
    "low_variance_datasets": 0.41042376634749494,
    "low_variance_datasets_centered": 0.2533710534950122,
    "model_uuid": "5d68005b-6bad-48fb-af98-8349cbbf8d74",
    "_filename": "exp_data/evals/evaluation_rw_v2_cc_v3_f0.15_resiliparase_fasttext_wiki_vs_rw_v2_bigram_200k_train_0.1-open_lm_1b_swiglutorch-warm=5000-lr=0p003-wd=0p033-cd=3e-05-bs=256-mult=1-seed=124-tokens=28795904000_heavy.json",
    "missing tasks": "[]",
    "Core": 0.2533710534950122,
    "Extended": 0.13295904398606767
}