{
    "name": "heavy",
    "uuid": "dbddd237-1d55-4eb2-8ad7-0cb76482f0a6",
    "model": "google/gemma-7b",
    "creation_date": "2024_02_28-13_15_05",
    "eval_metrics": {
        "icl": {
            "mmlu_zeroshot": 0.6192375777060526,
            "hellaswag_zeroshot": 0.7907787561416626,
            "jeopardy": 0.5235354423522949,
            "triviaqa_sm_sub": 0.6016666889190674,
            "gsm8k": 0.11978771537542343,
            "agi_eval_sat_math": 0.10454545170068741,
            "aqua": 0.05714285746216774,
            "gsm8k_cot": 0.5542077422142029,
            "agi_eval_sat_math_cot": 0.37272727489471436,
            "aqua_cot": 0.20408163964748383,
            "bigbench_qa_wikidata": 0.7415481805801392,
            "arc_easy": 0.8223905563354492,
            "arc_challenge": 0.5742321014404297,
            "bigbench_misconceptions": 0.7305936217308044,
            "copa": 0.8600000143051147,
            "siqa": 0.8085977435112,
            "commonsense_qa": 0.8034397959709167,
            "piqa": 0.828618049621582,
            "openbook_qa": 0.42399999499320984,
            "bigbench_novel_concepts": 0.75,
            "bigbench_strange_stories": 0.7988505959510803,
            "bigbench_strategy_qa": 0.648754894733429,
            "lambada_openai": 0.7263729572296143,
            "hellaswag": 0.8095000982284546,
            "winograd": 0.8901098966598511,
            "winogrande": 0.7426992654800415,
            "bigbench_conlang_translation": 0.16463415324687958,
            "bigbench_language_identification": 0.6043999791145325,
            "bigbench_conceptual_combinations": 0.8155339956283569,
            "bigbench_elementary_math_qa": 0.41755765676498413,
            "bigbench_dyck_languages": 0.42399999499320984,
            "agi_eval_lsat_ar": 0.291304349899292,
            "bigbench_cs_algorithms": 0.7371212244033813,
            "bigbench_logical_deduction": 0.367333322763443,
            "bigbench_operators": 0.6619047522544861,
            "bigbench_repeat_copy_logic": 0.53125,
            "simple_arithmetic_nospaces": 0.4309999942779541,
            "simple_arithmetic_withspaces": 0.4410000145435333,
            "math_qa": 0.2933288514614105,
            "logi_qa": 0.2457757294178009,
            "pubmed_qa_labeled": 0.0,
            "squad": 0.3140018880367279,
            "agi_eval_lsat_rc": 0.2761194109916687,
            "agi_eval_lsat_lr": 0.5411764979362488,
            "coqa": 0.49880996346473694,
            "bigbench_understanding_fables": 0.44973546266555786,
            "boolq": 0.8470947742462158,
            "agi_eval_sat_en": 0.3009708821773529,
            "winogender_mc_female": 0.6499999761581421,
            "winogender_mc_male": 0.6166666746139526,
            "enterprise_pii_classification": 0.8721649646759033,
            "bbq": 0.6311082406477495,
            "mmlu_fewshot": 0.6428348463878297,
            "svamp_cot": 0.5699999928474426,
            "gpqa_main": 0.2790178656578064,
            "gpqa_diamond": 0.26767677068710327
        }
    },
    "aggregated_task_categories_centered": {
        "commonsense reasoning": 0.582410867841191,
        "language understanding": 0.6178132114282372,
        "reading comprehension": 0.28902250864918816,
        "safety": 0.3849699280478738,
        "symbolic problem solving": 0.3737342615922292,
        "world knowledge": 0.4601790512932672
    },
    "aggregated_centered_results": 0.44644635570484037,
    "aggregated_results": 0.5624427380869905,
    "rw_small": 0.772865911324819,
    "95%_CI_above": 0.6359303529192875,
    "99%_CI_above": 0.6397772617962049,
    "low_variance_datasets": 0.6566869107159701,
    "_filename": "exp_data/evals/gemma7b_heavy.json",
    "missing tasks": "[]",
    "rw_small_centered": 0.6199252675151267,
    "95%_CI_above_centered": 0.5312285643898494,
    "99%_CI_above_centered": 0.5611440059544929,
    "low_variance_datasets_centered": 0.5784899392851446,
    "Core": 0.5784899392851446,
    "Extended": 0.44644635570484037
}